train_set,test_set,feature_set,accuracy_mean,accuracy_std,f1_weighted_mean,f1_weighted_std,precision_weighted_mean,precision_weighted_std,recall_weighted_mean,recall_weighted_std,kappa_mean,kappa_std
all_languages,bikol_test,all,78.00002,14.259514952024139,0.7588,0.16798273720832155,0.7802,0.14274697895227065,0.1246,0.09355907224849977,0.6450400000000001,0.2328494642467532
all_languages,bikol_test,all_xlmr,75.33336,11.925706594495773,0.7445999999999999,0.13573614109735102,0.7535999999999999,0.11936414872146495,0.1278,0.06532763580598949,0.60884,0.1853366477521378
all_languages,bikol_test,mbert,73.33332,14.90711612324798,0.7098,0.17048518997261905,0.7332000000000001,0.14903422425738327,0.1588,0.0965334139042021,0.5675000000000001,0.2472507431738073
all_languages,bikol_test,xlmr,75.33333999999999,10.69787465915543,0.7482,0.12397257761295441,0.7534000000000001,0.1070154194497223,0.132,0.05821082373579676,0.60922,0.1667366396446804
all_languages,cebuano_test,all,75.05176,6.784404922172605,0.7518,0.0685361218628542,0.7504,0.0677997050141075,0.1412,0.04051172669734037,0.60408,0.10725761977593944
all_languages,cebuano_test,all_xlmr,73.64804,6.393965128384735,0.732,0.0688367634335026,0.7363999999999999,0.06381457513765956,0.1492,0.02451938009004306,0.5802400000000001,0.09920296366540667
all_languages,cebuano_test,mbert,74.2029,6.970306936211631,0.7426,0.06750407395113274,0.742,0.06959525845917955,0.145,0.03636619309193636,0.59046,0.10890628081061257
all_languages,cebuano_test,xlmr,75.0766,6.412400009746742,0.7468,0.0638764432322276,0.7508,0.06441816513996654,0.1386,0.023712865706194176,0.60372,0.09895340822831726
all_languages,tagalog_test,all,53.96225999999999,6.342527215392928,0.54,0.062405929205484975,0.5396,0.06360267289980823,0.242,0.035199431813596076,0.29962,0.09857325702237903
all_languages,tagalog_test,all_xlmr,54.717,5.966585489205699,0.5468,0.052770256774057896,0.5471999999999999,0.05976788435271908,0.23200000000000004,0.03222576608864404,0.31422,0.08772808558266845
all_languages,tagalog_test,mbert,51.698119999999996,6.617263418664848,0.5186,0.06578221644183171,0.517,0.06615134163416489,0.2542,0.03486688973797346,0.26698,0.0998930277847258
all_languages,tagalog_test,xlmr,53.20756,4.88386070726838,0.528,0.04864668539582117,0.532,0.048872282533149625,0.2412,0.029380265485526164,0.2907,0.07225991281478272
bi_bikol_tagalog,bikol_test,all,72.66666000000001,9.831951315379872,0.7226,0.12568333222826328,0.7266,0.09862454055659779,0.155,0.07576608740063065,0.55788,0.16797178929808426
bi_bikol_tagalog,bikol_test,all_xlmr,70.66668,4.346125988969946,0.6843999999999999,0.04595432515008789,0.7068,0.0433728025379961,0.154,0.027928480087537885,0.5301600000000001,0.06717237527436412
bi_bikol_tagalog,bikol_test,mbert,70.66666000000001,10.645800424016976,0.7024,0.13397126557586891,0.7066,0.10633343782648993,0.1662,0.08408150807401113,0.52564,0.18281126332915051
bi_bikol_tagalog,bikol_test,xlmr,69.33332,5.477213403456172,0.6849999999999999,0.06408978077665739,0.6931999999999999,0.05465070905303975,0.16219999999999998,0.04753104248804142,0.5086999999999999,0.09730321166333619
bi_bikol_tagalog,cebuano_test,all,57.0062,7.390451921229174,0.5740000000000001,0.06230971031869754,0.5702,0.07379498627955697,0.2284,0.058397773930176484,0.33164,0.12034568126858562
bi_bikol_tagalog,cebuano_test,all_xlmr,57.86336,5.75105879756067,0.5386,0.07586369355627233,0.5786,0.05752216963919215,0.22679999999999997,0.03307113545072197,0.33884,0.0815186665739817
bi_bikol_tagalog,cebuano_test,mbert,55.565239999999996,9.985584925681618,0.564,0.10076953904826597,0.5554,0.09983636611976622,0.22359999999999997,0.06984124855699532,0.31774,0.15849821134637448
bi_bikol_tagalog,cebuano_test,xlmr,57.296079999999996,4.226527865991189,0.53,0.05912698199637793,0.5728,0.04235799806412006,0.219,0.0189208879284245,0.33740000000000003,0.05611902529445785
bi_bikol_tagalog,tagalog_test,all,53.20756,6.724000360499692,0.5382,0.07347584637144372,0.5322,0.06719151732175721,0.24159999999999998,0.03953858874567984,0.29318,0.10245475586813917
bi_bikol_tagalog,tagalog_test,all_xlmr,58.86794,6.590274720980909,0.5982000000000001,0.07469069553833327,0.5886,0.06602120871356414,0.20779999999999998,0.03486688973797347,0.38,0.09932094441757991
bi_bikol_tagalog,tagalog_test,mbert,55.4717,8.071420360134884,0.5614,0.08456535933820658,0.5549999999999999,0.08076509146902516,0.229,0.04546977017755863,0.32778,0.1216795258044672
bi_bikol_tagalog,tagalog_test,xlmr,56.98116,4.5046732587391975,0.5788,0.05014179893063271,0.5698000000000001,0.04536187826799061,0.21800000000000003,0.02386419912756344,0.35102,0.06661611666856601
bi_cebuano_bikol,bikol_test,all,77.33332,10.903619174934528,0.787,0.11064131235664187,0.7732,0.10904677895288795,0.1296,0.060616004487263925,0.63422,0.17485461675346176
bi_cebuano_bikol,bikol_test,all_xlmr,79.33333999999999,9.249631223892118,0.8006,0.10369329775834123,0.7934,0.09256241137740527,0.1248,0.043785842460777206,0.66582,0.14488454714012808
bi_cebuano_bikol,bikol_test,mbert,76.66666000000001,12.018495006572163,0.7689999999999999,0.1332385079472147,0.7666000000000001,0.12009288072154821,0.1348,0.0649976922667259,0.6227199999999999,0.19508082171243793
bi_cebuano_bikol,bikol_test,xlmr,77.33333999999999,10.381609808839857,0.7626000000000001,0.13699744523165386,0.7734,0.10383785436920392,0.13319999999999999,0.043447669672837454,0.63472,0.16000799042547847
bi_cebuano_bikol,cebuano_test,all,75.07246,2.949527325352314,0.747,0.03589568219159513,0.7508,0.02952456604253483,0.1456,0.03353058305487693,0.6013999999999999,0.049120922222613016
bi_cebuano_bikol,cebuano_test,all_xlmr,73.63564,6.835931870857113,0.7384000000000001,0.06616116685790842,0.7362,0.0684667802660531,0.1478,0.032205589576966294,0.58216,0.1066922818201954
bi_cebuano_bikol,cebuano_test,mbert,74.78676,2.570742304860598,0.743,0.035135452181521774,0.7478,0.02554799405041423,0.1444,0.033989704323515384,0.59776,0.04388385808016431
bi_cebuano_bikol,cebuano_test,xlmr,71.06004,7.651547304499919,0.7110000000000001,0.07819846545808941,0.7106,0.0767710883080343,0.162,0.038373167708699786,0.5408999999999999,0.1197585278800637
bi_cebuano_bikol,tagalog_test,all,45.660360000000004,6.171884020945306,0.521,0.10033693238284694,0.4566,0.061784302213426345,0.28040000000000004,0.03146108707594193,0.17682,0.09415958262439357
bi_cebuano_bikol,tagalog_test,all_xlmr,44.5283,5.435778162324139,0.46959999999999996,0.04807078114613907,0.4452,0.05444446712017669,0.2774,0.02530414985728625,0.16812,0.07752249350994844
bi_cebuano_bikol,tagalog_test,mbert,45.660360000000004,7.938025702150379,0.48,0.16907394831847988,0.4566,0.07953175466441062,0.2794,0.04234737299998666,0.17854,0.1220573348881582
bi_cebuano_bikol,tagalog_test,xlmr,45.283,5.336676298971113,0.501,0.08828080199001362,0.45280000000000004,0.05347616291395632,0.2732,0.030334798499413184,0.17944,0.07751350204964294
bi_tagalog_cebuano,bikol_test,all,49.33332,16.89836711377759,0.7166,0.11153609281304414,0.4932,0.1687637401813553,0.1646,0.03625327571406479,0.29896,0.1916234536793448
bi_tagalog_cebuano,bikol_test,all_xlmr,53.33332,6.23611346208518,0.6858000000000001,0.0879954544280556,0.5332,0.06253958746266239,0.182,0.04452527372178638,0.32416,0.08967169564583909
bi_tagalog_cebuano,bikol_test,mbert,49.99998,16.329916309246656,0.7234,0.11152936832960186,0.4998,0.16314625340472882,0.1552,0.03034303874037668,0.31128,0.18510363853798228
bi_tagalog_cebuano,bikol_test,xlmr,51.33332,8.366586321015282,0.6646,0.12054998963085811,0.5132,0.08352664245616483,0.196,0.06609462913126905,0.29012000000000004,0.12877692728124865
bi_tagalog_cebuano,cebuano_test,all,72.76604,6.8509690860490755,0.7388,0.0598305941805695,0.7276,0.06870080057757694,0.1476,0.03216830738475371,0.57154,0.10574220065801547
bi_tagalog_cebuano,cebuano_test,all_xlmr,69.92544000000001,7.088704322582512,0.716,0.0640468578464237,0.6994,0.07071986990938263,0.15,0.024698178070456937,0.5313800000000001,0.10630210251918824
bi_tagalog_cebuano,cebuano_test,mbert,72.48032,7.166628629418444,0.7338,0.06790949859923866,0.7248,0.07179972144792762,0.149,0.04234973435571939,0.56622,0.11326767853187418
bi_tagalog_cebuano,cebuano_test,xlmr,70.78672,8.316847100434158,0.7256,0.07174817070838811,0.7081999999999999,0.08322679856873025,0.14579999999999999,0.027426264783962106,0.54552,0.12467416332183667
bi_tagalog_cebuano,tagalog_test,all,53.20756,6.724000360499692,0.5378000000000001,0.07454662970248889,0.5324,0.06717737714439292,0.2476,0.03868849958320948,0.28676,0.10468468369346111
bi_tagalog_cebuano,tagalog_test,all_xlmr,51.69812,6.617263418664848,0.5267999999999999,0.07022250351561103,0.5172,0.06612261337848042,0.24980000000000002,0.04732546883021869,0.26702,0.10933840587826403
bi_tagalog_cebuano,tagalog_test,mbert,52.45284,5.402972956437965,0.5252,0.07806855961268913,0.5246000000000001,0.0539193842694814,0.2544,0.032191613814781014,0.2725,0.08653973075992322
bi_tagalog_cebuano,tagalog_test,xlmr,51.32075999999999,4.504673258739193,0.5152,0.046975525542563144,0.5132,0.044902115763068434,0.2528,0.03358868857219645,0.26095999999999997,0.07499975333292772
mono_bikol,bikol_test,all,61.33332,34.92848789551303,0.6042,0.3433070054630403,0.6132,0.3491800395211616,0.1116,0.07627778182406722,0.49379999999999996,0.2973394104386433
mono_bikol,bikol_test,all_xlmr,62.66666,36.16320398171323,0.6228,0.36387731448937566,0.6266,0.3615692188226205,0.1136,0.0789512507817324,0.51484,0.3225868921701562
mono_bikol,bikol_test,mbert,59.33334,34.02613146131955,0.5972000000000001,0.34487055542623524,0.5934,0.34023859275514295,0.121,0.0786034350394434,0.46238,0.2853590843130809
mono_bikol,bikol_test,xlmr,60.66666,35.22940706601518,0.6048,0.3557775990699808,0.6066,0.35229575643200695,0.1252,0.08560782674498868,0.48312,0.31054527367197204
mono_bikol,cebuano_test,all,53.03934,29.80594733594287,0.515,0.29030415084872624,0.5304,0.2980424466414138,0.1734,0.10268544200615781,0.35982,0.2083126064356164
mono_bikol,cebuano_test,all_xlmr,50.74948,28.63370885009485,0.3236,0.3146312126919387,0.5074,0.28629145987961285,0.2156,0.12274893074890714,0.3045,0.1821586808252629
mono_bikol,cebuano_test,mbert,51.316779999999994,28.790631816738582,0.4984,0.28081541980453995,0.5132,0.28789789856822506,0.1694,0.10072636199128807,0.34026,0.19527710567293854
mono_bikol,cebuano_test,xlmr,50.17806,28.178388105922597,0.31320000000000003,0.30030434562290304,0.5016,0.281670552241444,0.2184,0.12325704847999565,0.29382,0.16940998199633928
mono_bikol,tagalog_test,all,28.30188,16.823153407343106,0.0,0.0,0.28300000000000003,0.16820374549931993,0.21399999999999997,0.1211342230750666,0.06656000000000001,0.06715130676315988
mono_bikol,tagalog_test,all_xlmr,24.90566,14.760453404045554,0.0,0.0,0.24900000000000003,0.14757709849431247,0.2138,0.11975057411135867,0.03306,0.04573934848683352
mono_bikol,tagalog_test,mbert,26.79246,16.08759974119819,0.052000000000000005,0.11627553482998908,0.26799999999999996,0.1609114663409665,0.21539999999999998,0.12112307790012604,0.0507,0.05745454725258916
mono_bikol,tagalog_test,xlmr,23.77358,14.094215401965446,0.0,0.0,0.23759999999999998,0.14083785002619145,0.217,0.12156479753612885,0.0195,0.0436033255612459
mono_cebuano,bikol_test,all,42.66666,27.82883077355209,0.5644,0.32203617809184104,0.4266,0.278176742377935,0.1244,0.07973894907759946,0.27422,0.22891198526944806
mono_cebuano,bikol_test,all_xlmr,45.33334,26.729104403683262,0.5810000000000001,0.33456015901478764,0.45339999999999997,0.26739913986398683,0.11639999999999999,0.07287523584867496,0.30988000000000004,0.1948461110723024
mono_cebuano,bikol_test,mbert,38.66666,25.66883280903127,0.5471999999999999,0.3163727232237318,0.38659999999999994,0.2567056680324764,0.135,0.08798295289429652,0.22178,0.20538575169665493
mono_cebuano,bikol_test,xlmr,44.0,25.210224997905115,0.5762,0.3306027828074047,0.44000000000000006,0.2520803443348965,0.1232,0.07473754076767579,0.29,0.1729123621954197
mono_cebuano,cebuano_test,all,58.505179999999996,33.04306046194874,0.593,0.33369297265600306,0.585,0.3304300228490141,0.1202,0.07034699709298188,0.4603,0.26629577540772215
mono_cebuano,cebuano_test,all_xlmr,70.50518,8.116173434691989,0.7184,0.0657746151642106,0.705,0.08116033513977133,0.15960000000000002,0.024172298194420818,0.5358,0.11832497623071812
mono_cebuano,cebuano_test,mbert,58.21532,33.26483170364762,0.5908,0.3354649012937121,0.5822,0.3327396880445734,0.123,0.07828473669879717,0.45446,0.27541571850568003
mono_cebuano,cebuano_test,xlmr,58.505179999999996,33.15097049396895,0.591,0.33345314513436514,0.5850000000000001,0.331487556327534,0.1204,0.06833959320920781,0.45872,0.2684850405516106
mono_cebuano,tagalog_test,all,32.83018,20.347632458642455,0.3402,0.21666033324076653,0.3282,0.20341263480914848,0.25739999999999996,0.15206182952996455,0.07282,0.14089848118414902
mono_cebuano,tagalog_test,all_xlmr,38.1132,22.100455705708875,0.388,0.22638794137497695,0.381,0.22094682618222872,0.225,0.1291704300527021,0.15764,0.12284817051954823
mono_cebuano,tagalog_test,mbert,33.20754,19.86066731225313,0.33799999999999997,0.20562465805442692,0.3322,0.19870505781182318,0.256,0.14816038606861148,0.07730000000000001,0.1142624829066829
mono_cebuano,tagalog_test,xlmr,36.226420000000005,21.027366147285306,0.3736,0.21490998115490123,0.36219999999999997,0.21027886246601202,0.23620000000000002,0.13524865988245502,0.12840000000000001,0.11024733556871114
mono_tagalog,bikol_test,all,34.0,22.77914494543199,0.28819999999999996,0.27206102256662934,0.33999999999999997,0.2279133607316605,0.25939999999999996,0.17112363951248816,0.08344,0.140002707116684
mono_tagalog,bikol_test,all_xlmr,32.0,18.04315505794372,0.4218,0.24989837934648554,0.32,0.18040094234787135,0.2532,0.14329933705359563,0.05564,0.03592691191850477
mono_tagalog,bikol_test,mbert,31.33334,21.0290864703629,0.2728,0.25101334625871985,0.3134,0.2103516104050549,0.27799999999999997,0.17513280674962073,0.04188,0.08379127042836862
mono_tagalog,bikol_test,xlmr,32.66666,18.469185748781673,0.29159999999999997,0.277136789329746,0.3266,0.18461392146856095,0.25880000000000003,0.14707719061771612,0.05836,0.03773940911037161
mono_tagalog,cebuano_test,all,35.82194,21.199569140857555,0.3546,0.21047280109315789,0.3584,0.21208323837587922,0.31179999999999997,0.18271617333996465,0.0523,0.1274256057470397
mono_tagalog,cebuano_test,all_xlmr,32.37682,19.754851360539263,0.3992,0.2235770560679248,0.3238,0.19762009007183454,0.1746,0.0993846064539172,0.12888,0.10419067616634418
mono_tagalog,cebuano_test,mbert,34.96068,21.065257633648823,0.3576,0.2096289579232793,0.3494,0.21058323769949022,0.3242,0.1896554771157427,0.033100000000000004,0.1350541928264354
mono_tagalog,cebuano_test,xlmr,31.801260000000003,20.179605004137223,0.42000000000000004,0.23787286520324255,0.31779999999999997,0.2017243168286858,0.1746,0.09837072735321216,0.12423999999999999,0.11495480851186696
mono_tagalog,tagalog_test,all,44.150940000000006,25.993943505516818,0.442,0.2602181776894151,0.44140000000000007,0.2598428371150531,0.1854,0.11225105790147369,0.2585,0.18837460019864674
mono_tagalog,tagalog_test,all_xlmr,46.79246,26.994987826409556,0.47359999999999997,0.2740926850537971,0.46820000000000006,0.27010960738189227,0.1708,0.1017826114815296,0.29867999999999995,0.19511380525221683
mono_tagalog,tagalog_test,mbert,43.7736,25.080871971285212,0.44020000000000004,0.25163803369125265,0.4378,0.2508529449697571,0.18460000000000001,0.10693829996778516,0.25438,0.16328814102683636
mono_tagalog,tagalog_test,xlmr,45.660399999999996,25.780808609506416,0.4636,0.2622657049634969,0.4566,0.2578416180526332,0.176,0.1000299955013495,0.28124000000000005,0.16614202659170857
