doc_id,language,label,split_role
0,tagalog,1,high_resource
1,tagalog,1,high_resource
2,tagalog,1,high_resource
3,tagalog,1,high_resource
4,tagalog,1,high_resource
5,tagalog,1,high_resource
6,tagalog,1,high_resource
7,tagalog,1,high_resource
8,tagalog,1,high_resource
9,tagalog,1,high_resource
10,tagalog,1,high_resource
11,tagalog,1,high_resource
12,tagalog,1,high_resource
13,tagalog,1,high_resource
14,tagalog,1,high_resource
15,tagalog,1,high_resource
16,tagalog,1,high_resource
17,tagalog,1,high_resource
18,tagalog,1,high_resource
19,tagalog,1,high_resource
20,tagalog,1,high_resource
21,tagalog,1,high_resource
22,tagalog,1,high_resource
23,tagalog,1,high_resource
24,tagalog,1,high_resource
25,tagalog,1,high_resource
26,tagalog,1,high_resource
27,tagalog,1,high_resource
28,tagalog,1,high_resource
29,tagalog,1,high_resource
30,tagalog,1,high_resource
31,tagalog,1,high_resource
32,tagalog,1,high_resource
33,tagalog,1,high_resource
34,tagalog,1,high_resource
35,tagalog,1,high_resource
36,tagalog,1,high_resource
37,tagalog,1,high_resource
38,tagalog,1,high_resource
39,tagalog,1,high_resource
40,tagalog,1,high_resource
41,tagalog,1,high_resource
42,tagalog,1,high_resource
43,tagalog,1,high_resource
44,tagalog,1,high_resource
45,tagalog,1,high_resource
46,tagalog,1,high_resource
47,tagalog,1,high_resource
48,tagalog,1,high_resource
49,tagalog,1,high_resource
50,tagalog,1,high_resource
51,tagalog,1,high_resource
52,tagalog,1,high_resource
53,tagalog,1,high_resource
54,tagalog,1,high_resource
55,tagalog,1,high_resource
56,tagalog,1,high_resource
57,tagalog,1,high_resource
58,tagalog,1,high_resource
59,tagalog,1,high_resource
60,tagalog,1,high_resource
61,tagalog,1,high_resource
62,tagalog,1,high_resource
63,tagalog,1,high_resource
64,tagalog,1,high_resource
65,tagalog,1,high_resource
66,tagalog,1,high_resource
67,tagalog,1,high_resource
68,tagalog,2,high_resource
69,tagalog,2,high_resource
70,tagalog,2,high_resource
71,tagalog,2,high_resource
72,tagalog,2,high_resource
73,tagalog,2,high_resource
74,tagalog,2,high_resource
75,tagalog,2,high_resource
76,tagalog,2,high_resource
77,tagalog,2,high_resource
78,tagalog,2,high_resource
79,tagalog,2,high_resource
80,tagalog,2,high_resource
81,tagalog,2,high_resource
82,tagalog,2,high_resource
83,tagalog,2,high_resource
84,tagalog,2,high_resource
85,tagalog,2,high_resource
86,tagalog,2,high_resource
87,tagalog,2,high_resource
88,tagalog,2,high_resource
89,tagalog,2,high_resource
90,tagalog,2,high_resource
91,tagalog,2,high_resource
92,tagalog,2,high_resource
93,tagalog,2,high_resource
94,tagalog,2,high_resource
95,tagalog,2,high_resource
96,tagalog,2,high_resource
97,tagalog,2,high_resource
98,tagalog,2,high_resource
99,tagalog,2,high_resource
100,tagalog,2,high_resource
101,tagalog,2,high_resource
102,tagalog,2,high_resource
103,tagalog,2,high_resource
104,tagalog,2,high_resource
105,tagalog,2,high_resource
106,tagalog,2,high_resource
107,tagalog,2,high_resource
108,tagalog,2,high_resource
109,tagalog,2,high_resource
110,tagalog,2,high_resource
111,tagalog,2,high_resource
112,tagalog,2,high_resource
113,tagalog,2,high_resource
114,tagalog,2,high_resource
115,tagalog,2,high_resource
116,tagalog,2,high_resource
117,tagalog,2,high_resource
118,tagalog,2,high_resource
119,tagalog,2,high_resource
120,tagalog,2,high_resource
121,tagalog,2,high_resource
122,tagalog,2,high_resource
123,tagalog,2,high_resource
124,tagalog,2,high_resource
125,tagalog,2,high_resource
126,tagalog,2,high_resource
127,tagalog,2,high_resource
128,tagalog,2,high_resource
129,tagalog,2,high_resource
130,tagalog,2,high_resource
131,tagalog,2,high_resource
132,tagalog,2,high_resource
133,tagalog,2,high_resource
134,tagalog,2,high_resource
135,tagalog,2,high_resource
136,tagalog,2,high_resource
137,tagalog,2,high_resource
138,tagalog,2,high_resource
139,tagalog,2,high_resource
140,tagalog,2,high_resource
141,tagalog,2,high_resource
142,tagalog,2,high_resource
143,tagalog,2,high_resource
144,tagalog,2,high_resource
145,tagalog,2,high_resource
146,tagalog,2,high_resource
147,tagalog,2,high_resource
148,tagalog,2,high_resource
149,tagalog,2,high_resource
150,tagalog,2,high_resource
151,tagalog,2,high_resource
152,tagalog,2,high_resource
153,tagalog,2,high_resource
154,tagalog,2,high_resource
155,tagalog,2,high_resource
156,tagalog,2,high_resource
157,tagalog,2,high_resource
158,tagalog,2,high_resource
159,tagalog,2,high_resource
160,tagalog,2,high_resource
161,tagalog,2,high_resource
162,tagalog,2,high_resource
163,tagalog,2,high_resource
164,tagalog,3,high_resource
165,tagalog,3,high_resource
166,tagalog,3,high_resource
167,tagalog,3,high_resource
168,tagalog,3,high_resource
169,tagalog,3,high_resource
170,tagalog,3,high_resource
171,tagalog,3,high_resource
172,tagalog,3,high_resource
173,tagalog,3,high_resource
174,tagalog,3,high_resource
175,tagalog,3,high_resource
176,tagalog,3,high_resource
177,tagalog,3,high_resource
178,tagalog,3,high_resource
179,tagalog,3,high_resource
180,tagalog,3,high_resource
181,tagalog,3,high_resource
182,tagalog,3,high_resource
183,tagalog,3,high_resource
184,tagalog,3,high_resource
185,tagalog,3,high_resource
186,tagalog,3,high_resource
187,tagalog,3,high_resource
188,tagalog,3,high_resource
189,tagalog,3,high_resource
190,tagalog,3,high_resource
191,tagalog,3,high_resource
192,tagalog,3,high_resource
193,tagalog,3,high_resource
194,tagalog,3,high_resource
195,tagalog,3,high_resource
196,tagalog,3,high_resource
197,tagalog,3,high_resource
198,tagalog,3,high_resource
199,tagalog,3,high_resource
200,tagalog,3,high_resource
201,tagalog,3,high_resource
202,tagalog,3,high_resource
203,tagalog,3,high_resource
204,tagalog,3,high_resource
205,tagalog,3,high_resource
206,tagalog,3,high_resource
207,tagalog,3,high_resource
208,tagalog,3,high_resource
209,tagalog,3,high_resource
210,tagalog,3,high_resource
211,tagalog,3,high_resource
212,tagalog,3,high_resource
213,tagalog,3,high_resource
214,tagalog,3,high_resource
215,tagalog,3,high_resource
216,tagalog,3,high_resource
217,tagalog,3,high_resource
218,tagalog,3,high_resource
219,tagalog,3,high_resource
220,tagalog,3,high_resource
221,tagalog,3,high_resource
222,tagalog,3,high_resource
223,tagalog,3,high_resource
224,tagalog,3,high_resource
225,tagalog,3,high_resource
226,tagalog,3,high_resource
227,tagalog,3,high_resource
228,tagalog,3,high_resource
229,tagalog,3,high_resource
230,tagalog,3,high_resource
231,tagalog,3,high_resource
232,tagalog,3,high_resource
233,tagalog,3,high_resource
234,tagalog,3,high_resource
235,tagalog,3,high_resource
236,tagalog,3,high_resource
237,tagalog,3,high_resource
238,tagalog,3,high_resource
239,cebuano,1,high_resource
240,cebuano,1,high_resource
241,cebuano,1,high_resource
242,cebuano,1,high_resource
243,cebuano,1,high_resource
244,cebuano,1,high_resource
245,cebuano,1,high_resource
246,cebuano,1,high_resource
247,cebuano,1,high_resource
248,cebuano,1,high_resource
249,cebuano,1,high_resource
250,cebuano,1,high_resource
251,cebuano,1,high_resource
252,cebuano,1,high_resource
253,cebuano,1,high_resource
254,cebuano,1,high_resource
255,cebuano,1,high_resource
256,cebuano,1,high_resource
257,cebuano,1,high_resource
258,cebuano,1,high_resource
259,cebuano,1,high_resource
260,cebuano,1,high_resource
261,cebuano,1,high_resource
262,cebuano,1,high_resource
263,cebuano,1,high_resource
264,cebuano,1,high_resource
265,cebuano,1,high_resource
266,cebuano,1,high_resource
267,cebuano,1,high_resource
268,cebuano,1,high_resource
269,cebuano,1,high_resource
270,cebuano,1,high_resource
271,cebuano,1,high_resource
272,cebuano,1,high_resource
273,cebuano,1,high_resource
274,cebuano,1,high_resource
275,cebuano,1,high_resource
276,cebuano,1,high_resource
277,cebuano,1,high_resource
278,cebuano,1,high_resource
279,cebuano,1,high_resource
280,cebuano,1,high_resource
281,cebuano,1,high_resource
282,cebuano,1,high_resource
283,cebuano,1,high_resource
284,cebuano,1,high_resource
285,cebuano,1,high_resource
286,cebuano,1,high_resource
287,cebuano,1,high_resource
288,cebuano,1,high_resource
289,cebuano,1,high_resource
290,cebuano,1,high_resource
291,cebuano,1,high_resource
292,cebuano,1,high_resource
293,cebuano,1,high_resource
294,cebuano,1,high_resource
295,cebuano,1,high_resource
296,cebuano,1,high_resource
297,cebuano,1,high_resource
298,cebuano,1,high_resource
299,cebuano,1,high_resource
300,cebuano,1,high_resource
301,cebuano,1,high_resource
302,cebuano,1,high_resource
303,cebuano,1,high_resource
304,cebuano,1,high_resource
305,cebuano,1,high_resource
306,cebuano,1,high_resource
307,cebuano,1,high_resource
308,cebuano,1,high_resource
309,cebuano,1,high_resource
310,cebuano,1,high_resource
311,cebuano,1,high_resource
312,cebuano,1,high_resource
313,cebuano,1,high_resource
314,cebuano,1,high_resource
315,cebuano,1,high_resource
316,cebuano,1,high_resource
317,cebuano,1,high_resource
318,cebuano,1,high_resource
319,cebuano,1,high_resource
320,cebuano,1,high_resource
321,cebuano,1,high_resource
322,cebuano,1,high_resource
323,cebuano,1,high_resource
324,cebuano,1,high_resource
325,cebuano,1,high_resource
326,cebuano,1,high_resource
327,cebuano,1,high_resource
328,cebuano,1,high_resource
329,cebuano,1,high_resource
330,cebuano,1,high_resource
331,cebuano,1,high_resource
332,cebuano,1,high_resource
333,cebuano,1,high_resource
334,cebuano,1,high_resource
335,cebuano,1,high_resource
336,cebuano,1,high_resource
337,cebuano,1,high_resource
338,cebuano,1,high_resource
339,cebuano,1,high_resource
340,cebuano,1,high_resource
341,cebuano,1,high_resource
342,cebuano,1,high_resource
343,cebuano,1,high_resource
344,cebuano,1,high_resource
345,cebuano,1,high_resource
346,cebuano,1,high_resource
347,cebuano,1,high_resource
348,cebuano,1,high_resource
349,cebuano,1,high_resource
350,cebuano,1,high_resource
351,cebuano,1,high_resource
352,cebuano,1,high_resource
353,cebuano,1,high_resource
354,cebuano,1,high_resource
355,cebuano,1,high_resource
356,cebuano,1,high_resource
357,cebuano,1,high_resource
358,cebuano,1,high_resource
359,cebuano,1,high_resource
360,cebuano,1,high_resource
361,cebuano,1,high_resource
362,cebuano,1,high_resource
363,cebuano,1,high_resource
364,cebuano,1,high_resource
365,cebuano,1,high_resource
366,cebuano,1,high_resource
367,cebuano,1,high_resource
368,cebuano,1,high_resource
369,cebuano,1,high_resource
370,cebuano,1,high_resource
371,cebuano,1,high_resource
372,cebuano,1,high_resource
373,cebuano,1,high_resource
374,cebuano,1,high_resource
375,cebuano,1,high_resource
376,cebuano,1,high_resource
377,cebuano,1,high_resource
378,cebuano,1,high_resource
379,cebuano,1,high_resource
380,cebuano,1,high_resource
381,cebuano,1,high_resource
382,cebuano,1,high_resource
383,cebuano,1,high_resource
384,cebuano,1,high_resource
385,cebuano,1,high_resource
386,cebuano,1,high_resource
387,cebuano,1,high_resource
388,cebuano,1,high_resource
389,cebuano,1,high_resource
390,cebuano,1,high_resource
391,cebuano,1,high_resource
392,cebuano,1,high_resource
393,cebuano,1,high_resource
394,cebuano,1,high_resource
395,cebuano,1,high_resource
396,cebuano,1,high_resource
397,cebuano,1,high_resource
398,cebuano,1,high_resource
399,cebuano,1,high_resource
400,cebuano,1,high_resource
401,cebuano,1,high_resource
402,cebuano,1,high_resource
403,cebuano,2,high_resource
404,cebuano,2,high_resource
405,cebuano,2,high_resource
406,cebuano,2,high_resource
407,cebuano,2,high_resource
408,cebuano,2,high_resource
409,cebuano,2,high_resource
410,cebuano,2,high_resource
411,cebuano,2,high_resource
412,cebuano,2,high_resource
413,cebuano,2,high_resource
414,cebuano,2,high_resource
415,cebuano,2,high_resource
416,cebuano,2,high_resource
417,cebuano,2,high_resource
418,cebuano,2,high_resource
419,cebuano,2,high_resource
420,cebuano,2,high_resource
421,cebuano,2,high_resource
422,cebuano,2,high_resource
423,cebuano,2,high_resource
424,cebuano,2,high_resource
425,cebuano,2,high_resource
426,cebuano,2,high_resource
427,cebuano,2,high_resource
428,cebuano,2,high_resource
429,cebuano,2,high_resource
430,cebuano,2,high_resource
431,cebuano,2,high_resource
432,cebuano,2,high_resource
433,cebuano,2,high_resource
434,cebuano,2,high_resource
435,cebuano,2,high_resource
436,cebuano,2,high_resource
437,cebuano,2,high_resource
438,cebuano,2,high_resource
439,cebuano,2,high_resource
440,cebuano,2,high_resource
441,cebuano,2,high_resource
442,cebuano,2,high_resource
443,cebuano,2,high_resource
444,cebuano,2,high_resource
445,cebuano,2,high_resource
446,cebuano,2,high_resource
447,cebuano,2,high_resource
448,cebuano,2,high_resource
449,cebuano,2,high_resource
450,cebuano,2,high_resource
451,cebuano,2,high_resource
452,cebuano,2,high_resource
453,cebuano,2,high_resource
454,cebuano,2,high_resource
455,cebuano,2,high_resource
456,cebuano,2,high_resource
457,cebuano,2,high_resource
458,cebuano,2,high_resource
459,cebuano,2,high_resource
460,cebuano,2,high_resource
461,cebuano,2,high_resource
462,cebuano,2,high_resource
463,cebuano,2,high_resource
464,cebuano,2,high_resource
465,cebuano,2,high_resource
466,cebuano,2,high_resource
467,cebuano,2,high_resource
468,cebuano,2,high_resource
469,cebuano,2,high_resource
470,cebuano,2,high_resource
471,cebuano,2,high_resource
472,cebuano,2,high_resource
473,cebuano,2,high_resource
474,cebuano,2,high_resource
475,cebuano,2,high_resource
476,cebuano,2,high_resource
477,cebuano,2,high_resource
478,cebuano,2,high_resource
479,cebuano,2,high_resource
480,cebuano,2,high_resource
481,cebuano,2,high_resource
482,cebuano,2,high_resource
483,cebuano,2,high_resource
484,cebuano,2,high_resource
485,cebuano,2,high_resource
486,cebuano,2,high_resource
487,cebuano,2,high_resource
488,cebuano,2,high_resource
489,cebuano,2,high_resource
490,cebuano,2,high_resource
491,cebuano,2,high_resource
492,cebuano,2,high_resource
493,cebuano,2,high_resource
494,cebuano,2,high_resource
495,cebuano,2,high_resource
496,cebuano,2,high_resource
497,cebuano,2,high_resource
498,cebuano,2,high_resource
499,cebuano,2,high_resource
500,cebuano,2,high_resource
501,cebuano,2,high_resource
502,cebuano,2,high_resource
503,cebuano,3,high_resource
504,cebuano,3,high_resource
505,cebuano,3,high_resource
506,cebuano,3,high_resource
507,cebuano,3,high_resource
508,cebuano,3,high_resource
509,cebuano,3,high_resource
510,cebuano,3,high_resource
511,cebuano,3,high_resource
512,cebuano,3,high_resource
513,cebuano,3,high_resource
514,cebuano,3,high_resource
515,cebuano,3,high_resource
516,cebuano,3,high_resource
517,cebuano,3,high_resource
518,cebuano,3,high_resource
519,cebuano,3,high_resource
520,cebuano,3,high_resource
521,cebuano,3,high_resource
522,cebuano,3,high_resource
523,cebuano,3,high_resource
524,cebuano,3,high_resource
525,cebuano,3,high_resource
526,cebuano,3,high_resource
527,cebuano,3,high_resource
528,cebuano,3,high_resource
529,cebuano,3,high_resource
530,cebuano,3,high_resource
531,cebuano,3,high_resource
532,cebuano,3,high_resource
533,cebuano,3,high_resource
534,cebuano,3,high_resource
535,cebuano,3,high_resource
536,cebuano,3,high_resource
537,cebuano,3,high_resource
538,cebuano,3,high_resource
539,cebuano,3,high_resource
540,cebuano,3,high_resource
541,cebuano,3,high_resource
542,cebuano,3,high_resource
543,cebuano,3,high_resource
544,cebuano,3,high_resource
545,cebuano,3,high_resource
546,cebuano,3,high_resource
547,cebuano,3,high_resource
548,cebuano,3,high_resource
549,cebuano,3,high_resource
550,cebuano,3,high_resource
551,cebuano,3,high_resource
552,cebuano,3,high_resource
553,cebuano,3,high_resource
554,cebuano,3,high_resource
555,cebuano,3,high_resource
556,cebuano,3,high_resource
557,cebuano,3,high_resource
558,cebuano,3,high_resource
559,cebuano,3,high_resource
560,cebuano,3,high_resource
561,cebuano,3,high_resource
562,cebuano,3,high_resource
563,cebuano,3,high_resource
564,cebuano,3,high_resource
565,cebuano,3,high_resource
566,cebuano,3,high_resource
567,cebuano,3,high_resource
568,cebuano,3,high_resource
569,cebuano,3,high_resource
570,cebuano,3,high_resource
571,cebuano,3,high_resource
572,cebuano,3,high_resource
573,cebuano,3,high_resource
574,cebuano,3,high_resource
575,cebuano,3,high_resource
576,cebuano,3,high_resource
577,cebuano,3,high_resource
578,cebuano,3,high_resource
579,cebuano,3,high_resource
580,cebuano,3,high_resource
581,cebuano,3,high_resource
582,cebuano,3,high_resource
583,cebuano,3,high_resource
584,bikol,1,high_resource
585,bikol,1,high_resource
586,bikol,1,high_resource
587,bikol,1,high_resource
588,bikol,1,high_resource
589,bikol,1,high_resource
590,bikol,1,high_resource
591,bikol,1,high_resource
592,bikol,1,high_resource
593,bikol,1,high_resource
594,bikol,1,high_resource
595,bikol,1,high_resource
596,bikol,1,high_resource
597,bikol,1,high_resource
598,bikol,1,high_resource
599,bikol,1,high_resource
600,bikol,1,high_resource
601,bikol,1,high_resource
602,bikol,1,high_resource
603,bikol,1,high_resource
604,bikol,1,high_resource
605,bikol,1,high_resource
606,bikol,1,high_resource
607,bikol,1,high_resource
608,bikol,1,high_resource
609,bikol,1,high_resource
610,bikol,1,high_resource
611,bikol,1,high_resource
612,bikol,1,high_resource
613,bikol,1,high_resource
614,bikol,1,high_resource
615,bikol,1,high_resource
616,bikol,1,high_resource
617,bikol,1,high_resource
618,bikol,1,high_resource
619,bikol,1,high_resource
620,bikol,1,high_resource
621,bikol,1,high_resource
622,bikol,1,high_resource
623,bikol,1,high_resource
624,bikol,1,high_resource
625,bikol,1,high_resource
626,bikol,1,high_resource
627,bikol,1,high_resource
628,bikol,1,high_resource
629,bikol,1,high_resource
630,bikol,1,high_resource
631,bikol,1,high_resource
632,bikol,1,high_resource
633,bikol,1,high_resource
634,bikol,1,high_resource
635,bikol,1,high_resource
636,bikol,1,high_resource
637,bikol,1,high_resource
638,bikol,1,high_resource
639,bikol,1,high_resource
640,bikol,1,high_resource
641,bikol,1,high_resource
642,bikol,1,high_resource
643,bikol,1,high_resource
644,bikol,1,high_resource
645,bikol,1,high_resource
646,bikol,1,high_resource
647,bikol,1,high_resource
648,bikol,1,high_resource
649,bikol,1,high_resource
650,bikol,1,high_resource
651,bikol,1,high_resource
652,bikol,2,high_resource
653,bikol,2,high_resource
654,bikol,2,high_resource
655,bikol,2,high_resource
656,bikol,2,high_resource
657,bikol,2,high_resource
658,bikol,2,high_resource
659,bikol,2,high_resource
660,bikol,2,high_resource
661,bikol,2,high_resource
662,bikol,2,high_resource
663,bikol,2,high_resource
664,bikol,2,high_resource
665,bikol,2,high_resource
666,bikol,2,high_resource
667,bikol,2,high_resource
668,bikol,2,high_resource
669,bikol,2,high_resource
670,bikol,2,high_resource
671,bikol,2,high_resource
672,bikol,2,high_resource
673,bikol,2,high_resource
674,bikol,2,high_resource
675,bikol,2,high_resource
676,bikol,2,high_resource
677,bikol,2,high_resource
678,bikol,2,high_resource
679,bikol,3,high_resource
680,bikol,3,high_resource
681,bikol,3,high_resource
682,bikol,3,high_resource
683,bikol,3,high_resource
684,bikol,3,high_resource
685,bikol,3,high_resource
686,bikol,3,high_resource
687,bikol,3,high_resource
688,bikol,3,high_resource
689,bikol,3,high_resource
690,bikol,3,high_resource
691,bikol,3,high_resource
692,bikol,3,high_resource
693,bikol,3,high_resource
694,bikol,3,high_resource
695,bikol,3,high_resource
696,bikol,3,high_resource
697,bikol,3,high_resource
698,bikol,3,high_resource
699,bikol,3,high_resource
700,bikol,3,high_resource
701,bikol,3,high_resource
702,bikol,3,high_resource
703,bikol,3,high_resource
704,bikol,3,high_resource
705,bikol,3,high_resource
706,bikol,3,high_resource
707,bikol,3,high_resource
708,bikol,3,high_resource
709,bikol,3,high_resource
710,bikol,3,high_resource
711,bikol,3,high_resource
712,bikol,3,high_resource
713,bikol,3,high_resource
714,bikol,3,high_resource
715,bikol,3,high_resource
716,bikol,3,high_resource
717,bikol,3,high_resource
718,bikol,3,high_resource
719,bikol,3,high_resource
720,bikol,3,high_resource
721,bikol,3,high_resource
722,bikol,3,high_resource
723,bikol,3,high_resource
724,bikol,3,high_resource
725,bikol,3,high_resource
726,bikol,3,high_resource
727,bikol,3,high_resource
728,bikol,3,high_resource
729,bikol,3,high_resource
730,bikol,3,high_resource
731,bikol,3,high_resource
732,bikol,3,high_resource
733,bikol,3,high_resource
734,hiligaynon,1,low_resource
735,hiligaynon,1,low_resource
736,hiligaynon,1,low_resource
737,hiligaynon,1,low_resource
738,hiligaynon,1,low_resource
739,hiligaynon,1,low_resource
740,hiligaynon,1,low_resource
741,hiligaynon,1,low_resource
742,hiligaynon,1,low_resource
743,hiligaynon,1,low_resource
744,hiligaynon,1,low_resource
745,hiligaynon,1,low_resource
746,hiligaynon,1,low_resource
747,hiligaynon,1,low_resource
748,hiligaynon,1,low_resource
749,hiligaynon,1,low_resource
750,hiligaynon,1,low_resource
751,hiligaynon,1,low_resource
752,hiligaynon,1,low_resource
753,hiligaynon,1,low_resource
754,hiligaynon,1,low_resource
755,hiligaynon,1,low_resource
756,hiligaynon,1,low_resource
757,hiligaynon,1,low_resource
758,hiligaynon,1,low_resource
759,hiligaynon,1,low_resource
760,hiligaynon,1,low_resource
761,hiligaynon,1,low_resource
762,hiligaynon,1,low_resource
763,hiligaynon,1,low_resource
764,hiligaynon,1,low_resource
765,hiligaynon,1,low_resource
766,hiligaynon,1,low_resource
767,hiligaynon,1,low_resource
768,hiligaynon,1,low_resource
769,hiligaynon,1,low_resource
770,hiligaynon,1,low_resource
771,hiligaynon,1,low_resource
772,hiligaynon,1,low_resource
773,hiligaynon,1,low_resource
774,hiligaynon,1,low_resource
775,hiligaynon,1,low_resource
776,hiligaynon,1,low_resource
777,hiligaynon,1,low_resource
778,hiligaynon,1,low_resource
779,hiligaynon,1,low_resource
780,hiligaynon,1,low_resource
781,hiligaynon,1,low_resource
782,hiligaynon,1,low_resource
783,hiligaynon,1,low_resource
784,hiligaynon,1,low_resource
785,hiligaynon,1,low_resource
786,hiligaynon,1,low_resource
787,hiligaynon,1,low_resource
788,hiligaynon,1,low_resource
789,hiligaynon,1,low_resource
790,hiligaynon,1,low_resource
791,hiligaynon,1,low_resource
792,hiligaynon,1,low_resource
793,hiligaynon,1,low_resource
794,hiligaynon,2,low_resource
795,hiligaynon,2,low_resource
796,hiligaynon,2,low_resource
797,hiligaynon,2,low_resource
798,hiligaynon,2,low_resource
799,hiligaynon,2,low_resource
800,hiligaynon,2,low_resource
801,hiligaynon,2,low_resource
802,hiligaynon,2,low_resource
803,hiligaynon,2,low_resource
804,hiligaynon,2,low_resource
805,hiligaynon,2,low_resource
806,hiligaynon,2,low_resource
807,hiligaynon,2,low_resource
808,hiligaynon,2,low_resource
809,hiligaynon,2,low_resource
810,hiligaynon,2,low_resource
811,hiligaynon,2,low_resource
812,hiligaynon,2,low_resource
813,hiligaynon,2,low_resource
814,hiligaynon,2,low_resource
815,hiligaynon,3,low_resource
816,hiligaynon,3,low_resource
817,hiligaynon,3,low_resource
818,hiligaynon,3,low_resource
819,hiligaynon,3,low_resource
820,hiligaynon,3,low_resource
821,hiligaynon,3,low_resource
822,hiligaynon,3,low_resource
823,hiligaynon,3,low_resource
824,hiligaynon,3,low_resource
825,hiligaynon,3,low_resource
826,hiligaynon,3,low_resource
827,hiligaynon,3,low_resource
828,hiligaynon,3,low_resource
829,hiligaynon,3,low_resource
830,hiligaynon,3,low_resource
831,hiligaynon,3,low_resource
832,hiligaynon,3,low_resource
833,hiligaynon,3,low_resource
834,hiligaynon,3,low_resource
835,hiligaynon,3,low_resource
836,hiligaynon,3,low_resource
837,hiligaynon,3,low_resource
838,hiligaynon,3,low_resource
839,hiligaynon,3,low_resource
840,hiligaynon,3,low_resource
841,hiligaynon,3,low_resource
842,hiligaynon,3,low_resource
843,hiligaynon,3,low_resource
844,hiligaynon,3,low_resource
845,hiligaynon,3,low_resource
846,hiligaynon,3,low_resource
847,hiligaynon,3,low_resource
848,hiligaynon,3,low_resource
849,hiligaynon,3,low_resource
850,hiligaynon,3,low_resource
851,hiligaynon,3,low_resource
852,hiligaynon,3,low_resource
853,hiligaynon,3,low_resource
854,hiligaynon,3,low_resource
855,hiligaynon,3,low_resource
856,hiligaynon,3,low_resource
857,hiligaynon,3,low_resource
858,hiligaynon,3,low_resource
859,hiligaynon,3,low_resource
860,minasbate,1,low_resource
861,minasbate,1,low_resource
862,minasbate,1,low_resource
863,minasbate,1,low_resource
864,minasbate,1,low_resource
865,minasbate,1,low_resource
866,minasbate,1,low_resource
867,minasbate,1,low_resource
868,minasbate,1,low_resource
869,minasbate,1,low_resource
870,minasbate,1,low_resource
871,minasbate,1,low_resource
872,minasbate,1,low_resource
873,minasbate,1,low_resource
874,minasbate,1,low_resource
875,minasbate,1,low_resource
876,minasbate,1,low_resource
877,minasbate,1,low_resource
878,minasbate,1,low_resource
879,minasbate,1,low_resource
880,minasbate,1,low_resource
881,minasbate,1,low_resource
882,minasbate,1,low_resource
883,minasbate,1,low_resource
884,minasbate,1,low_resource
885,minasbate,1,low_resource
886,minasbate,1,low_resource
887,minasbate,1,low_resource
888,minasbate,1,low_resource
889,minasbate,1,low_resource
890,minasbate,1,low_resource
891,minasbate,1,low_resource
892,minasbate,1,low_resource
893,minasbate,1,low_resource
894,minasbate,1,low_resource
895,minasbate,1,low_resource
896,minasbate,1,low_resource
897,minasbate,1,low_resource
898,minasbate,1,low_resource
899,minasbate,1,low_resource
900,minasbate,1,low_resource
901,minasbate,1,low_resource
902,minasbate,1,low_resource
903,minasbate,1,low_resource
904,minasbate,1,low_resource
905,minasbate,1,low_resource
906,minasbate,1,low_resource
907,minasbate,1,low_resource
908,minasbate,1,low_resource
909,minasbate,1,low_resource
910,minasbate,1,low_resource
911,minasbate,1,low_resource
912,minasbate,1,low_resource
913,minasbate,1,low_resource
914,minasbate,1,low_resource
915,minasbate,1,low_resource
916,minasbate,1,low_resource
917,minasbate,1,low_resource
918,minasbate,1,low_resource
919,minasbate,1,low_resource
920,minasbate,1,low_resource
921,minasbate,1,low_resource
922,minasbate,1,low_resource
923,minasbate,1,low_resource
924,minasbate,1,low_resource
925,minasbate,1,low_resource
926,minasbate,1,low_resource
927,minasbate,1,low_resource
928,minasbate,1,low_resource
929,minasbate,1,low_resource
930,minasbate,1,low_resource
931,minasbate,1,low_resource
932,minasbate,1,low_resource
933,minasbate,1,low_resource
934,minasbate,1,low_resource
935,minasbate,1,low_resource
936,minasbate,1,low_resource
937,minasbate,1,low_resource
938,minasbate,1,low_resource
939,minasbate,1,low_resource
940,minasbate,1,low_resource
941,minasbate,1,low_resource
942,minasbate,1,low_resource
943,minasbate,1,low_resource
944,minasbate,1,low_resource
945,minasbate,1,low_resource
946,minasbate,1,low_resource
947,minasbate,1,low_resource
948,minasbate,1,low_resource
949,minasbate,1,low_resource
950,minasbate,1,low_resource
951,minasbate,1,low_resource
952,minasbate,1,low_resource
953,minasbate,1,low_resource
954,minasbate,1,low_resource
955,minasbate,1,low_resource
956,minasbate,1,low_resource
957,minasbate,1,low_resource
958,minasbate,1,low_resource
959,minasbate,1,low_resource
960,minasbate,1,low_resource
961,minasbate,1,low_resource
962,minasbate,1,low_resource
963,minasbate,1,low_resource
964,minasbate,1,low_resource
965,minasbate,1,low_resource
966,minasbate,1,low_resource
967,minasbate,1,low_resource
968,minasbate,1,low_resource
969,minasbate,1,low_resource
970,minasbate,1,low_resource
971,minasbate,1,low_resource
972,minasbate,1,low_resource
973,minasbate,1,low_resource
974,minasbate,1,low_resource
975,minasbate,1,low_resource
976,minasbate,1,low_resource
977,minasbate,1,low_resource
978,minasbate,1,low_resource
979,minasbate,2,low_resource
980,minasbate,2,low_resource
981,minasbate,2,low_resource
982,minasbate,2,low_resource
983,minasbate,2,low_resource
984,minasbate,2,low_resource
985,minasbate,2,low_resource
986,minasbate,2,low_resource
987,minasbate,2,low_resource
988,minasbate,2,low_resource
989,minasbate,2,low_resource
990,minasbate,2,low_resource
991,minasbate,2,low_resource
992,minasbate,2,low_resource
993,minasbate,2,low_resource
994,minasbate,2,low_resource
995,minasbate,2,low_resource
996,minasbate,2,low_resource
997,minasbate,2,low_resource
998,minasbate,2,low_resource
999,minasbate,2,low_resource
1000,minasbate,2,low_resource
1001,minasbate,2,low_resource
1002,minasbate,2,low_resource
1003,minasbate,2,low_resource
1004,minasbate,2,low_resource
1005,minasbate,2,low_resource
1006,minasbate,2,low_resource
1007,minasbate,2,low_resource
1008,minasbate,2,low_resource
1009,minasbate,2,low_resource
1010,minasbate,2,low_resource
1011,minasbate,2,low_resource
1012,minasbate,2,low_resource
1013,minasbate,2,low_resource
1014,minasbate,2,low_resource
1015,minasbate,2,low_resource
1016,minasbate,2,low_resource
1017,minasbate,2,low_resource
1018,minasbate,2,low_resource
1019,minasbate,2,low_resource
1020,minasbate,2,low_resource
1021,minasbate,2,low_resource
1022,minasbate,2,low_resource
1023,minasbate,2,low_resource
1024,minasbate,2,low_resource
1025,minasbate,2,low_resource
1026,minasbate,2,low_resource
1027,minasbate,2,low_resource
1028,minasbate,2,low_resource
1029,minasbate,2,low_resource
1030,minasbate,2,low_resource
1031,minasbate,2,low_resource
1032,minasbate,2,low_resource
1033,minasbate,2,low_resource
1034,minasbate,2,low_resource
1035,minasbate,2,low_resource
1036,minasbate,2,low_resource
1037,minasbate,2,low_resource
1038,minasbate,2,low_resource
1039,minasbate,2,low_resource
1040,minasbate,2,low_resource
1041,minasbate,2,low_resource
1042,minasbate,2,low_resource
1043,minasbate,2,low_resource
1044,minasbate,2,low_resource
1045,minasbate,2,low_resource
1046,minasbate,2,low_resource
1047,minasbate,2,low_resource
1048,minasbate,2,low_resource
1049,minasbate,2,low_resource
1050,minasbate,2,low_resource
1051,minasbate,3,low_resource
1052,minasbate,3,low_resource
1053,minasbate,3,low_resource
1054,minasbate,3,low_resource
1055,minasbate,3,low_resource
1056,minasbate,3,low_resource
1057,minasbate,3,low_resource
1058,minasbate,3,low_resource
1059,minasbate,3,low_resource
1060,minasbate,3,low_resource
1061,minasbate,3,low_resource
1062,minasbate,3,low_resource
1063,minasbate,3,low_resource
1064,minasbate,3,low_resource
1065,minasbate,3,low_resource
1066,minasbate,3,low_resource
1067,minasbate,3,low_resource
1068,minasbate,3,low_resource
1069,minasbate,3,low_resource
1070,minasbate,3,low_resource
1071,minasbate,3,low_resource
1072,minasbate,3,low_resource
1073,minasbate,3,low_resource
1074,minasbate,3,low_resource
1075,minasbate,3,low_resource
1076,minasbate,3,low_resource
1077,minasbate,3,low_resource
1078,minasbate,3,low_resource
1079,minasbate,3,low_resource
1080,minasbate,3,low_resource
1081,minasbate,3,low_resource
1082,minasbate,3,low_resource
1083,minasbate,3,low_resource
1084,minasbate,3,low_resource
1085,minasbate,3,low_resource
1086,minasbate,3,low_resource
1087,minasbate,3,low_resource
1088,minasbate,3,low_resource
1089,minasbate,3,low_resource
1090,minasbate,3,low_resource
1091,minasbate,3,low_resource
1092,minasbate,3,low_resource
1093,minasbate,3,low_resource
1094,minasbate,3,low_resource
1095,minasbate,3,low_resource
1096,minasbate,3,low_resource
1097,minasbate,3,low_resource
1098,minasbate,3,low_resource
1099,minasbate,3,low_resource
1100,minasbate,3,low_resource
1101,minasbate,3,low_resource
1102,minasbate,3,low_resource
1103,minasbate,3,low_resource
1104,minasbate,3,low_resource
1105,minasbate,3,low_resource
1106,minasbate,3,low_resource
1107,minasbate,3,low_resource
1108,minasbate,3,low_resource
1109,minasbate,3,low_resource
1110,minasbate,3,low_resource
1111,minasbate,3,low_resource
1112,minasbate,3,low_resource
1113,minasbate,3,low_resource
1114,minasbate,3,low_resource
1115,minasbate,3,low_resource
1116,minasbate,3,low_resource
1117,minasbate,3,low_resource
1118,minasbate,3,low_resource
1119,karay-a,1,low_resource
1120,karay-a,1,low_resource
1121,karay-a,1,low_resource
1122,karay-a,1,low_resource
1123,karay-a,1,low_resource
1124,karay-a,1,low_resource
1125,karay-a,1,low_resource
1126,karay-a,1,low_resource
1127,karay-a,1,low_resource
1128,karay-a,1,low_resource
1129,karay-a,1,low_resource
1130,karay-a,1,low_resource
1131,karay-a,1,low_resource
1132,karay-a,1,low_resource
1133,karay-a,1,low_resource
1134,karay-a,1,low_resource
1135,karay-a,1,low_resource
1136,karay-a,1,low_resource
1137,karay-a,1,low_resource
1138,karay-a,1,low_resource
1139,karay-a,1,low_resource
1140,karay-a,1,low_resource
1141,karay-a,1,low_resource
1142,karay-a,1,low_resource
1143,karay-a,1,low_resource
1144,karay-a,1,low_resource
1145,karay-a,1,low_resource
1146,karay-a,1,low_resource
1147,karay-a,1,low_resource
1148,karay-a,1,low_resource
1149,karay-a,1,low_resource
1150,karay-a,1,low_resource
1151,karay-a,1,low_resource
1152,karay-a,1,low_resource
1153,karay-a,1,low_resource
1154,karay-a,1,low_resource
1155,karay-a,1,low_resource
1156,karay-a,1,low_resource
1157,karay-a,1,low_resource
1158,karay-a,1,low_resource
1159,karay-a,1,low_resource
1160,karay-a,1,low_resource
1161,karay-a,1,low_resource
1162,karay-a,1,low_resource
1163,karay-a,1,low_resource
1164,karay-a,1,low_resource
1165,karay-a,1,low_resource
1166,karay-a,1,low_resource
1167,karay-a,1,low_resource
1168,karay-a,1,low_resource
1169,karay-a,1,low_resource
1170,karay-a,1,low_resource
1171,karay-a,1,low_resource
1172,karay-a,1,low_resource
1173,karay-a,1,low_resource
1174,karay-a,1,low_resource
1175,karay-a,1,low_resource
1176,karay-a,1,low_resource
1177,karay-a,1,low_resource
1178,karay-a,1,low_resource
1179,karay-a,2,low_resource
1180,karay-a,2,low_resource
1181,karay-a,2,low_resource
1182,karay-a,2,low_resource
1183,karay-a,2,low_resource
1184,karay-a,2,low_resource
1185,karay-a,2,low_resource
1186,karay-a,2,low_resource
1187,karay-a,2,low_resource
1188,karay-a,2,low_resource
1189,karay-a,2,low_resource
1190,karay-a,2,low_resource
1191,karay-a,2,low_resource
1192,karay-a,2,low_resource
1193,karay-a,2,low_resource
1194,karay-a,2,low_resource
1195,karay-a,2,low_resource
1196,karay-a,2,low_resource
1197,karay-a,2,low_resource
1198,karay-a,2,low_resource
1199,karay-a,2,low_resource
1200,karay-a,2,low_resource
1201,karay-a,2,low_resource
1202,karay-a,2,low_resource
1203,karay-a,2,low_resource
1204,karay-a,2,low_resource
1205,karay-a,2,low_resource
1206,karay-a,2,low_resource
1207,karay-a,2,low_resource
1208,karay-a,2,low_resource
1209,karay-a,2,low_resource
1210,karay-a,2,low_resource
1211,karay-a,3,low_resource
1212,karay-a,3,low_resource
1213,karay-a,3,low_resource
1214,karay-a,3,low_resource
1215,karay-a,3,low_resource
1216,karay-a,3,low_resource
1217,karay-a,3,low_resource
1218,karay-a,3,low_resource
1219,karay-a,3,low_resource
1220,karay-a,3,low_resource
1221,karay-a,3,low_resource
1222,karay-a,3,low_resource
1223,karay-a,3,low_resource
1224,karay-a,3,low_resource
1225,karay-a,3,low_resource
1226,karay-a,3,low_resource
1227,karay-a,3,low_resource
1228,karay-a,3,low_resource
1229,karay-a,3,low_resource
1230,karay-a,3,low_resource
1231,karay-a,3,low_resource
1232,karay-a,3,low_resource
1233,karay-a,3,low_resource
1234,karay-a,3,low_resource
1235,karay-a,3,low_resource
1236,karay-a,3,low_resource
1237,karay-a,3,low_resource
1238,karay-a,3,low_resource
1239,karay-a,3,low_resource
1240,karay-a,3,low_resource
1241,karay-a,3,low_resource
1242,karay-a,3,low_resource
1243,karay-a,3,low_resource
1244,karay-a,3,low_resource
1245,karay-a,3,low_resource
1246,karay-a,3,low_resource
1247,karay-a,3,low_resource
1248,karay-a,3,low_resource
1249,karay-a,3,low_resource
1250,karay-a,3,low_resource
1251,karay-a,3,low_resource
1252,karay-a,3,low_resource
1253,karay-a,3,low_resource
1254,karay-a,3,low_resource
1255,karay-a,3,low_resource
1256,karay-a,3,low_resource
1257,karay-a,3,low_resource
1258,karay-a,3,low_resource
1259,karay-a,3,low_resource
1260,karay-a,3,low_resource
1261,karay-a,3,low_resource
1262,karay-a,3,low_resource
1263,karay-a,3,low_resource
1264,karay-a,3,low_resource
1265,karay-a,3,low_resource
1266,karay-a,3,low_resource
1267,karay-a,3,low_resource
1268,karay-a,3,low_resource
1269,karay-a,3,low_resource
1270,karay-a,3,low_resource
1271,karay-a,3,low_resource
1272,karay-a,3,low_resource
1273,karay-a,3,low_resource
1274,karay-a,3,low_resource
1275,karay-a,3,low_resource
1276,karay-a,3,low_resource
1277,karay-a,3,low_resource
1278,karay-a,3,low_resource
1279,karay-a,3,low_resource
1280,karay-a,3,low_resource
1281,karay-a,3,low_resource
1282,karay-a,3,low_resource
1283,karay-a,3,low_resource
1284,karay-a,3,low_resource
1285,karay-a,3,low_resource
1286,karay-a,3,low_resource
1287,karay-a,3,low_resource
1288,karay-a,3,low_resource
1289,karay-a,3,low_resource
1290,rinconada,1,low_resource
1291,rinconada,1,low_resource
1292,rinconada,1,low_resource
1293,rinconada,1,low_resource
1294,rinconada,1,low_resource
1295,rinconada,1,low_resource
1296,rinconada,1,low_resource
1297,rinconada,1,low_resource
1298,rinconada,1,low_resource
1299,rinconada,1,low_resource
1300,rinconada,1,low_resource
1301,rinconada,1,low_resource
1302,rinconada,1,low_resource
1303,rinconada,1,low_resource
1304,rinconada,1,low_resource
1305,rinconada,1,low_resource
1306,rinconada,1,low_resource
1307,rinconada,1,low_resource
1308,rinconada,1,low_resource
1309,rinconada,1,low_resource
1310,rinconada,1,low_resource
1311,rinconada,1,low_resource
1312,rinconada,1,low_resource
1313,rinconada,1,low_resource
1314,rinconada,1,low_resource
1315,rinconada,1,low_resource
1316,rinconada,1,low_resource
1317,rinconada,1,low_resource
1318,rinconada,1,low_resource
1319,rinconada,1,low_resource
1320,rinconada,1,low_resource
1321,rinconada,1,low_resource
1322,rinconada,1,low_resource
1323,rinconada,1,low_resource
1324,rinconada,1,low_resource
1325,rinconada,1,low_resource
1326,rinconada,1,low_resource
1327,rinconada,1,low_resource
1328,rinconada,1,low_resource
1329,rinconada,1,low_resource
1330,rinconada,1,low_resource
1331,rinconada,1,low_resource
1332,rinconada,1,low_resource
1333,rinconada,1,low_resource
1334,rinconada,1,low_resource
1335,rinconada,1,low_resource
1336,rinconada,1,low_resource
1337,rinconada,1,low_resource
1338,rinconada,1,low_resource
1339,rinconada,1,low_resource
1340,rinconada,1,low_resource
1341,rinconada,1,low_resource
1342,rinconada,1,low_resource
1343,rinconada,1,low_resource
1344,rinconada,1,low_resource
1345,rinconada,1,low_resource
1346,rinconada,1,low_resource
1347,rinconada,1,low_resource
1348,rinconada,1,low_resource
1349,rinconada,1,low_resource
1350,rinconada,1,low_resource
1351,rinconada,1,low_resource
1352,rinconada,1,low_resource
1353,rinconada,1,low_resource
1354,rinconada,1,low_resource
1355,rinconada,1,low_resource
1356,rinconada,1,low_resource
1357,rinconada,1,low_resource
1358,rinconada,1,low_resource
1359,rinconada,1,low_resource
1360,rinconada,1,low_resource
1361,rinconada,1,low_resource
1362,rinconada,1,low_resource
1363,rinconada,1,low_resource
1364,rinconada,1,low_resource
1365,rinconada,1,low_resource
1366,rinconada,1,low_resource
1367,rinconada,1,low_resource
1368,rinconada,1,low_resource
1369,rinconada,1,low_resource
1370,rinconada,1,low_resource
1371,rinconada,1,low_resource
1372,rinconada,1,low_resource
1373,rinconada,1,low_resource
1374,rinconada,1,low_resource
1375,rinconada,1,low_resource
1376,rinconada,1,low_resource
1377,rinconada,1,low_resource
1378,rinconada,1,low_resource
1379,rinconada,1,low_resource
1380,rinconada,1,low_resource
1381,rinconada,1,low_resource
1382,rinconada,1,low_resource
1383,rinconada,1,low_resource
1384,rinconada,1,low_resource
1385,rinconada,1,low_resource
1386,rinconada,1,low_resource
1387,rinconada,1,low_resource
1388,rinconada,1,low_resource
1389,rinconada,1,low_resource
1390,rinconada,1,low_resource
1391,rinconada,1,low_resource
1392,rinconada,1,low_resource
1393,rinconada,1,low_resource
1394,rinconada,1,low_resource
1395,rinconada,1,low_resource
1396,rinconada,1,low_resource
1397,rinconada,1,low_resource
1398,rinconada,1,low_resource
1399,rinconada,1,low_resource
1400,rinconada,1,low_resource
1401,rinconada,1,low_resource
1402,rinconada,1,low_resource
1403,rinconada,1,low_resource
1404,rinconada,2,low_resource
1405,rinconada,2,low_resource
1406,rinconada,2,low_resource
1407,rinconada,2,low_resource
1408,rinconada,2,low_resource
1409,rinconada,2,low_resource
1410,rinconada,2,low_resource
1411,rinconada,2,low_resource
1412,rinconada,2,low_resource
1413,rinconada,2,low_resource
1414,rinconada,2,low_resource
1415,rinconada,2,low_resource
1416,rinconada,2,low_resource
1417,rinconada,2,low_resource
1418,rinconada,2,low_resource
1419,rinconada,2,low_resource
1420,rinconada,2,low_resource
1421,rinconada,2,low_resource
1422,rinconada,2,low_resource
1423,rinconada,2,low_resource
1424,rinconada,2,low_resource
1425,rinconada,2,low_resource
1426,rinconada,2,low_resource
1427,rinconada,2,low_resource
1428,rinconada,2,low_resource
1429,rinconada,2,low_resource
1430,rinconada,2,low_resource
1431,rinconada,2,low_resource
1432,rinconada,2,low_resource
1433,rinconada,2,low_resource
1434,rinconada,2,low_resource
1435,rinconada,2,low_resource
1436,rinconada,2,low_resource
1437,rinconada,2,low_resource
1438,rinconada,2,low_resource
1439,rinconada,3,low_resource
1440,rinconada,3,low_resource
1441,rinconada,3,low_resource
1442,rinconada,3,low_resource
1443,rinconada,3,low_resource
1444,rinconada,3,low_resource
1445,rinconada,3,low_resource
1446,rinconada,3,low_resource
1447,rinconada,3,low_resource
1448,rinconada,3,low_resource
1449,rinconada,3,low_resource
1450,rinconada,3,low_resource
1451,rinconada,3,low_resource
1452,rinconada,3,low_resource
1453,rinconada,3,low_resource
1454,rinconada,3,low_resource
1455,rinconada,3,low_resource
1456,rinconada,3,low_resource
1457,rinconada,3,low_resource
1458,rinconada,3,low_resource
1459,rinconada,3,low_resource
1460,rinconada,3,low_resource
1461,rinconada,3,low_resource
1462,rinconada,3,low_resource
1463,rinconada,3,low_resource
1464,rinconada,3,low_resource
1465,rinconada,3,low_resource
1466,rinconada,3,low_resource
1467,rinconada,3,low_resource
1468,rinconada,3,low_resource
1469,rinconada,3,low_resource
1470,rinconada,3,low_resource
1471,rinconada,3,low_resource
1472,rinconada,3,low_resource
1473,rinconada,3,low_resource
1474,rinconada,3,low_resource
1475,rinconada,3,low_resource
1476,rinconada,3,low_resource
1477,rinconada,3,low_resource
1478,rinconada,3,low_resource
1479,rinconada,3,low_resource
