book_title,average_sentence_len,average_syllable_count,grade_level,language,fkgl_score,predicted_label
A Lata,5.0,1.7,1,tagalog,6.420000000000002,3
Aaloo-Maaloo-Kaaloo,6.863636363636363,2.1390728476821192,1,tagalog,12.32787778446719,3
Ako at ang Aking Paaralan,8.217391304347826,2.3386243386243386,1,tagalog,15.21054980446285,3
Ang Aking Matalik Na Kaibigan,7.0,2.1666666666666665,1,tagalog,12.706666666666667,3
Ang Aklat ni Nat,9.351851851851851,1.9108910891089108,1,tagalog,10.60573707370737,3
Ang Alimango at Isda,9.22222222222222,2.180722891566265,1,tagalog,13.739196787148597,3
Ang Aso ni Yana,6.1875,1.9191919191919191,1,tagalog,9.469589646464648,3
Ang Baga,3.857142857142857,1.7777777777777777,1,tagalog,6.8920634920634924,3
Ang baka na may isang sungay,7.7,1.9610389610389607,1,tagalog,10.553259740259737,3
Ang Batang si Karen,8.545454545454545,2.202127659574468,1,tagalog,13.727833655705993,3
Ang Bote ni Boyet,5.742857142857143,1.9154228855721396,1,tagalog,9.251704335465533,3
Ang Bukirin ni Mang Kanor,13.428571428571429,1.9893617021276595,1,tagalog,13.12161094224924,3
Ang Gunting ni Debora,4.75,1.824561403508772,1,tagalog,7.792324561403511,3
Ang Igi,4.571428571428571,1.5,1,tagalog,3.892857142857146,3
Ang Kabayo at ang Baka,8.555555555555555,2.0454545454545454,1,tagalog,11.883030303030303,3
Ang Kalaykay,7.321428571428571,1.946341463414634,1,tagalog,10.23218641114983,3
Ang Kambal na sina Ding at Dong,6.892857142857143,1.922279792746114,1,tagalog,9.781115840118431,3
Ang Kamoteng Kahoy ni Istoy,9.1875,2.1156462585034013,1,tagalog,12.957750850340137,3
Ang Keso,4.3431372549019605,1.9142212189616248,1,tagalog,8.691633913158942,3
Ang Mag-Anak sa Palengke,9.9375,2.0,1,tagalog,11.885625000000001,3
Ang Magkapatid na si Ki at Dee,38.0,1.9342105263157892,1,tagalog,22.053684210526317,3
Ang Mahiwagang Kaldero,10.8,2.1481481481481484,1,tagalog,13.970148148148152,3
Ang Matulungin si Miko,10.047619047619047,1.976303317535545,1,tagalog,11.648950575490861,3
Ang mga hayop sa kalye,8.666666666666666,2.005494505494505,1,tagalog,11.45483516483516,3
Ang Munting Bahay nina Mira,6.37037037037037,2.2732558139534884,1,tagalog,13.71886304909561,3
Ang Pamamasyal ni Pepe,10.77777777777778,1.9381443298969072,1,tagalog,11.483436426116842,3
Ang Pamilyang may Ginintuang Puso,10.61111111111111,2.026178010471204,1,tagalog,12.457233856893541,3
Ang Puno ng Buhay,12.0,1.8277777777777775,1,tagalog,10.657777777777774,3
Ang regalo para kay Jyomo,6.684210526315789,1.9606299212598424,1,tagalog,10.1522751761293,3
Ang Sorpresang Regalo kay Bokbok,6.867924528301887,1.978021978021978,1,tagalog,10.42914990669708,3
Ang Sukli ni Yuno,6.6,1.8282828282828285,1,tagalog,8.557737373737378,3
Astig ng Nanay Ko,8.057553956834532,2.0017857142857145,1,tagalog,11.1735174717369,3
Ate Kaybuti Mo,8.32,2.08974358974359,1,tagalog,12.313774358974364,3
Bechay Pechay,13.764705882352942,2.0042735042735043,1,tagalog,13.428662644545003,3
Bukas si Superman na Ako,16.0,2.06875,1,tagalog,15.061250000000005,3
Doon Po Sa Amin,9.601694915254235,1.9549867608120035,1,tagalog,11.223504794530793,3
Gutom na gutom ako!,8.5,1.923529411764706,1,tagalog,10.422647058823532,3
Halina,7.517241379310345,2.1605504587155964,1,tagalog,12.836219550775073,3
Isang Araw sa Buhay Ko,7.7894736842105265,1.9752252252252247,1,tagalog,10.755552394499759,3
Isang Hiling,9.808219178082192,1.9357541899441344,1,tagalog,11.077104920792841,3
Isko Hambugero,11.75,1.9946808510638296,1,tagalog,12.52973404255319,3
Kakaiba si Kara,7.208333333333333,2.098265895953757,1,tagalog,11.980787572254336,3
Kiko at Kakusog,11.0,2.069090909090909,1,tagalog,13.115272727272725,3
Lito Lita,5.916666666666667,1.816901408450704,1,tagalog,8.156936619718309,3
Maging Malusog,7.04,2.1818181818181817,1,tagalog,12.901054545454546,3
May Mesa si Eba,4.1,1.6585365853658536,1,tagalog,5.579731707317073,3
May Trabungko sa Ilog nina Lolo Isko,8.333333333333334,1.9323076923076925,1,tagalog,10.461230769230774,3
Mga Ibon,4.727272727272728,1.9615384615384612,1,tagalog,9.399790209790208,3
Mga Kasama sa Isla,5.083333333333333,1.8852459016393444,1,tagalog,8.638401639344263,3
Mga Parte ng Ulo,7.222222222222222,1.912820512820513,1,tagalog,9.79794871794872,3
Munting Mario,10.833333333333334,2.0791208791208797,1,tagalog,13.168626373626385,3
Natuto Rin,8.4375,2.011111111111111,1,tagalog,11.43173611111111,3
Paano na ang Pasko?,9.771428571428572,1.9853801169590644,1,tagalog,11.6483425229741,3
Paano Natututunan ng mga Bata ang Matematika,11.689655172413794,2.106194690265487,1,tagalog,13.822062862374125,3
Paghahanda sa Panahon ng Bagyo,7.666666666666667,2.186335403726708,1,tagalog,13.198757763975156,3
Panaginip ni Miko,7.407407407407407,2.03,1,tagalog,11.25288888888889,3
Parang may Kapatid din Ako,7.0,2.110599078341014,1,tagalog,12.045069124423964,3
Potpot Lampayatot,9.724137931034482,1.9397163120567376,1,tagalog,11.091066275372953,3
Saan kaya Kabilang?,7.592592592592593,2.1365853658536587,1,tagalog,12.582818428184286,3
Si Biboy na Mausisa,4.95,1.9494949494949492,1,tagalog,9.344540404040401,3
Si Bimbo ang Batang Bibo,8.222222222222221,2.18018018018018,1,tagalog,13.342792792792793,3
Si Dinong Bulagsak,7.358974358974359,1.9930313588850173,1,tagalog,10.797770034843207,3
Si Ema,5.285714285714286,1.7297297297297298,1,tagalog,6.8822393822393835,3
Si Inang Ibon,14.0,1.9489795918367347,1,tagalog,12.867959183673474,3
Si Ken,8.88,1.936936936936937,1,tagalog,10.729055855855858,3
Si Kiko at Kakusog,11.307692307692308,2.0510204081632653,1,tagalog,13.02204081632653,3
Si Kuwaki,10.0,2.1818181818181817,1,tagalog,14.055454545454548,3
Si Lita at Si Miko,4.5,1.6031746031746033,1,tagalog,5.082460317460317,3
Si Mulak,6.5,1.9038461538461535,1,tagalog,9.410384615384615,3
Si Sisa at ang mga Ibon,5.6875,2.0,1,tagalog,10.228125000000002,3
Unang Baitang,15.4,1.922077922077922,1,tagalog,13.096519480519483,3
Unang Baitang na si Mitang,8.764705882352942,1.9395973154362416,1,tagalog,10.715483616265299,3
Alitaptap,2.1372549019607843,2.541284403669725,2,tagalog,15.23068537506746,3
Ang Aking Mga Anak,7.2,2.0277777777777777,2,tagalog,11.145777777777777,3
Ang Aking Paaralan,10.333333333333334,2.2419354838709675,2,tagalog,14.894838709677419,3
Ang Alamat ng Makahiya,11.31578947368421,2.116279069767442,2,tagalog,13.79525091799266,3
Ang Alamat ng Pinatubo,13.681818181818182,2.1926910299003324,2,tagalog,15.619663243733015,3
Ang Aming Pusa,8.625,1.8115942028985508,2,tagalog,9.150561594202902,3
Ang bagong Pugad,5.704918032786885,2.045977011494253,2,tagalog,10.777446768419068,3
Ang Bahay Kubo ni Itay,8.0,1.9,2,tagalog,9.950000000000003,3
Ang Batang Matulungin,8.11111111111111,2.0753424657534247,2,tagalog,12.062374429223748,3
Ang bigote ni Tatay,10.893617021276595,1.974609375,2,tagalog,11.958901263297875,3
Ang Bisikleta ni Chaku,8.1875,2.068702290076336,2,tagalog,12.013812022900762,3
Ang Buwan at Ang Aking Sumbrero!,8.210526315789474,1.6442307692307692,2,tagalog,7.014028340080973,3
Ang damit para kay Kooru,9.238095238095235,2.015463917525773,2,tagalog,11.79533136966127,3
Ang Hiwaga ni Domeng Dyip,12.818181818181818,1.8368794326241136,2,tagalog,11.084268214055452,3
Ang Ina,9.8,1.9387755102040816,2,tagalog,11.109551020408162,3
Ang Kakaibang Panaginip ni Khutso,9.863636363636363,1.935483870967742,2,tagalog,11.095527859237539,3
Ang Kaklase kong Bulag,5.0,2.1272727272727274,2,tagalog,11.461818181818185,3
Ang Kuting na si Phyu Wah at ang Bully,10.761904761904765,2.057522123893805,2,tagalog,12.88590391908976,3
Ang kwento ng isang Mananayaw,15.382352941176473,2.147227533460803,2,tagalog,15.746402541896302,3
Ang Leon at ang Pagkain Niyang Tuta,9.282051282051285,2.052486187845304,2,tagalog,12.249337016574586,3
Ang mabuting kaibigan,7.407407407407407,2.05,2,tagalog,11.488888888888887,3
Ang Mag-anak na Langgam,13.352941176470589,2.0308370044052864,2,tagalog,13.58152371080591,3
Ang Magandang Balita,10.307692307692308,2.041044776119403,2,tagalog,12.514328358208953,3
Ang Magkaibigan,9.555555555555555,2.104651162790698,2,tagalog,12.971550387596903,3
Ang Magkakaibigang Basurahan,11.285714285714286,2.113924050632912,2,tagalog,13.755732368896936,3
Ang Manggagawa,10.0,2.011764705882353,2,tagalog,12.048823529411766,3
Ang Manggagawang Langgam,7.75,2.193548387096774,2,tagalog,13.316370967741936,3
Ang Manok,10.333333333333334,2.064516129032258,2,tagalog,12.801290322580648,3
Ang mausisang bata,12.0,1.875,2,tagalog,11.215,3
Ang mausisang batang elepante,7.294117647058823,1.9166666666666667,2,tagalog,9.871372549019608,3
Ang mga Mabituing Hiling ni Palaka,7.066666666666666,2.037735849056604,2,tagalog,11.211283018867931,3
Ang paglipad ni Chandu,7.054054054054054,1.9616858237547887,2,tagalog,10.308973801387591,3
Ang Pagtatanghal,6.029411764705882,1.975609756097561,2,tagalog,10.073665710186514,3
Ang Pandaraya ng tandang,9.529411764705882,1.876543209876543,2,tagalog,10.269680464778506,3
Ang Paslit,10.0,1.92,2,tagalog,10.965999999999998,3
Ang Pusa ni Toto,6.766666666666667,2.1970443349753697,2,tagalog,12.974123152709364,3
Ang salamin ni Lola,8.390243902439025,1.9040697674418603,2,tagalog,10.150218377765174,3
Ang Sapatos ni Tatay,6.111111111111111,1.7418181818181817,2,tagalog,7.346787878787879,3
Ang Suklay ni Pipay,6.5,1.7692307692307692,2,tagalog,7.821923076923078,3
Ang Tsinelas ni Pepe,7.181818181818182,1.8860759493670889,2,tagalog,9.46660529344074,3
Ang Ulap ng Basura,9.470588235294118,2.0232919254658386,2,tagalog,11.978374132261603,3
Ang Umaga in Lena,10.4,2.1923076923076925,2,tagalog,14.335230769230773,3
Ayaw at Gusto,3.6666666666666665,2.0454545454545454,2,tagalog,9.976363636363637,3
Bakasyon Na,9.55,2.099476439790576,2,tagalog,12.908321989528798,3
Basketbol,8.833333333333334,2.1320754716981134,2,tagalog,13.013490566037738,3
Bea at Ming-su,11.125,1.8876404494382024,2,tagalog,11.02290730337079,3
Brownout,8.677777777777777,2.1574903969270167,2,tagalog,13.252720017072132,3
COVIBOOK,6.447368421052632,2.179591836734694,2,tagalog,12.643657357679913,3
Cube Cat (Cone Cat),3.023809523809524,1.9133858267716533,2,tagalog,8.167238470191226,3
Dalawang Malilit na Langgam,12.791666666666666,1.977198697068404,2,tagalog,12.729694625407166,3
Don’t Wake the Baby!,7.222222222222222,1.9138461538461535,2,tagalog,9.81005128205128,3
Espesyal na Regalo kay Ling,6.4,1.9427083333333333,2,tagalog,9.829958333333334,3
Galawang Daga,7.743589743589744,2.094922737306843,2,tagalog,12.150088300220748,3
Gustong gumuhit ng aking Apo,7.875,1.7142857142857142,2,tagalog,7.709821428571427,3
Gustong Kumanta ni Cuckoo,8.966101694915254,1.835538752362949,2,tagalog,9.566136938899746,3
Hoy Makaw!,5.8,2.0948275862068964,2,tagalog,11.39096551724138,3
Huwag mo akong abalahin,7.088888888888889,1.9529780564263324,2,tagalog,10.21980773249739,3
huwag mo akong maliitin,8.574074074074074,1.958963282937365,2,tagalog,10.869655627549797,3
Iba’t ibang Uri ng bahay,9.3125,1.7718120805369129,2,tagalog,8.949257550335574,3
Itago,7.5,2.05,2,tagalog,11.524999999999999,3
Kaya rin iyan ni Duma,4.631578947368421,1.8465909090909087,2,tagalog,8.006088516746406,3
Kumain ng Gulay,6.181818181818182,2.147058823529412,2,tagalog,12.156203208556153,3
Kung Bakit May Sungay ang Usa,11.176470588235292,2.068421052631579,2,tagalog,13.1761919504644,3
Mabuti na Lang,8.428571428571429,2.1864406779661016,2,tagalog,13.497142857142858,3
Madali Lang Pala,7.736842105263157,2.095238095238096,2,tagalog,12.151177944862162,3
Magbilang ng Ibon,6.352941176470588,1.7037037037037035,2,tagalog,6.9913507625272295,3
Malusog na Katawan,7.428571428571429,2.269230769230769,2,tagalog,14.084065934065936,3
Matibay Nga,11.235294117647058,1.968586387434555,2,tagalog,12.021084077610105,3
Nagkakaisa Kami,13.153846153846152,2.0935672514619883,2,tagalog,14.244093567251461,3
Nagmamadaling mga Drayber,4.567567567567568,2.0710059171597632,2,tagalog,10.629221173836559,3
Nagtanim si Sophy ng Biik,9.142857142857142,1.884375,2,tagalog,10.211339285714285,3
Nang Dahil sa Telepono,13.159090909090908,2.09153713298791,2,tagalog,14.222183623802799,3
Natuto nang Tumawa si Rene,8.4,2.1050420168067228,2,tagalog,12.52549579831933,3
Pagluluto,5.75,1.891304347826087,2,tagalog,8.969891304347826,3
Pagpapaligo sa Kamelyo,8.851851851851851,2.01673640167364,2,tagalog,11.659711761971174,3
Sa Sapa,5.818181818181818,1.90625,2,tagalog,9.172840909090912,3
Sayaw (Mihlali!),5.411764705882353,2.114130434782609,2,tagalog,11.467327365728902,3
Si Ama,10.090909090909092,2.045045045045045,2,tagalog,12.47698607698608,3
Si Asheela,8.893617021276595,2.0322966507177034,2,tagalog,11.859611116766771,3
Si Bantay at ang Kanyang Kaibigan,9.4,1.9148936170212767,2,tagalog,10.671744680851067,3
Si Chisay,5.857142857142857,2.1707317073170733,2,tagalog,12.308919860627181,3
Si Didi at ang Makulay na Kayamanan,8.696428571428571,1.915811088295688,2,tagalog,10.408177984746263,3
Si Isa (ang Dilaw na Kulisap),9.538461538461538,2.024193548387097,2,tagalog,12.015483870967746,3
Si Itong Ang Bibong Talangka,7.086956521739131,1.987730061349693,2,tagalog,10.629127767404643,3
Si Lalu ang Kuwago,10.0,1.9555555555555555,2,tagalog,11.385555555555559,3
Si Lolo at ang kanyang mga Kaibigan,6.966666666666667,2.200956937799043,2,tagalog,13.098291866028706,3
Si Nanay,8.347826086956522,2.125,2,tagalog,12.740652173913045,3
Si Tagpi (Ang Asong Kawili-wili),9.2,2.0380434782608696,2,tagalog,12.046913043478263,3
Sino ang Kumagat ng Bayabas?,4.222222222222222,1.819078947368421,2,tagalog,7.521798245614036,3
Sino ang Tutulong sa Akin,5.65625,1.7348066298342542,2,tagalog,7.0866557320442,3
Super Nanay,10.625,1.952941176470588,2,tagalog,11.59845588235294,3
Ulap,6.25,1.5,2,tagalog,4.547500000000003,3
Umulan sa Bukid,4.888888888888889,1.8863636363636365,2,tagalog,8.575757575757578,3
Unang Araw ng Eskwela,9.434782608695652,1.9631336405529956,2,tagalog,11.25454217591665,3
Unang Operasyon ni Doktor Sokha,10.193877551020408,1.992992992992993,2,tagalog,11.902929562215277,3
Who Will Win?,8.764705882352942,2.040268456375839,2,tagalog,11.90340307935255,3
3…2…1… Blast Off,14.5,2.1149425287356323,3,tagalog,15.021321839080464,3
Ang Aming Pangarap,10.375,1.9397590361445785,3,tagalog,11.345406626506026,3
Ang Araw at Gabi,12.5,2.0,3,tagalog,12.885000000000002,3
Ang Bagong Sapatos ni Lito,9.8,1.9387755102040816,3,tagalog,11.109551020408162,3
Ang Bangka ni Tatay,6.715909090909091,1.9746192893401016,3,tagalog,10.329712159667746,3
Ang Batang Kambing at ang Kanyang mga Kaibigan,8.88888888888889,1.868055555555556,3,tagalog,9.91972222222223,3
Ang Batang Matapat,8.777777777777779,1.9746835443037976,3,tagalog,11.134599156118146,3
Ang Batang si Pat,9.3,2.075268817204301,3,tagalog,12.525172043010752,3
Ang Buhok ni Donna,7.304347826086956,1.956845238095238,3,tagalog,10.349469461697723,3
Ang Butas sa Itim na Sapatos ni Lito,9.0,2.3703703703703702,3,tagalog,15.890370370370373,3
Ang Dula,7.475409836065574,2.026864035087719,3,tagalog,11.242405450100662,3
Ang Gamit sa Paaralan,9.3125,1.9843400447427293,3,tagalog,11.457087527964209,3
Ang Gintong Kudong,11.0,2.0439882697947214,3,tagalog,12.819061583577714,3
Ang Ibon sa Kakahuyan,11.7,1.948717948717949,3,tagalog,11.967871794871797,3
Ang Idolo ni Beatrice,7.288590604026845,2.1372007366482504,3,tagalog,12.471519028019824,3
Ang Inuuwian ng mga Pawikan,8.49367088607595,1.965722801788376,3,tagalog,10.91806070667246,3
Ang Kabutihan ng Tao,8.117647058823529,1.920289855072464,3,tagalog,10.235302642796253,3
Ang Kambal na Kabute,10.933333333333334,2.179878048780488,3,tagalog,14.39656097560976,3
Ang Kasal ni Lobo,11.951219512195122,2.006122448979592,3,tagalog,12.743220507715286,3
Ang Kuneho at Ang Matapang Niyang Kaibigan,5.483870967741935,2.070588235294118,3,tagalog,10.981650853889949,3
Ang Kwento ni Josenette,7.0,1.9327731092436973,3,tagalog,9.946722689075632,3
Ang Kwento ni Jovie,13.563218390804598,2.145762711864407,3,tagalog,15.019655172413795,3
Ang Kwento ni Leah,7.030769230769231,1.811816192560175,3,tagalog,8.531431072210069,3
Ang Kwento sa Cordillera,9.42,2.0042462845010616,3,tagalog,11.733906157112528,3
Ang Kwento sa Kindergarten,6.92,2.057803468208093,3,tagalog,11.390880924855498,3
Ang Lapis ni Ningning,8.5,2.01038062283737,3,tagalog,11.44749134948097,3
Ang Lola ng Batikang Manok,8.327272727272728,1.9017467248908295,3,tagalog,10.098247717348155,3
Ang Mag-aaral Kong si Richard,16.035714285714285,1.979955456570156,3,tagalog,14.027402958956412,3
Ang Magkaibigang Bitoy at Caloy,11.209302325581396,2.107883817427386,3,tagalog,13.654656952619899,3
Ang Magkapatid,12.0,2.075757575757576,3,tagalog,13.5839393939394,3
Ang Magkapatid na Sina Ben at Sam,7.5,2.6666666666666665,3,tagalog,18.801666666666666,3
Ang Mahiwagang Bulaklak,8.78125,1.99288256227758,3,tagalog,11.350701734875447,3
Ang Manikang Hiling ni Amanda,8.833333333333334,1.987993138936535,3,tagalog,11.313319039451116,3
Ang Masayang Tagpuan,10.083333333333334,2.231404958677686,3,tagalog,14.6730785123967,3
Ang Masusustansyang Gulay,8.583333333333334,1.951456310679612,3,tagalog,10.78468446601942,3
Ang mga Bulaklak ni Celine,7.503759398496241,2.156312625250501,3,tagalog,12.780955143369447,3
Ang Ambisyosong si Turing,10.818181818181818,2.034813925570228,3,tagalog,12.639895230819604,3
Ang Muling Paglipad ni Gero Paruparo,8.925925925925926,2.240663900414938,3,tagalog,14.33094513600738,3
Ang Munting Palaka,19.428571428571427,2.0808823529411766,3,tagalog,16.541554621848743,3
Ang Munting Parol ni Carol,11.024390243902438,1.9601769911504423,3,tagalog,11.839600690697171,3
Ang Nawawalang Paraiso,10.548387096774194,2.018348623853211,3,tagalog,12.340384729209823,3
Ang Nawawalang Pusa,10.80952380952381,2.004405286343612,3,tagalog,12.27769666456891,3
Ang Ngiti ni Ningning,8.53191489361702,2.1408977556109727,3,tagalog,13.000040324720121,3
Ang Pagbubuklod ng Pamilya,10.867924528301886,2.046875,3,tagalog,12.80161556603774,3
Ang Paghihintay,22.0,2.015151515151515,3,tagalog,16.76878787878788,3
Ang Pagiging Matapat,8.909090909090908,1.9285714285714288,3,tagalog,10.641688311688313,3
Ang Pamilya,12.625,1.99009900990099,3,tagalog,12.816918316831686,3
Ang Pamilyang Nagkakaisa,10.444444444444445,2.3404255319148937,3,tagalog,16.10035460992908,3
Ang Panaginip ni Dholma,9.166666666666666,1.8745454545454543,3,tagalog,10.104636363636363,3
Ang Pangarap ni Raprap,12.6,2.023809523809524,3,tagalog,13.204952380952388,3
Ang Selosong Ulap,11.725,1.914712153518124,3,tagalog,11.576353411513864,3
Ang Sombrero ni Lolo,7.585714285714285,1.9246704331450093,3,tagalog,10.079539682539686,3
Ang Tagahagis ng Bituin,12.666666666666666,2.088345864661654,3,tagalog,13.992481203007518,3
Ang Umaga ni Ding,12.625,2.207920792079208,3,tagalog,15.387215346534656,3
Bakit Bawal Lumabas,16.0,2.1160714285714284,3,tagalog,15.619642857142853,3
Batang Matulungin,11.545454545454543,2.094488188976378,3,tagalog,13.627687902648528,3
Benepisyo ng Tsokolate,14.15,2.120141342756184,3,tagalog,14.946167844522975,3
Best Programmer,8.72645739910314,2.014388489208633,3,tagalog,11.583102558312095,3
Gumawa si Edi ng Saranggola,11.68421052631579,1.9684684684684688,3,tagalog,12.19477003319109,3
Habal-Habal ni Hannibal,9.3125,2.077181208053691,3,tagalog,12.552613255033556,3
Hindi Ako Si Pangga,7.058252427184466,1.9573590096286104,3,tagalog,10.259554760219547,3
Kaibigan sa Kagubatan,10.023255813953488,1.9443155452436196,3,tagalog,11.261993201316574,3
Mangarap Tayo,12.571428571428571,2.1931818181818183,3,tagalog,15.192402597402602,3
May Bisita sa Manokan,8.361702127659575,1.9923664122137408,3,tagalog,11.180987493909374,3
Mga Bayani sa Komunidad,8.458452722063038,1.98340108401084,3,tagalog,11.1129293529325,3
Mga Kabuhayan sa Eastern Samar Apektado ng Pananalasa ng Bagyong Ambo,22.75,2.0494505494505493,3,tagalog,17.466016483516487,3
Misyon ni Alates,7.0256410256410255,1.9762773722627736,3,tagalog,10.470072992700732,3
Nagsalita na si Tipaklong,9.053571428571429,2.076923076923077,3,tagalog,12.448585164835166,3
Nakababagot na Araw,10.0625,2.0434782608695654,3,tagalog,12.447418478260875,3
Oh Kalikasan!,13.152173913043478,2.021487603305785,3,tagalog,13.39290154509522,3
Paano Nailigtas ng Langgam ang Kalapati,9.51219512195122,2.056410256410256,3,tagalog,12.385397123202,3
Pandemic Crisis Covid-19,35.75,2.055944055944056,3,tagalog,22.61263986013986,3
Pasukan Na Naman,10.1,2.089108910891089,3,tagalog,13.000485148514855,3
Sa Panahon ng Pandemya,10.727272727272728,2.135593220338983,3,tagalog,13.793636363636367,3
Si Ada at Neneng,6.0,2.048245614035088,3,tagalog,10.91929824561404,3
Si Aling Nating at ang Kaniyang Walis Tingting,8.6875,2.0449640287769784,3,tagalog,11.928700539568347,3
Si Allen at si Ningning,11.157894736842104,2.0235849056603774,3,tagalog,12.639880834160873,3
Si Asi,12.25,1.969387755102041,3,tagalog,12.426275510204086,3
Si Bentong,5.475,1.9246575342465757,3,tagalog,9.256208904109595,3
Si Diday,8.924528301886792,2.06553911205074,3,tagalog,12.263927559934583,3
Si Didi at ang kanyang Motorsiklo,10.115384615384617,2.026615969581749,3,tagalog,12.269068441064643,3
Si Dira at Chaku,8.882352941176471,1.9403973509933772,3,tagalog,10.770806388780677,3
Si Dolly at ang Kaniyang Munting Pulang Payong,9.233333333333333,1.895306859205776,3,tagalog,10.375620938628156,3
Si Kabugwasun at ang mga Bituin,8.296875,2.056497175141243,3,tagalog,11.912447916666668,3
Si Langgam at si Kalapati,12.035714285714286,2.148367952522255,3,tagalog,14.454670411191184,3
Si Mamertong Madungis,8.576,1.9944029850746268,3,tagalog,11.288595223880598,3
Si Pam,11.0,2.115702479338843,3,tagalog,13.66528925619835,3
Si Santol,7.961538461538462,1.9420289855072463,3,tagalog,10.430942028985509,3
Si Tintin,7.729166666666667,2.059299191374663,3,tagalog,11.724105458221025,3
Si Wangari Maathai,12.394736842105264,1.9575371549893843,3,tagalog,12.34288579729579,3
Sina Bulilit at Kulilit,7.712643678160919,2.150521609538003,3,tagalog,12.794086027031199,3
Super Wanda,4.651162790697675,2.145,3,tagalog,11.534953488372096,3
Tatlong Magkakaibigan,7.5,2.1266666666666665,3,tagalog,12.429666666666666,3
Tayo ang Magbilang Kasama si Moru,12.063953488372093,1.976385542168675,3,tagalog,12.43629125805548,3
The King’s Secret,9.0,2.014141414141414,3,tagalog,11.686868686868689,3
Tungkulin sa Tahanan,12.22222222222222,2.163636363636364,3,tagalog,14.707575757575764,3
Unang Kaibigan ni Iko,7.75,2.0023041474654377,3,tagalog,11.059688940092169,3
Akong Higala,3.9,2.128205128205128,1,cebuano,11.043820512820517,3
Alibangbang ug Kalaw,5.714285714285714,2.05,1,cebuano,10.828571428571426,3
Amigo Kong Piso,2.9166666666666665,2.1142857142857143,1,cebuano,10.49607142857143,3
An Akon Pamilya,5.5,2.121212121212121,1,cebuano,11.58530303030303,3
Ang  Paypay ni Pipay,4.25,1.8823529411764703,1,cebuano,8.279264705882351,3
Ang Adlaw,3.4761904761904763,2.3013698630136985,1,cebuano,12.92187866927593,3
Ang Akong Alkansiya,3.2,2.0625,1,cebuano,9.995500000000003,3
Ang Akong Dulaan,4.777777777777778,1.9534883720930232,1,cebuano,9.324496124031008,3
Ang Akong Higala,6.4,2.15625,1,cebuano,12.349750000000004,3
Ang Akong Suod Nga Amigo,5.583333333333333,1.9402985074626864,1,cebuano,9.483022388059698,3
Ang Among Pamilya,4.521739130434782,2.0673076923076925,1,cebuano,10.567709030100339,3
Ang Anak ug Amahan,5.166666666666667,2.129032258064516,1,cebuano,11.54758064516129,3
Ang Baka,12.125,1.855670103092784,1,cebuano,11.035657216494851,3
Ang Baki,8.88888888888889,2.075,1,cebuano,12.361666666666668,3
Ang Bangaw,4.125,1.9393939393939397,1,cebuano,8.90359848484849,3
Ang Bao,3.6,2.0,1,cebuano,9.414000000000001,3
Ang Bato,3.0,2.333333333333333,1,cebuano,13.113333333333333,3
Ang Birthday ni Jennilyn,5.111111111111111,2.152173913043478,1,cebuano,11.798985507246375,3
Ang Bitoon,7.571428571428571,2.0,1,cebuano,10.962857142857143,3
Ang Bola ni Mila,5.571428571428571,1.8974358974358971,1,cebuano,8.972600732600732,3
Ang Buhok,3.8333333333333335,1.608695652173913,1,cebuano,4.887608695652176,3
Ang Bulak nga Santan,4.2,1.6666666666666667,1,cebuano,5.71466666666667,3
Ang Celfon ni Niña,5.111111111111111,1.891304347826087,1,cebuano,8.720724637681158,3
Ang Dagat,3.5,2.0,1,cebuano,9.375,3
Ang Dala ni Almaug Mama,4.25,1.8235294117647056,1,cebuano,7.585147058823527,3
Ang Dalunggan,3.941176470588236,2.238805970149253,1,cebuano,12.364969271290601,3
Ang French Fries,4.3,2.046511627906977,1,cebuano,10.235837209302328,3
Ang Gasa ni Mama,3.571428571428572,1.68,1,cebuano,5.626857142857144,3
Ang Gasa,3.4,1.6470588235294117,1,cebuano,5.1712941176470615,3
Ang Gatas sa Lata,3.8333333333333335,1.6956521739130437,1,cebuano,5.913695652173917,3
Ang Hardin Ni Balaraw,15.133333333333333,2.0837004405286343,1,cebuano,14.899665198237887,3
Ang Hardin Ni Hannah,6.611111111111111,1.8739495798319328,1,cebuano,9.10093837535014,3
Ang Hardin Ni Susan,10.444444444444445,1.946808510638298,1,cebuano,11.455673758865252,3
Ang Hiniktan ni Islaw,5.454545454545454,2.1166666666666667,1,cebuano,11.513939393939399,3
Ang Iring ni Ling,2.875,1.4782608695652173,1,cebuano,2.974728260869565,2
Ang Iring ni Luming,3.0,1.9375,1,cebuano,8.442499999999999,3
Ang Iro ni Pedro,5.538461538461538,2.013888888888889,1,cebuano,10.33388888888889,3
Ang Itoy ni Ikoy,4.9,1.836734693877551,1,cebuano,7.994469387755107,3
Ang Kabaw nga si Kulas,3.2857142857142856,1.7391304347826086,1,cebuano,6.213167701863355,3
Ang Kabaw ni lolo,3.1666666666666665,1.736842105263158,1,cebuano,6.139736842105265,3
Ang Kaka ni Katkat,2.0,1.6666666666666667,1,cebuano,4.856666666666669,3
Ang Kaka ni Tata,4.0,1.5,1,cebuano,3.6700000000000017,3
Ang Kaka,4.0,1.55,1,cebuano,4.260000000000002,3
Ang Kalikupan,3.0,2.282051282051282,1,cebuano,12.50820512820513,3
Ang Kalo ni Karlo,3.8333333333333335,1.7826086956521738,1,cebuano,6.939782608695655,3
Ang Kama ni Mama ug Makmak,3.6666666666666665,1.5454545454545454,1,cebuano,4.076363636363638,3
Ang kama,3.0,1.5555555555555556,1,cebuano,3.935555555555556,3
Ang Kamot ni Momay,3.5,1.6666666666666667,1,cebuano,5.441666666666666,3
Ang Kanding ni Karding,3.6666666666666665,2.090909090909091,1,cebuano,10.512727272727272,3
Ang Kanding Ni Pedro,8.625,2.072463768115942,1,cebuano,12.228822463768115,3
Ang Kanta ni Anta,5.2,2.25,1,cebuano,12.988,3
Ang kilay ni Kentoy,5.875,1.872340425531915,1,cebuano,8.794867021276598,3
Ang Kusog nga Linog,3.571428571428572,2.08,1,cebuano,10.346857142857147,3
Ang Kwarto Ko,2.857142857142857,1.875,1,cebuano,7.649285714285714,3
Ang Langaw,3.727272727272727,1.853658536585366,1,cebuano,7.736807095343682,3
Ang Lapis ni Sedes,3.5,2.142857142857143,1,cebuano,11.060714285714287,3
Ang Lima ka Baki,5.0,1.5666666666666669,1,cebuano,4.846666666666671,3
Ang Lima ka Managsuon,7.722222222222222,2.093525179856115,1,cebuano,12.125263788968827,3
Ang Magtutudlo,3.5,2.238095238095238,1,cebuano,12.18452380952381,3
Ang Mama ni Tata,2.4,1.6666666666666667,1,cebuano,5.012666666666668,3
Ang Mananagat,10.0,1.45,1,cebuano,5.419999999999998,3
Ang Mangga ni Manang Mina,5.1,2.0392156862745097,1,cebuano,10.461745098039216,3
Ang Mangga,3.272727272727273,1.9166666666666667,1,cebuano,8.303030303030305,3
Ang Manok,4.0,1.625,1,cebuano,5.145,3
Ang Mata ni Matmat,2.5,1.6,1,cebuano,4.265000000000004,3
Ang mata,3.375,1.5555555555555556,1,cebuano,4.081805555555558,3
Ang mga Bata,2.9166666666666665,1.9714285714285715,1,cebuano,8.810357142857146,3
Ang mga Isda,2.875,2.260869565217391,1,cebuano,12.209510869565218,3
Ang mga Prutas,5.375,1.7674418604651163,1,cebuano,7.362063953488374,3
Ang Monyeka,4.4,2.386363636363636,1,cebuano,14.285090909090904,3
Ang Ok-ok,3.8333333333333335,1.6956521739130437,1,cebuano,5.913695652173917,3
Ang Panimalay,3.3125,2.452830188679245,1,cebuano,14.645271226415097,3
Ang Pati ni Pipo,6.384615384615385,1.8313253012048192,1,cebuano,8.509638554216867,3
Ang Payag ni Tatay,9.0,1.8222222222222224,1,cebuano,9.422222222222228,3
Ang Plaza,3.375,2.240740740740741,1,cebuano,12.166990740740744,3
Ang Prutas,3.4166666666666665,2.1463414634146343,1,cebuano,11.069329268292687,3
Ang Regalo,4.4,2.136363636363636,1,cebuano,11.335090909090905,3
Ang Relo ni Jelo,14.22222222222222,1.4765625,1,cebuano,7.380104166666669,3
Ang Sakyanan,4.7,2.297872340425532,1,cebuano,13.35789361702128,3
Ang Sapatos,5.833333333333333,2.057142857142857,1,cebuano,10.959285714285713,3
Ang Saya ni Ana,4.133333333333334,1.9838709677419355,1,cebuano,9.431677419354841,3
Ang Saya,4.0,1.75,1,cebuano,6.620000000000001,3
Ang Sorpresa,5.4,2.1296296296296298,1,cebuano,11.645629629629635,3
Ang Tabanog ni Isko,5.0,2.175,1,cebuano,12.024999999999999,3
Ang Tabanog,4.333333333333333,2.051282051282051,1,cebuano,10.305128205128206,3
Ang Tam-is nga Mansanas,6.416666666666667,1.8831168831168832,1,cebuano,9.133279220779226,3
Ang Tanaman ni Helen,5.1,2.0588235294117645,1,cebuano,10.693117647058823,3
Ang Tasa,3.1666666666666665,1.5789473684210529,1,cebuano,4.276578947368424,3
Ang Tsinelas,5.375,2.069767441860465,1,cebuano,10.929505813953487,3
Ang Tubig sa Gripo,4.4,2.0,1,cebuano,9.726000000000003,3
Ang Tunghaan,4.0,2.375,1,cebuano,13.995000000000001,3
Ang Unlan,2.6666666666666665,1.75,1,cebuano,6.100000000000001,3
Ang Upat ka Managsuon,4.5,2.388888888888889,1,cebuano,14.35388888888889,3
Ang Utanon,3.25,2.3076923076923075,1,cebuano,12.908269230769232,3
Ang Xylophone,4.923076923076923,2.015625,1,cebuano,10.114375000000003,3
Ang Yoyo,2.0,1.6666666666666667,1,cebuano,4.856666666666669,3
Atis ug Tambis,3.1666666666666665,1.5263157894736843,1,cebuano,3.6555263157894764,3
Baha sa Tunghaan sa Inayagan,2.833333333333333,2.176470588235294,1,cebuano,11.197352941176472,3
Balay ni Maya,3.1666666666666665,1.736842105263158,1,cebuano,6.139736842105265,3
Barangay Ko Ampingan Ko,9.22222222222222,1.9759036144578312,1,cebuano,11.322329317269077,3
Buhok ni Mila,4.666666666666667,1.7142857142857142,1,cebuano,6.458571428571428,3
Dagan,2.142857142857143,1.8666666666666667,1,cebuano,7.272380952380953,3
Duha ka Higala,5.4,1.8888888888888888,1,cebuano,8.804888888888893,3
Gaihap ug Iring,3.333333333333333,1.7,1,cebuano,5.770000000000003,3
Kaka ni Katkat,3.75,1.5333333333333334,1,cebuano,3.965833333333336,3
Kaka,4.0,1.5,1,cebuano,3.6700000000000017,3
Kaloy Mag-uuma,3.5,2.142857142857143,1,cebuano,11.060714285714287,3
Kari na ug mulupad!,4.1875,2.1343283582089554,1,cebuano,11.228199626865674,3
Kasinatian sa Bukid,9.181818181818182,1.9306930693069304,1,cebuano,10.773087308730872,3
Katkat Ta,2.4,1.5,1,cebuano,3.046000000000003,3
Kinabuhi sa Alibangbang,6.666666666666667,1.9,1,cebuano,9.430000000000003,3
Koko ni Osta,2.6666666666666665,1.6875,1,cebuano,5.362500000000001,3
Magtutudlo,4.428571428571429,2.193548387096774,1,cebuano,12.021013824884793,3
Mama sa Kama,2.0,1.75,1,cebuano,5.840000000000003,3
Mama,3.5,1.5714285714285714,1,cebuano,4.317857142857143,3
Mananom Kita,5.0,2.2181818181818183,1,cebuano,12.534545454545455,3
Manuroy Kita,4.727272727272728,1.9807692307692308,1,cebuano,9.62671328671329,3
Mao ni si Yoyo Som,9.166666666666666,1.8,1,cebuano,9.225000000000001,3
Mata ni Dina,3.8,1.736842105263158,1,cebuano,6.386736842105265,3
Matmat,4.333333333333333,1.6153846153846154,1,cebuano,5.161538461538463,3
Mga Pangalan sa Bata,7.0,1.8571428571428568,1,cebuano,9.054285714285712,3
Nindot nga Ugma,4.909090909090909,2.0,1,cebuano,9.924545454545456,3
Numero nga Usa hangtod Napulo,3.375,2.1666666666666665,1,cebuano,11.292916666666667,3
Paglimpyo sa Lawas,3.111111111111111,2.071428571428572,1,cebuano,10.066190476190485,3
Pagluto,5.5,2.1818181818181817,1,cebuano,12.300454545454546,3
Pamilyang Racaza,3.869565217391304,2.404494382022472,1,cebuano,14.292164142647781,3
Prutas sa Basket,5.25,1.8571428571428568,1,cebuano,8.37178571428571,3
Prutas ug Gulay,5.571428571428571,1.8461538461538465,1,cebuano,8.367472527472533,3
Relo ni Willy,2.583333333333333,2.161290322580645,1,cebuano,10.920725806451614,3
Sa Dagat,3.5,1.6666666666666667,1,cebuano,5.441666666666666,3
Sa Zoo,7.428571428571429,2.0,1,cebuano,10.907142857142858,3
Saya ni Mama,3.6666666666666665,1.5,1,cebuano,3.5400000000000027,3
Si Balaraw,15.0,2.0844444444444443,1,cebuano,14.856444444444445,3
Si Boboy ug Dodoy,6.583333333333333,1.9873417721518989,1,cebuano,10.428132911392407,3
Si Cardo,5.3,1.849056603773585,1,cebuano,8.295867924528302,3
Si Diday,3.8333333333333335,1.608695652173913,1,cebuano,4.887608695652176,3
Si Kabang ug ang Puting Iring,9.0,1.8571428571428568,1,cebuano,9.834285714285713,3
Si Kabang,4.8,1.9166666666666667,1,cebuano,8.898666666666667,3
Si kokoy ug Si Kakay,8.25,2.0303030303030303,1,cebuano,11.585075757575758,3
Si kokoy,8.25,2.0303030303030303,1,cebuano,11.585075757575758,3
Si Lando,7.75,2.3225806451612905,1,cebuano,14.83895161290323,3
Si Leny,10.625,1.847058823529412,1,cebuano,10.349044117647065,3
Si Lolo Lito,3.857142857142857,1.851851851851852,1,cebuano,7.766137566137569,3
Si Mama og si Tamtam,2.75,1.7272727272727273,1,cebuano,5.864318181818184,3
Si Manang Tina,4.9,1.8571428571428568,1,cebuano,8.235285714285713,3
Si Maring,2.9166666666666665,2.1714285714285717,1,cebuano,11.170357142857146,3
Si Mayde,5.2,2.0384615384615383,1,cebuano,10.491846153846154,3
Si Navy ug si Bora,5.222222222222222,1.8085106382978724,1,cebuano,7.787092198581561,3
Si Nida ug Pina,3.4,1.5294117647058822,1,cebuano,3.7830588235294123,3
Si Nino,3.176470588235294,2.074074074074074,1,cebuano,10.12289760348584,3
Si Ola ug Oli,3.5,1.6666666666666667,1,cebuano,5.441666666666666,3
Si Osta,3.25,1.8461538461538465,1,cebuano,7.462115384615391,3
Si Susan,10.22222222222222,1.9565217391304348,1,cebuano,11.483623188405797,3
Si Tata,3.6666666666666665,1.7727272727272727,1,cebuano,6.758181818181818,3
Si Tatay Marlito,5.076923076923077,2.196969696969697,1,cebuano,12.314242424242423,3
Si Trining,5.875,2.021276595744681,1,cebuano,10.552313829787238,3
Si Yuko,3.333333333333333,1.8,1,cebuano,6.950000000000003,3
Suroy-Suroy sa Tamnanan,9.2,1.9782608695652173,1,cebuano,11.341478260869568,3
Tagu-Tagu,5.3,1.9245283018867925,1,cebuano,9.186433962264154,3
Trak ni Nino,2.9,1.9310344827586208,1,cebuano,8.327206896551726,3
Tumba Lata,2.6666666666666665,2.125,1,cebuano,10.525000000000002,3
Tunghaan,5.857142857142857,2.024390243902439,1,cebuano,10.582090592334499,3
Unang mga Bulok,3.8333333333333335,1.7391304347826086,1,cebuano,6.426739130434786,3
Unlan ug Habol,3.1666666666666665,1.5789473684210529,1,cebuano,4.276578947368424,3
Unsa Nga Kahoy Kini,5.75,1.9420289855072463,1,cebuano,9.568442028985508,3
Usa ka Malipayong Adlaw sa Umahan,4.6,1.9891304347826089,1,cebuano,9.675739130434788,3
Vase ni Queenie,3.75,2.15,1,cebuano,11.2425,3
Akong Mama ug Ako,5.466666666666667,2.3902439024390243,2,cebuano,14.746878048780491,3
Ang Adlaw na Niulan og Isda,10.5,1.9413919413919412,2,cebuano,11.413424908424908,3
Ang Akong Damgo,5.0,2.2363636363636363,2,cebuano,12.74909090909091,3
Ang Akong Eskwelahan,13.8,2.188405797101449,2,cebuano,15.615188405797099,3
Ang Akong Manok,9.0,2.095238095238096,2,cebuano,12.643809523809534,3
Ang Akong Mga Anak,7.4,2.0675675675675675,2,cebuano,11.693297297297299,3
Ang Akong Pamilya,4.894736842105263,2.2580645161290325,2,cebuano,12.964108658743637,3
Ang Akong Suod Nga Higala,7.714285714285714,1.9814814814814812,2,cebuano,10.800052910052909,3
Ang Akong Tatay ug Nanay,6.9,1.8985507246376807,2,cebuano,9.503898550724632,3
Ang Among Iring,10.714285714285714,1.9066666666666667,2,cebuano,11.087238095238096,3
Ang Among Lungsod sa Cordova,5.055555555555555,2.2857142857142856,2,cebuano,13.35309523809524,3
Ang Baha sa Siyudad,4.4,1.9659090909090908,2,cebuano,9.323727272727275,3
Ang Baha,4.538461538461538,2.0847457627118646,2,cebuano,10.780000000000005,3
Ang Barangay Kalipay,4.875,2.068376068376069,2,cebuano,10.718087606837617,3
Ang Bata,9.0,1.9333333333333331,2,cebuano,10.733333333333334,3
Ang Batang Bayani,4.636363636363637,2.1633986928104574,2,cebuano,11.746286393345219,3
Ang Batang Kugihan,4.82051282051282,2.3138297872340425,2,cebuano,13.593191489361704,3
Ang Batang Maldito,4.666666666666667,2.142857142857143,2,cebuano,11.515714285714289,3
Ang Butang na Nalimtan,3.2,2.270833333333333,2,cebuano,12.453833333333332,3
Ang Computer,5.136363636363637,2.2389380530973453,2,cebuano,12.832650844730495,3
Ang Dag-om sa Kalangitan,7.45,1.7718120805369129,2,cebuano,8.222882550335573,3
Ang Dako ug Balhibuong Khyaa,6.52,1.852760736196319,2,cebuano,8.815376687116565,3
Ang Inahan,9.0,2.1777777777777776,2,cebuano,13.617777777777778,3
Ang Iro ni Miro,5.2,2.076923076923077,2,cebuano,10.945692307692308,3
Ang Kabaw sa Bukid,4.4375,1.971830985915493,2,cebuano,9.40823063380282,3
Ang Kinabuhi ni Edwards,4.958333333333333,2.100840336134454,2,cebuano,11.133665966386555,3
Ang Klasmet kong Buta,5.363636363636363,1.8983050847457628,2,cebuano,8.901818181818182,3
Ang Langub sa Igutan,6.466666666666667,2.195876288659794,2,cebuano,12.84334020618557,3
Ang Lapis,7.5,2.0,2,cebuano,10.935000000000002,3
Ang Makililimos,5.722222222222222,2.4271844660194173,2,cebuano,15.28244336569579,3
Ang Managhigalang Alibangbang,10.666666666666666,2.18125,2,cebuano,14.30875,3
Ang Mga Hayop sa Bukid,1.4027777777777777,2.1782178217821784,2,cebuano,10.660053630363041,3
Ang mga kahoy,5.9,1.957627118644068,2,cebuano,9.811000000000003,3
Ang mga Magulang ug Manghud nga,9.5,1.7280701754385963,2,cebuano,8.506228070175435,3
Ang Ngipon ni Nilo,4.866666666666666,2.1198630136986303,2,cebuano,11.32238356164384,3
Ang Pag-apil ni Sutiha sa Lalumba sang Karang,8.135135135135135,2.0398671096345518,2,cebuano,11.653134596390416,3
Ang Pagkiay ni Ikay,6.625,2.10377358490566,2,cebuano,11.818278301886789,3
Ang Pagluwas sa Kinaiyahan,5.232142857142857,2.252559726962457,2,cebuano,13.03074049244271,3
Ang Pagsisipilyo Dili Sadya,6.89,2.0130624092888243,2,cebuano,10.851236429608129,3
Ang Pamilya Villa,4.7,2.042553191489361,2,cebuano,10.345127659574462,3
Ang Panahon,4.5,2.074074074074074,2,cebuano,10.639074074074074,3
Ang Panganod nga Basura,9.77777777777778,2.109090909090909,2,cebuano,13.110606060606063,3
Ang Prinsipe ug ang Tigre,6.135135135135135,1.9559471365638768,2,cebuano,9.88287891415645,3
Ang punuan sa kumpang,5.916666666666667,1.97887323943662,2,cebuano,10.068204225352119,3
Ang Regalo ni Lito ug Selo,5.636363636363637,2.088709677419355,2,cebuano,11.254956011730208,3
Ang regalong relo,6.08,1.9078947368421053,2,cebuano,9.294357894736844,3
Ang Sista ni Tatay,6.222222222222222,2.0535714285714284,2,cebuano,11.068809523809524,3
Ang Sudlay ni Pipay,5.5,1.9393939393939397,2,cebuano,9.43984848484849,3
Ang Sulod sa Libro,8.72972972972973,1.9287925696594428,2,cebuano,10.574346916576022,3
Ang Sulondon nga Bata,5.344827586206897,2.3225806451612905,2,cebuano,13.90093437152392,3
Ang Sulti ni Nanay,5.027027027027027,2.1451612903225805,2,cebuano,11.683443766346993,3
Ang Suod nga Managhigala,5.4,2.302469135802469,2,cebuano,13.68513580246914,3
Ang Tinubdan,5.285714285714286,2.1486486486486487,2,cebuano,11.825482625482628,3
Ang Trabahanteng Olmigas,8.5,2.1911764705882355,2,cebuano,13.580882352941181,3
Ang Tuna ug ang Pula nga Lumot,11.683544303797468,1.8450704225352117,2,cebuano,10.738413264396513,3
Ang Una Na Operasyon ni Dr Sokha,10.137254901960784,1.9497098646034816,2,cebuano,11.37010581408579,3
Ang Unlan ni Nanay,4.7,1.7659574468085106,2,cebuano,7.081297872340425,3
Ang Upat ka Hayop,5.45,2.1376146788990824,2,cebuano,11.759353211009174,3
Ang Valentines Card,7.357142857142857,1.805825242718447,2,cebuano,8.588023578363387,3
Ang Wati,4.568627450980392,1.965665236051502,2,cebuano,9.386614491290075,3
Ayaw Patinguga ang Kampana,8.617647058823529,2.0102389078498293,2,cebuano,11.491701465569161,3
Baryo Rosas,14.3,1.951048951048951,2,cebuano,13.009377622377624,3
Basketbol,9.0,2.037037037037037,2,cebuano,11.957037037037043,3
Cilly Cellphone,3.345454545454545,1.7934782608695652,2,cebuano,6.8777707509881445,3
Computer,7.0,2.071428571428572,2,cebuano,11.58285714285715,3
Eskwelahan,4.4375,2.464788732394366,2,cebuano,15.22513204225352,3
Gutom Kaayo Ko,9.588235294117649,2.1717791411042944,2,cebuano,13.776405629736555,3
Himsog nga Lawas,7.142857142857143,2.38,2,cebuano,15.279714285714284,3
Hoy Makaw,6.0,1.925,2,cebuano,9.465000000000003,3
Importante ang Gatas,6.578947368421052,1.928,2,cebuano,9.726189473684212,3
Kaya Sad na ni Duma,4.4,1.8522727272727275,2,cebuano,7.982818181818189,3
Kinsa ang Mahimo Nakong Maestro sa Abri-klase,6.043478260869565,1.9496402877697845,2,cebuano,9.772711917422587,3
Lights Camera Action,10.824742268041238,2.12,2,cebuano,13.647649484536085,3
Maanindot nga Kamot,5.451612903225806,2.171597633136095,2,cebuano,12.160981103263985,3
Manong Puso,5.071428571428571,2.0528169014084505,2,cebuano,10.611096579476861,3
Mga Bituon,5.6875,2.175824175824176,2,cebuano,12.30285027472528,3
Nangutana ang Magtutudlo,11.5,2.010869565217391,2,cebuano,12.623260869565215,3
Oras Na,5.117647058823529,2.0919540229885056,2,cebuano,11.090939824205545,3
Pagdali-dali sa mga Drayber,4.628571428571429,2.037037037037037,2,cebuano,10.2521798941799,3
Pagligid,5.470588235294118,2.0,2,cebuano,10.143529411764707,3
Pagsuroy-suroy sa Zoo,5.666666666666667,1.9803921568627447,2,cebuano,9.988627450980392,3
Sa Among Bukid,4.578947368421052,2.103448275862069,2,cebuano,11.016479128856627,3
Sa Merkado,5.5,1.9659090909090908,2,cebuano,9.752727272727274,3
Sakong Mga Kamot,6.666666666666667,1.8875,2,cebuano,9.282500000000002,3
Si Baboy,5.093023255813954,2.1689497716894977,2,cebuano,11.989886375703517,3
Si Bantay ug Iyang Amigo,8.4,1.880952380952381,2,cebuano,9.881238095238096,3
Si Benny ug si Betty,4.854838709677419,2.06312292358804,2,cebuano,10.64823759511307,3
Si Chisay,5.285714285714286,2.108108108108108,2,cebuano,11.347104247104244,3
Si Dexter,5.423076923076923,1.9148936170212767,2,cebuano,9.120744680851065,3
Si Jojo,4.0285714285714285,2.0141843971631204,2,cebuano,9.748518743667677,3
Si Kaba-kabaGuryon ug Maya,5.133333333333334,2.168831168831169,2,cebuano,12.004207792207794,3
Si Ken ug Si Sandy,4.903846153846154,2.094117647058824,2,cebuano,11.033088235294127,3
Si Lalu ang Kuwago,10.77777777777778,1.9484536082474224,2,cebuano,11.605085910652921,3
Si Lito,9.11111111111111,2.024390243902439,2,cebuano,11.851138211382118,3
Si Nikko og ang nating baka,6.625,2.0251572327044025,2,cebuano,10.890605345911954,3
Si Pila ug Pilo Koneho,4.913043478260869,2.079646017699115,2,cebuano,10.865909965371298,3
Si Susing Kanding,5.071428571428571,2.028169014084507,2,cebuano,10.320251509054327,3
Si Zeny ug Bogi,4.4375,1.6901408450704225,2,cebuano,6.084286971830988,3
Unsay naa sa Aninipot,9.173913043478262,1.962085308056872,2,cebuano,11.140432722027615,3
Usa ka Batang Babaye na Nagtubo,19.5,2.08974358974359,2,cebuano,16.673974358974366,3
Ang Atup nga Hardin,11.0,1.9318181818181817,3,cebuano,11.495454545454542,3
Ang Bag ong Silingan ni Sambag,10.325581395348838,1.9594594594594597,3,cebuano,11.558598365807672,3
Ang Bala ni Nonoy,5.043478260869565,1.956896551724138,3,cebuano,9.468335832083959,3
Ang Bandila sa Pilipinas,13.11111111111111,2.080508474576271,3,cebuano,14.073333333333334,3
Ang Buangon nga Manok,11.422535211267606,2.029593094944513,3,cebuano,12.813987252739619,3
Ang Bulan ug ang Kalo,9.363636363636363,1.941747572815534,3,cebuano,10.974439541041484,3
Ang Daku nga Panghunuhuna ni Darshana,11.318181818181818,1.9799196787148596,3,cebuano,12.187143117926254,3
Ang Damgu,9.384615384615383,1.9180327868852456,3,cebuano,10.7027868852459,3
Ang Dollhouse,7.197368421052632,2.012797074954296,3,cebuano,10.96797916867122,3
Ang Elepante sa Akong Balay,10.232558139534884,2.0,3,cebuano,12.000697674418607,3
Ang Espesyal nga Dram,4.267857142857143,1.9079497907949792,3,cebuano,8.588271817095041,3
Ang Galutaw nga Tanaman,8.6,2.037567084078712,3,cebuano,11.807291592128802,3
Ang Gamay nga Uwak,15.727272727272728,1.930635838150289,3,cebuano,13.325139253809777,3
Ang Go Bag ni Buboy,9.947368421052632,1.8941798941798944,3,cebuano,10.640796435533282,3
Ang Gusto ni Unni,8.156626506024097,1.951255539143279,3,cebuano,10.615899699240092,3
Ang Higante nga Bentelador,11.31578947368421,1.8604651162790695,3,cebuano,10.776646266829864,3
Ang Humanitarian,13.8,2.004830917874396,3,cebuano,13.449004830917879,3
Ang Ilaga ug Baki nang itag Mangga,10.88888888888889,1.9846938775510203,3,cebuano,12.076054421768706,3
Ang Iro ni Dennis,5.0625,1.9567901234567904,3,cebuano,9.474498456790126,3
Ang Isog nga Langgam,14.566666666666666,1.965675057208238,3,cebuano,13.28596567505721,3
Ang Kahayag sa Buwan,6.923076923076923,2.1,3,cebuano,11.89,3
Ang Konsyerto Para sa Tinginit,7.313953488372093,2.0317965023847377,3,cebuano,11.237640588605025,3
Ang Maayong Magtutudlo,7.3,1.9808219178082191,3,cebuano,10.63069863013699,3
Ang Magig-agaw,10.5,2.0,3,cebuano,12.105,3
Ang Mahikang Kabayo,17.771144278606965,2.008118701007839,3,cebuano,15.036546940549218,3
Ang Mangtas ug ang mga Nawa na Kukis,8.36734693877551,1.9658536585365851,3,cebuano,10.870338476854155,3
Ang Mga Hayop sa Bukid,1.4027777777777777,2.1782178217821784,3,cebuano,10.660053630363041,3
Ang Pamilya,11.692307692307692,1.980263157894737,3,cebuano,12.337105263157895,3
Ang Panaw nila Tiwi ug Boni,4.356164383561644,2.1823899371069184,3,cebuano,11.86110536745068,3
Ang Pula na Sapatos,11.75,1.9893617021276595,3,cebuano,12.466968085106384,3
Ang Puno-an sa Kinabuhi,12.2,1.8852459016393444,3,cebuano,11.413901639344264,3
Ang Selosong Panganod,11.476190476190476,2.031120331950208,3,cebuano,12.85293420272674,3
Ang Tigre sa Trapiko,14.258064516129032,1.9570135746606332,3,cebuano,13.063405342285794,3
Ang Tiguwang nga Babaye ug ang Agila,12.517857142857142,1.911554921540656,3,cebuano,11.848312359894027,3
Ang Tortillas ni Ana,14.105263157894736,2.003731343283582,3,cebuano,13.555082482325219,3
Ang Uhaw nga Langgam,9.11111111111111,1.991869918699187,3,cebuano,11.467398373983745,3
Ang Unang Higala ni Iko,8.26923076923077,1.972093023255814,3,cebuano,10.905697674418608,3
Ang Utokang Baki,8.095238095238095,2.038235294117647,3,cebuano,11.618319327731093,3
Ang Utukan nga Bata nga Lalaki ug ang Makalilisang Peligroso nga Hayop,9.54054054054054,1.998583569405099,3,cebuano,11.71409692979098,3
Ang Wala Gidahom nga Abyan,10.145833333333334,1.9856262833675564,3,cebuano,11.797265143737167,3
Ang-Plastik nga Bag ni Tok,9.257142857142858,1.8611111111111112,3,cebuano,9.981396825396828,3
Bakuna,9.571428571428571,2.1791044776119404,3,cebuano,13.856289978678042,3
Bea ug Ming-su,11.5,2.010869565217391,3,cebuano,12.623260869565215,3
Emma,10.971428571428572,2.0729166666666665,3,cebuano,13.149273809523809,3
Green Star,5.866666666666666,2.038636363636364,3,cebuano,10.753909090909097,3
Gusto ni Juliana nga Makabaton ug Binuhi,10.692307692307692,2.1007194244604315,3,cebuano,13.36848920863309,3
Higala sa Nataran,7.44,2.086021505376344,3,cebuano,11.926653763440864,3
Higanteng Megapon,6.785714285714286,2.014736842105263,3,cebuano,10.830323308270678,3
Kapayas,8.444444444444445,1.986842105263158,3,cebuano,11.148070175438598,3
Khutrukke,9.59322033898305,2.03356890459364,3,cebuano,12.147469006408343,3
Kung Moabot ang Baha,3.054263565891473,1.8756345177664973,3,cebuano,7.733650100342345,3
Lupad Agila Lupad,8.63888888888889,2.0257234726688105,3,cebuano,11.682703644158632,3
Magtutudlo,14.642857142857142,2.1170731707317074,3,cebuano,15.102177700348435,3
Mapahiyumon na si Phoe Tar Lay,10.326086956521738,1.8778947368421053,3,cebuano,10.59633180778032,3
May Torotot sa Kalubihan,10.014285714285714,1.9472182596291008,3,cebuano,11.292746892194817,3
Mga Abyan sa Lasang,9.871794871794872,1.948051948051948,3,cebuano,11.24701298701299,3
Misteryoso na Suba,9.931506849315069,2.016551724137931,3,cebuano,12.078598016060464,3
Nagkita na gayod,5.269938650306749,1.928987194412107,3,cebuano,9.227324967682495,3
Nagtanom si Sophy ug Baktin,9.057142857142855,1.864353312302839,3,cebuano,9.941654799459215,3
Naka-iskor ug Goal si Elsa,8.357142857142858,2.051282051282051,3,cebuano,11.874413919413918,3
Nakita sa Leon Iyang Kaugalingon,13.96,1.8767908309455588,3,cebuano,12.000531805157596,3
Nganong Nihilak si Ate Risa,5.627906976744186,2.0330578512396693,3,cebuano,10.594966365558331,3
Paubos,7.936507936507937,1.932,3,cebuano,10.302838095238094,3
Rambutans para ni Yaki,6.72093023255814,1.9411764705882355,3,cebuano,9.937045143638855,3
Sa Akong Paglakaw lakaw,10.0,2.2,3,cebuano,14.270000000000007,3
Sa Baryo Kamayanan ug ang Sugilanon sa mga Gasayaw nga mga Kamot,10.62962962962963,2.240418118466899,3,cebuano,14.992489353464968,3
Sa Sapa,7.545454545454546,1.9397590361445785,3,cebuano,10.241883899233297,3
Salamat Ginoo,10.071428571428571,1.9432624113475176,3,cebuano,11.268353596757851,3
Sapatos na Bulawan,15.176470588235292,1.9573643410852712,3,cebuano,13.425722754217965,3
Si Fatima ang i-spinner ug ang Tolda,19.31578947368421,2.041780199818347,3,cebuano,16.036164252593338,3
Si Iru ug Iring Nagkahigla,14.333333333333334,1.930232558139535,3,cebuano,12.776744186046514,3
Si melay at ang gulayan,12.176470588235292,2.0628019323671496,3,cebuano,13.499886331344133,3
Si Melay ug ang Tanaman sa Utanon,12.625,2.0742574257425743,3,cebuano,13.809987623762378,3
Si Oming ug Aning Amigas,8.466666666666667,2.094488188976378,3,cebuano,12.426960629921258,3
Si Pogi si Pogs ug ang Tora-tora,8.25925925925926,1.9327354260089689,3,cebuano,10.437389138016943,3
Si Tamtam,10.761904761904765,2.0287610619469025,3,cebuano,12.54652338811631,3
Si Toutou Gustong Moadto sa Ciudad,9.241379310344827,2.0223880597014925,3,cebuano,11.878317035512097,3
Strawla Reyna sa mga Basura,13.037037037037036,1.953125,3,cebuano,12.541319444444444,3
Tiaw Lang,5.16,1.897932816537468,3,cebuano,8.818007235142122,3
Unsa kaha ko Pagdako,12.476190476190476,1.9885496183206104,3,cebuano,12.74059978189749,3
Unsa kaha,12.476190476190476,1.9885496183206104,3,cebuano,12.74059978189749,3
Wala Nahadlok si Ira,4.526785714285714,1.9368836291913212,3,cebuano,9.030673253029022,3
Aaloo-Maaloo-Kaaloo___Central_Bikol,7.954545454545454,2.142857142857143,1,bikol,12.797987012987015,3
Ang_Ladybird___Central_Bikol,9.125,1.917808219178082,1,bikol,10.59888698630137,3
Ang_Pag-arog_ni_Toto_sa_saiyang_Lolo___Central_Bikol-v12022.08.25T085616,7.2,2.009259259259259,1,bikol,10.927259259259259,3
Ang_Samuyang_Baka_na_Si_Pedro___Central_Bikol,6.416666666666667,1.974025974025974,1,bikol,10.206006493506496,3
Ano_ang_makangangalas_na_ginibo_ni_Ameena____Central_Bikol,4.434782608695652,2.07843137254902,1,bikol,10.665055413469744,3
Ano_ta_Dai_Nagtatalubo____Central_Bikol,11.933333333333334,2.016759776536313,1,bikol,12.861765363128494,3
An_Awit_nin_Duri-duri___Central_Bikol,3.6417910447761193,2.122950819672131,1,bikol,10.881118179593834,3
An_Bubuyog_asin_an_Elepante___Central_Bikol,4.944444444444445,1.9213483146067416,1,bikol,9.010243445692886,3
An_Ikus_asin_Ayam__Nyain_an_Ikus_____Central_Bikol,6.621621621621622,1.853061224489796,1,bikol,8.858554881412026,3
An_Kawat_ni_Mona_buda_Milo___Central_Bikol,6.727272727272728,1.9594594594594597,1,bikol,10.15525798525799,3
An_Koneho_asin_Ayam___Central_Bikol-v12022.08.26T022028,12.133333333333333,2.0824175824175826,1,bikol,13.714527472527475,3
An_Lion_Nagdadalagan_asin_an_Baka_Naglalakaw___Central_Bikol,4.0,2.227272727272727,1,bikol,12.25181818181818,3
An_Magayunun_na_Aldaw___Central_Bikol,6.962962962962963,1.872340425531915,1,bikol,9.219172576832154,3
An_Magbarkadang_Kasag_asin_Sira___Central_Bikol,12.357142857142858,1.953757225433526,1,bikol,12.283620974401323,3
An_Mahamis_na_Mansanas___Central_Bikol,7.136363636363637,1.9681528662420384,1,bikol,10.417385639837871,3
An_Makaraw_na_Millipede___Central_Bikol,9.384615384615383,2.1557377049180326,1,bikol,13.507704918032786,3
An_Nawawarang_Aking_Pato___Central_Bikol,6.285714285714286,2.125,1,bikol,11.936428571428575,3
An_Paglinig_sa_Hawak___Central_Bikol,9.8,2.056122448979592,1,bikol,12.494244897959184,3
AN_SADIT_NA_BITOON_NI_ALI___Central_Bikol,8.764705882352942,1.919463087248322,1,bikol,10.477899723647848,3
An_Sadit_na_Siyo_saka_an_Pato-pato___Central_Bikol-v12022.08.11T021900,13.8,2.154589371980676,1,bikol,15.216154589371982,3
An_Sadit_na_Ukay_Saka_An_Sira___Central_Bikol,7.266666666666667,1.8990825688073396,1,bikol,9.653174311926609,3
An_sakong_Lawas___Central_Bikol,10.5,2.090909090909091,1,bikol,13.177727272727271,3
An_Sakong_mga_Tanum_na_Kaunon___Central_Bikol,8.804878048780488,2.063711911357341,1,bikol,12.195702993041014,3
An_Samuyang_Pamilya___Central_Bikol-v12022.08.11T022308,4.7,2.276595744680851,1,bikol,13.106829787234044,3
An_Sarung_Dakulang_Keyk___Central_Bikol,6.75,1.839506172839506,1,bikol,8.74867283950617,3
An_Tulong_Saradit_na_Kuting___Central_Bikol,4.56,2.149122807017544,1,bikol,11.548049122807022,3
An_Turtle_Dove___Central_Bikol,6.5,2.1346153846153846,1,bikol,12.133461538461539,3
An_Tánga_saka_an_Tinapay___Central_Bikol-v12022.08.11T023654,8.461538461538462,2.118181818181818,1,bikol,12.704545454545457,3
An_Ulod_na_Nakaistar_sa_Samuyang_Hardin___Central_Bikol,8.11111111111111,2.105022831050228,1,bikol,12.412602739726026,3
Baka_Na_May_Sarong_Sungay___Central_Bikol,12.0,2.5,1,bikol,18.59,3
Chichi__Munu__Maliputon!___Central_Bikol,6.866666666666666,1.8446601941747571,1,bikol,8.854990291262137,3
Dae_Ako_Takot_sa_Uran___Central_Bikol,10.285714285714286,2.138888888888889,1,bikol,13.660317460317462,3
Dakulaon_Sadiyuton___Central_Bikol,6.827586206896552,1.9848484848484849,1,bikol,10.493970741901776,3
Gusto_ni_Nin_na_Masanlian___Central_Bikol,7.305555555555555,2.0950570342205324,1,bikol,11.98083967046895,3
Hain_si_Bonta____Central_Bikol-v12022.08.11T090810,4.65,1.8494623655913975,1,bikol,8.047155913978493,3
Hardin_nin_Burak____Central_Bikol,19.0,2.014354066985646,1,bikol,15.589377990430624,3
Ini_an_sakuyang_Hawak___Central_Bikol-v12022.08.26T013856,5.35,1.94392523364486,1,bikol,9.434817757009352,3
Insekto_sa_Sakong_Lugar___Central_Bikol,11.692307692307692,2.046052631578948,1,bikol,13.113421052631583,3
Ipahiling_asin_Iistorya___Central_Bikol,9.191489361702128,2.039351851851852,1,bikol,12.059032702915687,3
Iskedyul_ni_Momo___Central_Bikol,8.75,1.9714285714285715,1,bikol,11.085357142857148,3
Kolor___Central_Bikol,6.2,1.8548387096774197,1,bikol,8.715096774193555,3
Kun_Harayo_si_Mama___Central_Bikol,6.3478260869565215,2.037671232876712,1,bikol,10.930172721858249,3
Kurong_asin_Tanos___Central_Bikol,7.133333333333334,1.6635514018691588,1,bikol,6.821906542056077,3
Magagayon_na_Hayop_sa_Tubig___Central_Bikol-v12022.08.26T024250,7.5,1.9733333333333332,1,bikol,10.620333333333335,3
Magbilang_Kita_nin_Bitis___Bikol_Central-v12022.08.11T095957,6.777777777777778,1.7704918032786885,1,bikol,7.945136612021859,3
Magbilang_nin_Sabay___Central_Bikol-v12022.08.25T061128,18.58333333333333,1.9506726457399104,1,bikol,14.675437219730942,3
Magbirilang_Kita!___Bikol_Central-v12022.08.11T100425,20.0,2.3,1,bikol,19.349999999999998,3
Magtarabangan_Kita___Central_Bikol,13.666666666666666,1.91869918699187,1,bikol,12.380650406504063,3
Mga_Kagamitan_Para_aa_Pag-uma___Central_Bikol,13.22222222222222,1.9747899159663864,1,bikol,12.869187675070027,3
Mga_Kulay_nin_Kinaban!___Central_Bikol-v12022.08.26T020850,12.0,2.07843137254902,1,bikol,13.61549019607844,3
Naaraman_Ko___Central_Bikol,4.666666666666667,2.446428571428572,1,bikol,15.097857142857151,3
Nagkakarantang_Bayong_ni_Bounthy___Central_Bikol-v12022.08.26T013423,10.666666666666666,2.0416666666666665,1,bikol,12.661666666666665,3
Naglalakaw-lakaw_sa_Hardin____Central_Bikol,7.888888888888889,1.9154929577464788,1,bikol,10.089483568075117,3
Oras_na_para_Magkarigos_Bonoy_asin_Noboy___Central_Bikol,4.829787234042553,1.7973568281938326,1,bikol,7.502427593963823,3
Paduman_sa_eskwelahan___Central_Bikol,7.35,2.108843537414966,1,bikol,12.160853741496599,3
Pagtabang_sa_Gamgam___Central_Bikol,10.909090909090908,2.0166666666666666,1,bikol,12.461212121212121,3
Pano_Nakua_kan_mga_Insekto_an_Saindang_Kolor____Central_Bikol,9.806451612903226,2.0,1,bikol,11.83451612903226,3
Sarong_Aldaw_sa_Karnibal___Central_Bikol,5.5625,2.0786516853932584,1,bikol,11.10746488764045,3
Siisay_an_Aking_Iyan____Central_Bikol,3.52,1.8522727272727275,1,bikol,7.639618181818189,3
Siisay_an_Matabang_Sako____Central_Bikol-v12022.08.09T030145,5.714285714285714,1.875,1,bikol,8.763571428571428,3
Si_Goma_Daw_Ito____Central_Bikol,3.941176470588236,1.7761194029850746,1,bikol,6.905267778753295,3
Si_Navy_saka_si_Bora___Bikol_Central-v12022.08.09T032658,5.111111111111111,1.9565217391304348,1,bikol,9.490289855072465,3
Si_Putu_asin_Gutu___Central_Bikol,3.64,2.087912087912088,1,bikol,10.466962637362638,3
Si_Tata_saka_si_Toto___Central_Bikol-v12022.08.09T032212,6.806451612903226,2.023696682464455,1,bikol,10.94413698211283,3
Tabangan_an_Ina___Central_Bikol,20.272727272727277,1.9327354260089689,1,bikol,15.122641663269473,3
Trabaho___Central_Bikol,6.090909090909091,1.992537313432836,1,bikol,10.29739484396201,3
Ukay_asin_Batag___Central_Bikol,10.0,2.0217391304347827,1,bikol,12.166521739130435,3
Uya_na_si_Buboy!___Central_Bikol,3.869565217391304,2.02247191011236,1,bikol,9.78429897410846,3
Aninipot___Central_Bikol-v12022.08.11T033204,4.672727272727273,2.1439688715953307,2,bikol,11.531196321188542,3
An_Blokeng_may_Madyik___Central_Bikol-v12022.08.10T005241,6.388059701492537,1.9158878504672896,2,bikol,9.508819919096108,3
An_Lugar_kan_mga_Rosas___Central_Bikol-v12022.08.10T031456,13.86046511627907,2.01510067114094,2,bikol,13.59376931481193,3
An_Makangangalas_na_mga_Makina_ni_Ammachi___Central_Bikol-v12022.08.11T001629,3.6140350877192975,2.0194174757281558,2,bikol,9.648599897802765,3
An_Sakong_Kapamilya___Central_Bikol,7.064516129032258,1.8493150684931507,2,bikol,8.98707909854176,3
An_sakuyang_Ugos_na_Amiga___Central_Bikol,7.6,2.210526315789474,2,bikol,13.458210526315792,3
COVIBOOK___Central_Bikol-v12022.08.11T035702,6.085106382978723,2.129370629370629,2,bikol,11.909764915935128,3
Cube_na_Ikos_Cone_na_Ikos___Central_Bikol-v12022.08.11T051439,2.290909090909091,1.9285714285714288,2,bikol,8.060597402597406,3
Dai_Pagbagtingon_an_Kampana!___Central_Bikol-v12022.08.11T083246,7.177777777777778,2.1578947368421053,2,bikol,12.672491228070179,3
Kan_Aldaw_na_Nag-uran_nin_mga_Sira___Central_Bikol-v12022.08.11T095613,9.5,2.1165413533834587,2,bikol,13.090187969924816,3
Kaya_Asin_Dai_Kaya____Central_Bikol,3.0,1.9743589743589745,2,bikol,8.877435897435898,3
Magigibo_man_Iyan_ni_Duma!___Central_Bikol-v12022.08.11T101435,4.55,1.934065934065934,2,bikol,9.006478021978022,3
Magtingag_Ka___Central_Bikol-v12022.08.11T102143,11.26086956521739,2.189189189189189,2,bikol,14.634171562867216,3
Maniwala_Ka_Saro_akong_Kuneho___Central_Bikol,7.888888888888889,2.0901408450704224,2,bikol,12.150328638497655,3
May_Kapareho_Kaya_Ako____Bikol_Central-v12022.08.12T015411,4.285714285714286,2.075,2,bikol,10.566428571428574,3
Mga_Nawawara_asin_Mga_Nahahanap___Central_Bikol,6.846153846153846,1.8370786516853927,2,bikol,8.75752808988764,3
Mr._Spout___Central_Bikol-v12022.08.12T020737,4.206349206349207,2.015094339622641,2,bikol,9.828589398023357,3
Nakakahiling_Akong_Malinaw___Central_Bikol-v12022.09.16T142620,4.818181818181818,1.930817610062893,2,bikol,9.07273870783305,3
Napapasain_an_mga_Naiisip_Ko____Central_Bikol-v12022.08.13T061054,7.172413793103448,2.1826923076923075,2,bikol,12.963010610079575,3
Ngiyaw!_Ngiyaw!___Central_Bikol-v12022.08.13T062610,6.358974358974359,2.153225806451613,2,bikol,12.298064516129035,3
Pag_Nag-uran___Central_Bikol-v12022.08.13T064530,3.590909090909091,2.0822784810126582,2,bikol,10.381340621403911,3
Pàno_Kun...____Central_Bikol-v12022.08.09T060756,6.44,1.9316770186335404,2,bikol,9.71538881987578,3
Rudi___Bikol_Central-v12022.08.09T053328,5.086956521739131,2.1367521367521367,2,bikol,11.607588257153477,3
Sabi_ni_Inay___Central_Bikol,7.111111111111111,1.8359375,2,bikol,8.847395833333334,3
Sarawayon_na_Ido___Central_Bikol,5.862068965517241,2.0647058823529414,2,bikol,11.059736308316435,3
Sarong_Marhay_na_Katuod___Central_Bikol-v12022.08.09T052723,7.447368421052632,2.183745583038869,2,bikol,13.08267156406918,3
Takot_Ako___Central_Bikol,7.848484848484849,2.023166023166023,2,bikol,11.344268164268168,3
Aldaw_saka_Banggi___Central_Bikol-v12022.08.26T020743,17.357142857142858,2.1481481481481484,3,bikol,16.52743386243387,3
Ang_Apat_na_Pagpabakuna_kan_Aki_na_si_Rani___Central_Bikol-v12022.08.26T021851,12.926829268292684,1.9924528301886792,3,bikol,12.962406810860564,3
Ang_Magbabarkda_sa_Kadlagan___Central_Bikol,8.403846153846153,2.0983981693363845,3,bikol,12.448598398169338,3
Ang_Matatakoton_Na_Tren___Central_Bikol,14.86046511627907,2.032863849765258,3,bikol,14.193374822578882,3
Ang_Siyentista__Doktor_Firdausi_Qadri___Central_Bikol,18.95833333333333,2.204395604395605,3,bikol,17.81561813186814,3
Aninipot_Ano_an_Igwa_Ka____Central_Bikol,8.136363636363637,2.0726256983240225,3,bikol,12.040165058405286,3
An_Agom_kan_Parauma___Central_Bikol,12.445945945945946,2.03800217155266,3,bikol,13.312344543240311,3
An_Aldaw_na_Nagpaeskwelahan_an_mga_Kagulayan.___Central_Bikol,7.0,2.2857142857142856,3,bikol,14.111428571428572,3
An_Amid_asin_an_Sadit_na_Baka___Central_Bikol,9.94,2.116700201207244,3,bikol,13.263662374245481,3
An_Bagong_Pantalon_para_sa_Bagong_Taon___Central_Bikol,10.122448979591836,2.0725806451612905,3,bikol,12.814206714944046,3
An_Enot_na_Aldaw_ni_Tata_sa_Eskwela___Central_Bikol,11.282608695652174,2.2061657032755297,3,bikol,14.842972689955602,3
An_Higanteng_Bentilador___Central_Bikol-v12022.08.10T020404,9.951219512195122,1.96078431372549,3,bikol,11.42823051171688,3
An_Ikos_asin_Ayam_Nakakanuod_uro_Aldaw____Central_Bikol-v12022.08.25T072533,6.804878048780488,2.0949820788530467,3,bikol,11.784690969490342,3
An_Inot_na_Katuod_ni_Iko___Central_Bikol-v12022.07.13T023307,8.698630136986301,2.0755905511811026,3,bikol,12.294434257361669,3
An_Kuneho_asin_an_Baoo_(Na_naman!)___Central_Bikol,15.741935483870968,2.1290983606557377,3,bikol,15.672715494447385,3
An_Madunong_na_Kuneho___Central_Bikol,8.692307692307692,2.1415929203539825,3,bikol,13.070796460176997,3
An_Makangangalas_na_Eksperimento_ni_Anna___Central_Bikol,8.421686746987952,2.1216022889842634,3,bikol,12.72936484133961,3
An_Mensahe_sa_Basud___Central_Bikol,8.387755102040817,2.0900243309002438,3,bikol,12.343511594418796,3
An_Mga_Ulod_sa_Naglalayog_na_Gapo___Central_Bikol-v12022.05.13T024855,10.094594594594597,1.9705488621151277,3,bikol,11.5993684648504,3
An_Misteryosong_Kawatan___Central_Bikol,7.674698795180723,2.0282574568288854,3,bikol,11.336570520701333,3
An_Motor_ni_Didi___Central_Bikol,11.391304347826088,2.1259541984732824,3,bikol,13.938868237636907,3
An_Paghalat_ni_Islaw_sa_Bulalakaw___Central_Bikol-v12022.05.13T025228,9.492753623188406,2.004580152671756,3,bikol,11.766219714570198,3
An_Referee__Zaya_Chakma___Central_Bikol,17.88888888888889,2.248447204968944,3,bikol,17.91834368530021,3
An_Sadit_na_Rhino_Asin_an_Halangkawon_na_Bisikleta___Central_Bikol,10.181818181818182,2.0892857142857144,3,bikol,13.034480519480525,3
An_Takot_ni_Koneyo___Central_Bikol,9.34375,2.096989966555184,3,bikol,12.798544105351173,3
Ate__Ate_Tano_Dae_Nahuhulog_an_mga_Bagay_Paitaas____Central_Bikol,12.967032967032967,1.9745762711864407,3,bikol,12.767142857142858,3
Emma___Central_Bikol-v12022.08.11T084550,8.897435897435898,2.097982708933717,3,bikol,12.636195965417862,3
Gurano_Kagabat_an_Magabat____Central_Bikol-v12022.08.11T090318,9.612244897959185,1.884288747346072,3,bikol,10.393382728887737,3
Harong_Ko_Ba_Ini____Central_Bikol,7.05,2.032624113475177,3,bikol,11.144464539007092,3
Kan_Magturaok_si_Inok___Central_Bikol-v12022.05.13T000407,8.588235294117647,2.227739726027397,3,bikol,14.046740531829169,3
Kilingling___Central_Bikol-v12022.05.17T103928,8.30952380952381,2.0787965616045847,3,bikol,12.180513712648388,3
Kurakog_Kataning_sa_Pagturog___Central_Bikol-v12022.05.13T024430,7.046511627906977,2.113861386138614,3,bikol,12.101703891319367,3
Mamuhay_na_may_Pagkasararo___Central_Bikol,11.702702702702704,2.191685912240185,3,bikol,14.835947818488236,3
Matinabang_na_Gamgam___Central_Bikol-v12022.08.11T103641,12.5625,2.032338308457712,3,bikol,13.290967039801004,3
Nagsabay_sa_Bulos_An_Ikus_Asin_Ayam___Central_Bikol,5.413461538461538,2.25044404973357,3,bikol,13.076489786856126,3
Nagtabsong_si_Tiny___Central_Bikol-v12022.08.12T021739,8.866666666666667,1.99749373433584,3,bikol,11.438426065162918,3
Nagtinir_si_Thu_Ta_sa_Harong___Central_Bikol,11.11904761904762,1.967880085653105,3,bikol,11.967413582135212,3
Nakangirit_Ngunyan_si_Phoe_Tar_Lay___Central_Bikol-v12022.08.12T031715,9.892307692307693,1.897356143079316,3,bikol,10.65680248833593,3
Paduman_sa_Isla_Para_sa_Pagturuparan___Central_Bikol,8.854545454545455,2.2279260780287475,3,bikol,14.152800448011952,3
Pamaba___Central_Bikol-v12022.05.13T030426,7.383838383838384,1.93296853625171,3,bikol,10.098725697467149,3
Pano_Nakakalupad_an_mga_Eroplano____Central_Bikol,12.430379746835444,2.139511201629328,3,bikol,14.504080280491895,3
Pàno_Kun____Central_Bikol-v12021.04.26T083928,8.782608695652174,2.004950495049505,3,bikol,11.493633232888506,3
Satya_Maglikay!___Central_Bikol,7.397058823529412,2.073558648111332,3,bikol,11.76284498889019,3
Sisay_Ang_Samong_Amigo____Central_Bikol,5.4,1.9907407407407407,3,bikol,10.006740740740742,3
Si_Carla_saka_an_Nawawarang_Kuting___Central_Bikol,6.025,1.946058091286307,3,bikol,9.723235477178424,3
Si_Daisy_na_Makangangalas___Central_Bikol-v12022.08.26T021723,7.608695652173913,2.145714285714286,3,bikol,12.696819875776402,3
Si_Danny_saka_Si_Carlo___Central_Bikol,7.3,1.9863013698630136,3,bikol,10.695356164383565,3
Si_Ikos_asin_Si_Ido_asin_an_saindang_pintang_Hablon_Dawani___Central_Bikol,8.480519480519481,1.9326186830015315,3,bikol,10.522303056820668,3
Si_Ikos_saka_Ayam_nagkawat_nin_Soccer___Central_Bikol,3.3067484662576687,2.061224489795918,3,bikol,10.022080881432327,3
Si_Labsay_kan_Dakulang_Bukid___Central_Bikol-v12022.05.13T025635,8.466666666666667,2.035995500562429,3,bikol,11.736746906636665,3
Si_Mimay_asin_an_Saiyang_Lalong___Central_Bikol,5.910112359550562,1.9980988593155893,3,bikol,10.292510360148672,3
Talsot_na_Ikos_si_Moli___Central_Bikol-v12022.08.25T040349,10.875,2.0268199233716477,3,bikol,12.567725095785445,3
The_Factory_Worker___Central_Bikol,12.676470588235292,2.0951276102088165,3,bikol,14.0763293298758,3
Tugang_na_Kulang_an_Ngipon___Central_Bikol,8.272727272727273,2.076923076923077,3,bikol,12.144055944055946,3
Tulod_Tulod_Dali_Dali___Central_Bikol-v12022.08.25T060922,4.88135593220339,1.8333333333333333,3,bikol,7.947062146892655,3
