fold,train_set,test_set,feature_set,accuracy,f1_weighted,precision_weighted,recall_weighted,kappa,Model,Test_Lang,Features,col,f1_macro
0,mono_tagalog,tagalog_test,mbert,47.1698,0.485,0.472,0.283,0.1926,TGL,TGL,mBERT Embdng,TGL | mBERT Embdng,0.461
0,mono_tagalog,bikol_test,mbert,40.0,0.408,0.4,0.289,0.122,TGL,BCL,mBERT Embdng,BCL | mBERT Embdng,0.383
0,mono_tagalog,cebuano_test,mbert,35.7143,0.353,0.357,0.401,-0.0308,TGL,CEB,mBERT Embdng,CEB | mBERT Embdng,0.3373333333333333
0,mono_tagalog,tagalog_test,all,49.0566,0.512,0.491,0.275,0.2197,TGL,TGL,ALL (mBERT),TGL | ALL (mBERT),0.47733333333333333
0,mono_tagalog,bikol_test,all,43.3333,0.426,0.433,0.282,0.1626,TGL,BCL,ALL (mBERT),BCL | ALL (mBERT),0.411
0,mono_tagalog,cebuano_test,all,41.4286,0.393,0.414,0.361,0.0645,TGL,CEB,ALL (mBERT),CEB | ALL (mBERT),0.3846666666666667
0,mono_tagalog,tagalog_test,xlmr,54.717,0.536,0.547,0.241,0.3064,TGL,TGL,XLM-R Embdng,TGL | XLM-R Embdng,0.5096666666666666
0,mono_tagalog,bikol_test,xlmr,43.3333,0.622,0.433,0.303,0.1146,TGL,BCL,XLM-R Embdng,BCL | XLM-R Embdng,0.2816666666666667
0,mono_tagalog,cebuano_test,xlmr,30.0,0.467,0.3,0.224,0.0608,TGL,CEB,XLM-R Embdng,CEB | XLM-R Embdng,0.22566666666666668
0,mono_tagalog,tagalog_test,all_xlmr,52.8302,0.512,0.528,0.248,0.2791,TGL,TGL,ALL (XLM-R),TGL | ALL (XLM-R),0.49533333333333335
0,mono_tagalog,bikol_test,all_xlmr,40.0,0.628,0.4,0.297,0.0863,TGL,BCL,ALL (XLM-R),BCL | ALL (XLM-R),0.248
0,mono_tagalog,cebuano_test,all_xlmr,31.4286,0.478,0.314,0.218,0.0764,TGL,CEB,ALL (XLM-R),CEB | ALL (XLM-R),0.24
0,mono_bikol,tagalog_test,mbert,32.0755,0.0,0.321,0.271,0.045,BCL,TGL,mBERT Embdng,TGL | mBERT Embdng,0.23266666666666666
0,mono_bikol,bikol_test,mbert,76.6667,0.752,0.767,0.12,0.6196,BCL,BCL,mBERT Embdng,BCL | mBERT Embdng,0.6473333333333333
0,mono_bikol,cebuano_test,mbert,60.0,0.688,0.6,0.166,0.3928,BCL,CEB,mBERT Embdng,CEB | mBERT Embdng,0.507
0,mono_bikol,tagalog_test,all,43.3962,0.0,0.434,0.242,0.1829,BCL,TGL,ALL (mBERT),TGL | ALL (mBERT),0.36066666666666664
0,mono_bikol,bikol_test,all,83.3333,0.805,0.833,0.094,0.7222,BCL,BCL,ALL (mBERT),BCL | ALL (mBERT),0.6983333333333334
0,mono_bikol,cebuano_test,all,62.8571,0.645,0.629,0.17,0.4277,BCL,CEB,ALL (mBERT),CEB | ALL (mBERT),0.548
0,mono_bikol,tagalog_test,xlmr,28.3019,0.0,0.283,0.283,0.0,BCL,TGL,XLM-R Embdng,TGL | XLM-R Embdng,0.147
0,mono_bikol,bikol_test,xlmr,80.0,0.828,0.8,0.145,0.6591,BCL,BCL,XLM-R Embdng,BCL | XLM-R Embdng,0.6776666666666666
0,mono_bikol,cebuano_test,xlmr,64.2857,0.615,0.643,0.285,0.389,BCL,CEB,XLM-R Embdng,CEB | XLM-R Embdng,0.5516666666666666
0,mono_bikol,tagalog_test,all_xlmr,35.8491,0.0,0.358,0.256,0.0945,BCL,TGL,ALL (XLM-R),TGL | ALL (XLM-R),0.28400000000000003
0,mono_bikol,bikol_test,all_xlmr,83.3333,0.855,0.833,0.116,0.7222,BCL,BCL,ALL (XLM-R),BCL | ALL (XLM-R),0.7693333333333333
0,mono_bikol,cebuano_test,all_xlmr,65.7143,0.619,0.657,0.27,0.415,BCL,CEB,ALL (XLM-R),CEB | ALL (XLM-R),0.5393333333333333
0,mono_cebuano,tagalog_test,mbert,47.1698,0.566,0.472,0.292,0.1873,CEB,TGL,mBERT Embdng,TGL | mBERT Embdng,0.38833333333333336
0,mono_cebuano,bikol_test,mbert,83.3333,0.849,0.833,0.071,0.734,CEB,BCL,mBERT Embdng,BCL | mBERT Embdng,0.7853333333333333
0,mono_cebuano,cebuano_test,mbert,78.5714,0.781,0.786,0.128,0.6569,CEB,CEB,mBERT Embdng,CEB | mBERT Embdng,0.7673333333333333
0,mono_cebuano,tagalog_test,all,47.1698,0.337,0.472,0.283,0.1961,CEB,TGL,ALL (mBERT),TGL | ALL (mBERT),0.3793333333333333
0,mono_cebuano,bikol_test,all,80.0,0.801,0.8,0.098,0.6757,CEB,BCL,ALL (mBERT),BCL | ALL (mBERT),0.718
0,mono_cebuano,cebuano_test,all,78.5714,0.781,0.786,0.128,0.6569,CEB,CEB,ALL (mBERT),CEB | ALL (mBERT),0.7673333333333333
0,mono_cebuano,tagalog_test,xlmr,41.5094,0.0,0.415,0.299,0.1195,CEB,TGL,XLM-R Embdng,TGL | XLM-R Embdng,0.3293333333333333
0,mono_cebuano,bikol_test,xlmr,66.6667,0.787,0.667,0.102,0.5098,CEB,BCL,XLM-R Embdng,BCL | XLM-R Embdng,0.64
0,mono_cebuano,cebuano_test,xlmr,80.0,0.838,0.8,0.161,0.668,CEB,CEB,XLM-R Embdng,CEB | XLM-R Embdng,0.7716666666666666
0,mono_cebuano,tagalog_test,all_xlmr,41.5094,0.0,0.415,0.299,0.1195,CEB,TGL,ALL (XLM-R),TGL | ALL (XLM-R),0.3293333333333333
0,mono_cebuano,bikol_test,all_xlmr,66.6667,0.787,0.667,0.102,0.5098,CEB,BCL,ALL (XLM-R),BCL | ALL (XLM-R),0.64
0,mono_cebuano,cebuano_test,all_xlmr,81.4286,0.849,0.814,0.148,0.6936,CEB,CEB,ALL (XLM-R),CEB | ALL (XLM-R),0.7866666666666666
0,bi_bikol_tagalog,tagalog_test,mbert,50.9434,0.544,0.509,0.265,0.2503,TGL+BCL,TGL,mBERT Embdng,TGL | mBERT Embdng,0.49933333333333335
0,bi_bikol_tagalog,bikol_test,mbert,73.3333,0.794,0.733,0.101,0.596,TGL+BCL,BCL,mBERT Embdng,BCL | mBERT Embdng,0.713
0,bi_bikol_tagalog,cebuano_test,mbert,61.4286,0.617,0.614,0.206,0.4086,TGL+BCL,CEB,mBERT Embdng,CEB | mBERT Embdng,0.6113333333333334
0,bi_bikol_tagalog,tagalog_test,all,52.8302,0.524,0.528,0.245,0.2853,TGL+BCL,TGL,ALL (mBERT),TGL | ALL (mBERT),0.5083333333333333
0,bi_bikol_tagalog,bikol_test,all,76.6667,0.809,0.767,0.094,0.6429,TGL+BCL,BCL,ALL (mBERT),BCL | ALL (mBERT),0.745
0,bi_bikol_tagalog,cebuano_test,all,60.0,0.584,0.6,0.234,0.3694,TGL+BCL,CEB,ALL (mBERT),CEB | ALL (mBERT),0.574
0,bi_bikol_tagalog,tagalog_test,xlmr,56.6038,0.563,0.566,0.212,0.3509,TGL+BCL,TGL,XLM-R Embdng,TGL | XLM-R Embdng,0.5476666666666666
0,bi_bikol_tagalog,bikol_test,xlmr,66.6667,0.723,0.667,0.137,0.4872,TGL+BCL,BCL,XLM-R Embdng,BCL | XLM-R Embdng,0.6153333333333333
0,bi_bikol_tagalog,cebuano_test,xlmr,60.0,0.551,0.6,0.211,0.3714,TGL+BCL,CEB,XLM-R Embdng,CEB | XLM-R Embdng,0.516
0,bi_bikol_tagalog,tagalog_test,all_xlmr,60.3774,0.613,0.604,0.19,0.4061,TGL+BCL,TGL,ALL (XLM-R),TGL | ALL (XLM-R),0.5713333333333334
0,bi_bikol_tagalog,bikol_test,all_xlmr,66.6667,0.698,0.667,0.159,0.4792,TGL+BCL,BCL,ALL (XLM-R),BCL | ALL (XLM-R),0.6143333333333333
0,bi_bikol_tagalog,cebuano_test,all_xlmr,60.0,0.546,0.6,0.228,0.3649,TGL+BCL,CEB,ALL (XLM-R),CEB | ALL (XLM-R),0.5156666666666666
0,bi_cebuano_bikol,tagalog_test,mbert,47.1698,0.501,0.472,0.28,0.1978,BCL+CEB,TGL,mBERT Embdng,TGL | mBERT Embdng,0.39999999999999997
0,bi_cebuano_bikol,bikol_test,mbert,90.0,0.911,0.9,0.078,0.8315,BCL+CEB,BCL,mBERT Embdng,BCL | mBERT Embdng,0.8203333333333332
0,bi_cebuano_bikol,cebuano_test,mbert,80.0,0.817,0.8,0.099,0.6841,BCL+CEB,CEB,mBERT Embdng,CEB | mBERT Embdng,0.7643333333333334
0,bi_cebuano_bikol,tagalog_test,all,47.1698,0.0,0.472,0.283,0.1961,BCL+CEB,TGL,ALL (mBERT),TGL | ALL (mBERT),0.37600000000000006
0,bi_cebuano_bikol,bikol_test,all,90.0,0.911,0.9,0.078,0.8315,BCL+CEB,BCL,ALL (mBERT),BCL | ALL (mBERT),0.8203333333333332
0,bi_cebuano_bikol,cebuano_test,all,78.5714,0.801,0.786,0.113,0.66,BCL+CEB,CEB,ALL (mBERT),CEB | ALL (mBERT),0.7453333333333333
0,bi_cebuano_bikol,tagalog_test,xlmr,41.5094,0.621,0.415,0.302,0.1157,BCL+CEB,TGL,XLM-R Embdng,TGL | XLM-R Embdng,0.3466666666666667
0,bi_cebuano_bikol,bikol_test,xlmr,83.3333,0.799,0.833,0.113,0.7191,BCL+CEB,BCL,XLM-R Embdng,BCL | XLM-R Embdng,0.7033333333333333
0,bi_cebuano_bikol,cebuano_test,xlmr,80.0,0.799,0.8,0.119,0.6818,BCL+CEB,CEB,XLM-R Embdng,CEB | XLM-R Embdng,0.7759999999999999
0,bi_cebuano_bikol,tagalog_test,all_xlmr,39.6226,0.436,0.396,0.313,0.0872,BCL+CEB,TGL,ALL (XLM-R),TGL | ALL (XLM-R),0.3363333333333333
0,bi_cebuano_bikol,bikol_test,all_xlmr,83.3333,0.799,0.833,0.113,0.7191,BCL+CEB,BCL,ALL (XLM-R),BCL | ALL (XLM-R),0.7033333333333333
0,bi_cebuano_bikol,cebuano_test,all_xlmr,77.1429,0.776,0.771,0.128,0.6389,BCL+CEB,CEB,ALL (XLM-R),CEB | ALL (XLM-R),0.7416666666666666
0,bi_tagalog_cebuano,tagalog_test,mbert,49.0566,0.586,0.491,0.244,0.2445,CEB+TGL,TGL,mBERT Embdng,TGL | mBERT Embdng,0.4793333333333334
0,bi_tagalog_cebuano,bikol_test,mbert,73.3333,0.787,0.733,0.101,0.5897,CEB+TGL,BCL,mBERT Embdng,BCL | mBERT Embdng,0.6933333333333334
0,bi_tagalog_cebuano,cebuano_test,mbert,78.5714,0.79,0.786,0.122,0.6569,CEB+TGL,CEB,mBERT Embdng,CEB | mBERT Embdng,0.731
0,bi_tagalog_cebuano,tagalog_test,all,56.6038,0.615,0.566,0.218,0.3481,CEB+TGL,TGL,ALL (mBERT),TGL | ALL (mBERT),0.5573333333333333
0,bi_tagalog_cebuano,bikol_test,all,76.6667,0.799,0.767,0.094,0.6354,CEB+TGL,BCL,ALL (mBERT),BCL | ALL (mBERT),0.7213333333333333
0,bi_tagalog_cebuano,cebuano_test,all,81.4286,0.86,0.814,0.101,0.703,CEB+TGL,CEB,ALL (mBERT),CEB | ALL (mBERT),0.7626666666666667
0,bi_tagalog_cebuano,tagalog_test,xlmr,50.9434,0.666,0.509,0.237,0.2709,CEB+TGL,TGL,XLM-R Embdng,TGL | XLM-R Embdng,0.47000000000000003
0,bi_tagalog_cebuano,bikol_test,xlmr,66.6667,0.738,0.667,0.127,0.4949,CEB+TGL,BCL,XLM-R Embdng,BCL | XLM-R Embdng,0.608
0,bi_tagalog_cebuano,cebuano_test,xlmr,77.1429,0.792,0.771,0.143,0.6306,CEB+TGL,CEB,XLM-R Embdng,CEB | XLM-R Embdng,0.71
0,bi_tagalog_cebuano,tagalog_test,all_xlmr,50.9434,0.669,0.509,0.231,0.2755,CEB+TGL,TGL,ALL (XLM-R),TGL | ALL (XLM-R),0.4713333333333334
0,bi_tagalog_cebuano,bikol_test,all_xlmr,70.0,0.751,0.7,0.12,0.5385,CEB+TGL,BCL,ALL (XLM-R),BCL | ALL (XLM-R),0.6363333333333333
0,bi_tagalog_cebuano,cebuano_test,all_xlmr,75.7143,0.787,0.757,0.138,0.6121,CEB+TGL,CEB,ALL (XLM-R),CEB | ALL (XLM-R),0.695
0,all_languages,tagalog_test,mbert,60.3774,0.603,0.604,0.203,0.3997,ALL,TGL,mBERT Embdng,TGL | mBERT Embdng,0.5926666666666667
0,all_languages,bikol_test,mbert,90.0,0.911,0.9,0.033,0.8413,ALL,BCL,mBERT Embdng,BCL | mBERT Embdng,0.8663333333333334
0,all_languages,cebuano_test,mbert,75.7143,0.752,0.757,0.143,0.6114,ALL,CEB,mBERT Embdng,CEB | mBERT Embdng,0.7226666666666667
0,all_languages,tagalog_test,all,60.3774,0.691,0.604,0.221,0.3891,ALL,TGL,ALL (mBERT),TGL | ALL (mBERT),0.5863333333333333
0,all_languages,bikol_test,all,83.3333,0.88,0.833,0.046,0.7423,ALL,BCL,ALL (mBERT),BCL | ALL (mBERT),0.7983333333333333
0,all_languages,cebuano_test,all,80.0,0.805,0.8,0.105,0.6895,ALL,CEB,ALL (mBERT),CEB | ALL (mBERT),0.8006666666666667
0,all_languages,tagalog_test,xlmr,54.717,0.55,0.547,0.244,0.3049,ALL,TGL,XLM-R Embdng,TGL | XLM-R Embdng,0.5173333333333333
0,all_languages,bikol_test,xlmr,86.6667,0.867,0.867,0.062,0.7861,ALL,BCL,XLM-R Embdng,BCL | XLM-R Embdng,0.8153333333333332
0,all_languages,cebuano_test,xlmr,80.0,0.801,0.8,0.125,0.6808,ALL,CEB,XLM-R Embdng,CEB | XLM-R Embdng,0.798
0,all_languages,tagalog_test,all_xlmr,56.6038,0.567,0.566,0.227,0.3397,ALL,TGL,ALL (XLM-R),TGL | ALL (XLM-R),0.536
0,all_languages,bikol_test,all_xlmr,86.6667,0.867,0.867,0.062,0.7861,ALL,BCL,ALL (XLM-R),BCL | ALL (XLM-R),0.8153333333333332
0,all_languages,cebuano_test,all_xlmr,80.0,0.801,0.8,0.125,0.6808,ALL,CEB,ALL (XLM-R),CEB | ALL (XLM-R),0.798
1,mono_tagalog,tagalog_test,mbert,60.3774,0.653,0.604,0.215,0.3931,TGL,TGL,mBERT Embdng,TGL | mBERT Embdng,0.5893333333333334
1,mono_tagalog,bikol_test,mbert,56.6667,0.599,0.567,0.22,0.3229,TGL,BCL,mBERT Embdng,BCL | mBERT Embdng,0.48633333333333334
1,mono_tagalog,cebuano_test,mbert,42.8571,0.521,0.429,0.22,0.1827,TGL,CEB,mBERT Embdng,CEB | mBERT Embdng,0.39599999999999996
1,mono_tagalog,tagalog_test,all,60.3774,0.649,0.604,0.212,0.3945,TGL,TGL,ALL (mBERT),TGL | ALL (mBERT),0.5883333333333334
1,mono_tagalog,bikol_test,all,53.3333,0.509,0.533,0.259,0.2553,TGL,BCL,ALL (mBERT),BCL | ALL (mBERT),0.4136666666666667
1,mono_tagalog,cebuano_test,all,48.5714,0.578,0.486,0.197,0.2522,TGL,CEB,ALL (mBERT),CEB | ALL (mBERT),0.441
1,mono_tagalog,tagalog_test,xlmr,58.4906,0.61,0.585,0.226,0.3642,TGL,TGL,XLM-R Embdng,TGL | XLM-R Embdng,0.574
1,mono_tagalog,bikol_test,xlmr,40.0,0.452,0.4,0.345,0.0476,TGL,BCL,XLM-R Embdng,BCL | XLM-R Embdng,0.25866666666666666
1,mono_tagalog,cebuano_test,xlmr,30.0,0.541,0.3,0.215,0.0561,TGL,CEB,XLM-R Embdng,CEB | XLM-R Embdng,0.2396666666666667
1,mono_tagalog,tagalog_test,all_xlmr,54.717,0.572,0.547,0.247,0.3034,TGL,TGL,ALL (XLM-R),TGL | ALL (XLM-R),0.5179999999999999
1,mono_tagalog,bikol_test,all_xlmr,43.3333,0.622,0.433,0.303,0.1146,TGL,BCL,ALL (XLM-R),BCL | ALL (XLM-R),0.2816666666666667
1,mono_tagalog,cebuano_test,all_xlmr,32.8571,0.546,0.329,0.206,0.0902,TGL,CEB,ALL (XLM-R),CEB | ALL (XLM-R),0.264
1,mono_bikol,tagalog_test,mbert,45.283,0.0,0.453,0.281,0.1728,BCL,TGL,mBERT Embdng,TGL | mBERT Embdng,0.345
1,mono_bikol,bikol_test,mbert,60.0,0.581,0.6,0.256,0.337,BCL,BCL,mBERT Embdng,BCL | mBERT Embdng,0.5163333333333333
1,mono_bikol,cebuano_test,mbert,68.5714,0.691,0.686,0.147,0.5099,BCL,CEB,mBERT Embdng,CEB | mBERT Embdng,0.63
1,mono_bikol,tagalog_test,all,43.3962,0.0,0.434,0.288,0.1461,BCL,TGL,ALL (mBERT),TGL | ALL (mBERT),0.332
1,mono_bikol,bikol_test,all,63.3333,0.615,0.633,0.226,0.3956,BCL,BCL,ALL (mBERT),BCL | ALL (mBERT),0.5436666666666666
1,mono_bikol,cebuano_test,all,72.8571,0.717,0.729,0.145,0.5676,BCL,CEB,ALL (mBERT),CEB | ALL (mBERT),0.6833333333333332
1,mono_bikol,tagalog_test,xlmr,39.6226,0.0,0.396,0.285,0.1064,BCL,TGL,XLM-R Embdng,TGL | XLM-R Embdng,0.314
1,mono_bikol,bikol_test,xlmr,56.6667,0.547,0.567,0.285,0.2778,BCL,BCL,XLM-R Embdng,BCL | XLM-R Embdng,0.4873333333333334
1,mono_bikol,cebuano_test,xlmr,52.8571,0.426,0.529,0.258,0.2577,BCL,CEB,XLM-R Embdng,CEB | XLM-R Embdng,0.42133333333333334
1,mono_bikol,tagalog_test,all_xlmr,39.6226,0.0,0.396,0.288,0.1045,BCL,TGL,ALL (XLM-R),TGL | ALL (XLM-R),0.313
1,mono_bikol,bikol_test,all_xlmr,63.3333,0.615,0.633,0.226,0.3956,BCL,BCL,ALL (XLM-R),BCL | ALL (XLM-R),0.5436666666666666
1,mono_bikol,cebuano_test,all_xlmr,51.4286,0.425,0.514,0.265,0.2377,BCL,CEB,ALL (XLM-R),CEB | ALL (XLM-R),0.41933333333333334
1,mono_cebuano,tagalog_test,mbert,43.3962,0.434,0.434,0.304,0.133,CEB,TGL,mBERT Embdng,TGL | mBERT Embdng,0.41133333333333333
1,mono_cebuano,bikol_test,mbert,40.0,0.71,0.4,0.196,0.1705,CEB,BCL,mBERT Embdng,BCL | mBERT Embdng,0.3453333333333333
1,mono_cebuano,cebuano_test,mbert,64.2857,0.66,0.643,0.165,0.4514,CEB,CEB,mBERT Embdng,CEB | mBERT Embdng,0.6146666666666667
1,mono_cebuano,tagalog_test,all,39.6226,0.411,0.396,0.325,0.0752,CEB,TGL,ALL (mBERT),TGL | ALL (mBERT),0.38833333333333336
1,mono_cebuano,bikol_test,all,36.6667,0.71,0.367,0.19,0.148,CEB,BCL,ALL (mBERT),BCL | ALL (mBERT),0.3383333333333334
1,mono_cebuano,cebuano_test,all,61.4286,0.639,0.614,0.177,0.4094,CEB,CEB,ALL (mBERT),CEB | ALL (mBERT),0.589
1,mono_cebuano,tagalog_test,xlmr,39.6226,0.392,0.396,0.316,0.0832,CEB,TGL,XLM-R Embdng,TGL | XLM-R Embdng,0.38999999999999996
1,mono_cebuano,bikol_test,xlmr,60.0,0.772,0.6,0.143,0.4231,CEB,BCL,XLM-R Embdng,BCL | XLM-R Embdng,0.5710000000000001
1,mono_cebuano,cebuano_test,xlmr,64.2857,0.647,0.643,0.176,0.4413,CEB,CEB,XLM-R Embdng,CEB | XLM-R Embdng,0.6066666666666667
1,mono_cebuano,tagalog_test,all_xlmr,41.5094,0.4,0.415,0.305,0.1138,CEB,TGL,ALL (XLM-R),TGL | ALL (XLM-R),0.4003333333333334
1,mono_cebuano,bikol_test,all_xlmr,60.0,0.785,0.6,0.131,0.434,CEB,BCL,ALL (XLM-R),BCL | ALL (XLM-R),0.5833333333333334
1,mono_cebuano,cebuano_test,all_xlmr,61.4286,0.617,0.614,0.194,0.3973,CEB,CEB,ALL (XLM-R),CEB | ALL (XLM-R),0.577
1,bi_bikol_tagalog,tagalog_test,mbert,56.6038,0.578,0.566,0.233,0.3411,TGL+BCL,TGL,mBERT Embdng,TGL | mBERT Embdng,0.5716666666666667
1,bi_bikol_tagalog,bikol_test,mbert,53.3333,0.517,0.533,0.291,0.2308,TGL+BCL,BCL,mBERT Embdng,BCL | mBERT Embdng,0.455
1,bi_bikol_tagalog,cebuano_test,mbert,58.5714,0.649,0.586,0.173,0.3754,TGL+BCL,CEB,mBERT Embdng,CEB | mBERT Embdng,0.5616666666666666
1,bi_bikol_tagalog,tagalog_test,all,64.1509,0.668,0.642,0.191,0.4557,TGL+BCL,TGL,ALL (mBERT),TGL | ALL (mBERT),0.6453333333333333
1,bi_bikol_tagalog,bikol_test,all,53.3333,0.535,0.533,0.311,0.2308,TGL+BCL,BCL,ALL (mBERT),BCL | ALL (mBERT),0.4896666666666667
1,bi_bikol_tagalog,cebuano_test,all,64.2857,0.675,0.643,0.161,0.4514,TGL+BCL,CEB,ALL (mBERT),CEB | ALL (mBERT),0.616
1,bi_bikol_tagalog,tagalog_test,xlmr,62.2642,0.627,0.623,0.192,0.4307,TGL+BCL,TGL,XLM-R Embdng,TGL | XLM-R Embdng,0.6183333333333333
1,bi_bikol_tagalog,bikol_test,xlmr,53.3333,0.555,0.533,0.254,0.2473,TGL+BCL,BCL,XLM-R Embdng,BCL | XLM-R Embdng,0.4306666666666667
1,bi_bikol_tagalog,cebuano_test,xlmr,54.2857,0.462,0.543,0.282,0.2488,TGL+BCL,CEB,XLM-R Embdng,CEB | XLM-R Embdng,0.43
1,bi_bikol_tagalog,tagalog_test,all_xlmr,60.3774,0.644,0.604,0.197,0.4048,TGL+BCL,TGL,ALL (XLM-R),TGL | ALL (XLM-R),0.5996666666666667
1,bi_bikol_tagalog,bikol_test,all_xlmr,56.6667,0.583,0.567,0.247,0.2935,TGL+BCL,BCL,ALL (XLM-R),BCL | ALL (XLM-R),0.4676666666666667
1,bi_bikol_tagalog,cebuano_test,all_xlmr,52.8571,0.451,0.529,0.287,0.229,TGL+BCL,CEB,ALL (XLM-R),CEB | ALL (XLM-R),0.42366666666666664
1,bi_cebuano_bikol,tagalog_test,mbert,45.283,0.462,0.453,0.278,0.1745,BCL+CEB,TGL,mBERT Embdng,TGL | mBERT Embdng,0.371
1,bi_cebuano_bikol,bikol_test,mbert,60.0,0.534,0.6,0.266,0.3296,BCL+CEB,BCL,mBERT Embdng,BCL | mBERT Embdng,0.457
1,bi_cebuano_bikol,cebuano_test,mbert,74.2857,0.77,0.743,0.104,0.605,BCL+CEB,CEB,mBERT Embdng,CEB | mBERT Embdng,0.7173333333333334
1,bi_cebuano_bikol,tagalog_test,all,45.283,0.462,0.453,0.278,0.1745,BCL+CEB,TGL,ALL (mBERT),TGL | ALL (mBERT),0.371
1,bi_cebuano_bikol,bikol_test,all,66.6667,0.647,0.667,0.195,0.4595,BCL+CEB,BCL,ALL (mBERT),BCL | ALL (mBERT),0.574
1,bi_cebuano_bikol,cebuano_test,all,71.4286,0.728,0.714,0.132,0.5586,BCL+CEB,CEB,ALL (mBERT),CEB | ALL (mBERT),0.6906666666666667
1,bi_cebuano_bikol,tagalog_test,xlmr,45.283,0.464,0.453,0.281,0.1728,BCL+CEB,TGL,XLM-R Embdng,TGL | XLM-R Embdng,0.39366666666666666
1,bi_cebuano_bikol,bikol_test,xlmr,73.3333,0.732,0.733,0.171,0.5604,BCL+CEB,BCL,XLM-R Embdng,BCL | XLM-R Embdng,0.6786666666666666
1,bi_cebuano_bikol,cebuano_test,xlmr,67.1429,0.668,0.671,0.162,0.4869,BCL+CEB,CEB,XLM-R Embdng,CEB | XLM-R Embdng,0.6213333333333334
1,bi_cebuano_bikol,tagalog_test,all_xlmr,47.1698,0.53,0.472,0.27,0.2013,BCL+CEB,TGL,ALL (XLM-R),TGL | ALL (XLM-R),0.4046666666666667
1,bi_cebuano_bikol,bikol_test,all_xlmr,66.6667,0.691,0.667,0.162,0.4792,BCL+CEB,BCL,ALL (XLM-R),BCL | ALL (XLM-R),0.6103333333333333
1,bi_cebuano_bikol,cebuano_test,all_xlmr,70.0,0.711,0.7,0.15,0.5321,BCL+CEB,CEB,ALL (XLM-R),CEB | ALL (XLM-R),0.6573333333333333
1,bi_tagalog_cebuano,tagalog_test,mbert,49.0566,0.665,0.491,0.238,0.2492,CEB+TGL,TGL,mBERT Embdng,TGL | mBERT Embdng,0.43933333333333335
1,bi_tagalog_cebuano,bikol_test,mbert,53.3333,0.687,0.533,0.207,0.2893,CEB+TGL,BCL,mBERT Embdng,BCL | mBERT Embdng,0.4583333333333333
1,bi_tagalog_cebuano,cebuano_test,mbert,68.5714,0.7,0.686,0.164,0.5064,CEB+TGL,CEB,mBERT Embdng,CEB | mBERT Embdng,0.648
1,bi_tagalog_cebuano,tagalog_test,all,47.1698,0.0,0.472,0.249,0.2214,CEB+TGL,TGL,ALL (mBERT),TGL | ALL (mBERT),0.38199999999999995
1,bi_tagalog_cebuano,bikol_test,all,56.6667,0.643,0.567,0.198,0.3333,CEB+TGL,BCL,ALL (mBERT),BCL | ALL (mBERT),0.48899999999999993
1,bi_tagalog_cebuano,cebuano_test,all,68.5714,0.691,0.686,0.165,0.5058,CEB+TGL,CEB,ALL (mBERT),CEB | ALL (mBERT),0.6486666666666667
1,bi_tagalog_cebuano,tagalog_test,xlmr,41.5094,0.459,0.415,0.265,0.1469,CEB+TGL,TGL,XLM-R Embdng,TGL | XLM-R Embdng,0.36200000000000004
1,bi_tagalog_cebuano,bikol_test,xlmr,50.0,0.684,0.5,0.252,0.2308,CEB+TGL,BCL,XLM-R Embdng,BCL | XLM-R Embdng,0.4073333333333333
1,bi_tagalog_cebuano,cebuano_test,xlmr,61.4286,0.586,0.614,0.222,0.384,CEB+TGL,CEB,XLM-R Embdng,CEB | XLM-R Embdng,0.5353333333333333
1,bi_tagalog_cebuano,tagalog_test,all_xlmr,43.3962,0.471,0.434,0.257,0.1727,CEB+TGL,TGL,ALL (XLM-R),TGL | ALL (XLM-R),0.37800000000000006
1,bi_tagalog_cebuano,bikol_test,all_xlmr,50.0,0.684,0.5,0.252,0.2308,CEB+TGL,BCL,ALL (XLM-R),BCL | ALL (XLM-R),0.4073333333333333
1,bi_tagalog_cebuano,cebuano_test,all_xlmr,61.4286,0.576,0.614,0.224,0.3832,CEB+TGL,CEB,ALL (XLM-R),CEB | ALL (XLM-R),0.538
1,all_languages,tagalog_test,mbert,52.8302,0.549,0.528,0.233,0.293,ALL,TGL,mBERT Embdng,TGL | mBERT Embdng,0.5023333333333334
1,all_languages,bikol_test,mbert,50.0,0.52,0.5,0.35,0.1667,ALL,BCL,mBERT Embdng,BCL | mBERT Embdng,0.4543333333333333
1,all_languages,cebuano_test,mbert,68.5714,0.686,0.686,0.163,0.5013,ALL,CEB,mBERT Embdng,CEB | mBERT Embdng,0.6496666666666666
1,all_languages,tagalog_test,all,52.8302,0.61,0.528,0.233,0.293,ALL,TGL,ALL (mBERT),TGL | ALL (mBERT),0.5033333333333333
1,all_languages,bikol_test,all,50.0,0.576,0.5,0.293,0.2021,ALL,BCL,ALL (mBERT),BCL | ALL (mBERT),0.4443333333333333
1,all_languages,cebuano_test,all,72.8571,0.733,0.729,0.129,0.5718,ALL,CEB,ALL (mBERT),CEB | ALL (mBERT),0.6906666666666667
1,all_languages,tagalog_test,xlmr,52.8302,0.545,0.528,0.251,0.2807,ALL,TGL,XLM-R Embdng,TGL | XLM-R Embdng,0.5023333333333334
1,all_languages,bikol_test,xlmr,60.0,0.723,0.6,0.138,0.4175,ALL,BCL,XLM-R Embdng,BCL | XLM-R Embdng,0.5650000000000001
1,all_languages,cebuano_test,xlmr,70.0,0.697,0.7,0.158,0.5212,ALL,CEB,XLM-R Embdng,CEB | XLM-R Embdng,0.6573333333333333
1,all_languages,tagalog_test,all_xlmr,49.0566,0.484,0.491,0.269,0.2248,ALL,TGL,ALL (XLM-R),TGL | ALL (XLM-R),0.4746666666666666
1,all_languages,bikol_test,all_xlmr,56.6667,0.712,0.567,0.144,0.378,ALL,BCL,ALL (XLM-R),BCL | ALL (XLM-R),0.54
1,all_languages,cebuano_test,all_xlmr,68.5714,0.69,0.686,0.163,0.5029,ALL,CEB,ALL (XLM-R),CEB | ALL (XLM-R),0.6526666666666666
2,mono_tagalog,tagalog_test,mbert,64.1509,0.678,0.642,0.183,0.4554,TGL,TGL,mBERT Embdng,TGL | mBERT Embdng,0.6286666666666667
2,mono_tagalog,bikol_test,mbert,60.0,0.602,0.6,0.258,0.337,TGL,BCL,mBERT Embdng,BCL | mBERT Embdng,0.5226666666666667
2,mono_tagalog,cebuano_test,mbert,41.4286,0.449,0.414,0.255,0.141,TGL,CEB,mBERT Embdng,CEB | mBERT Embdng,0.37366666666666665
2,mono_tagalog,tagalog_test,all,66.0377,0.684,0.66,0.177,0.484,TGL,TGL,ALL (mBERT),TGL | ALL (mBERT),0.648
2,mono_tagalog,bikol_test,all,63.3333,0.696,0.633,0.252,0.382,TGL,BCL,ALL (mBERT),BCL | ALL (mBERT),0.5539999999999999
2,mono_tagalog,cebuano_test,all,44.2857,0.444,0.443,0.268,0.1644,TGL,CEB,ALL (mBERT),CEB | ALL (mBERT),0.39333333333333337
2,mono_tagalog,tagalog_test,xlmr,56.6038,0.621,0.566,0.222,0.3439,TGL,TGL,XLM-R Embdng,TGL | XLM-R Embdng,0.5473333333333333
2,mono_tagalog,bikol_test,xlmr,30.0,0.132,0.3,0.41,-0.0995,TGL,BCL,XLM-R Embdng,BCL | XLM-R Embdng,0.16666666666666666
2,mono_tagalog,cebuano_test,xlmr,44.2857,0.524,0.443,0.222,0.1963,TGL,CEB,XLM-R Embdng,CEB | XLM-R Embdng,0.37233333333333335
2,mono_tagalog,tagalog_test,all_xlmr,60.3774,0.648,0.604,0.197,0.4073,TGL,TGL,ALL (XLM-R),TGL | ALL (XLM-R),0.5933333333333334
2,mono_tagalog,bikol_test,all_xlmr,30.0,0.132,0.3,0.41,-0.0995,TGL,BCL,ALL (XLM-R),BCL | ALL (XLM-R),0.16666666666666666
2,mono_tagalog,cebuano_test,all_xlmr,54.2857,0.615,0.543,0.19,0.3208,TGL,CEB,ALL (XLM-R),CEB | ALL (XLM-R),0.4696666666666667
2,mono_bikol,tagalog_test,mbert,28.3019,0.0,0.283,0.257,0.0233,BCL,TGL,mBERT Embdng,TGL | mBERT Embdng,0.17466666666666666
2,mono_bikol,bikol_test,mbert,66.6667,0.7,0.667,0.214,0.4565,BCL,BCL,mBERT Embdng,BCL | mBERT Embdng,0.6276666666666667
2,mono_bikol,cebuano_test,mbert,60.0,0.597,0.6,0.248,0.346,BCL,CEB,mBERT Embdng,CEB | mBERT Embdng,0.545
2,mono_bikol,tagalog_test,all,30.1887,0.0,0.302,0.251,0.0467,BCL,TGL,ALL (mBERT),TGL | ALL (mBERT),0.207
2,mono_bikol,bikol_test,all,70.0,0.769,0.7,0.195,0.5082,BCL,BCL,ALL (mBERT),BCL | ALL (mBERT),0.6526666666666667
2,mono_bikol,cebuano_test,all,62.8571,0.628,0.629,0.245,0.3841,BCL,CEB,ALL (mBERT),CEB | ALL (mBERT),0.5650000000000001
2,mono_bikol,tagalog_test,xlmr,26.4151,0.0,0.264,0.264,0.0,BCL,TGL,XLM-R Embdng,TGL | XLM-R Embdng,0.13933333333333334
2,mono_bikol,bikol_test,xlmr,80.0,0.824,0.8,0.155,0.661,BCL,BCL,XLM-R Embdng,BCL | XLM-R Embdng,0.7426666666666666
2,mono_bikol,cebuano_test,xlmr,65.7143,0.575,0.657,0.226,0.4364,BCL,CEB,XLM-R Embdng,CEB | XLM-R Embdng,0.5333333333333333
2,mono_bikol,tagalog_test,all_xlmr,39.6226,0.0,0.396,0.221,0.1633,BCL,TGL,ALL (XLM-R),TGL | ALL (XLM-R),0.3313333333333333
2,mono_bikol,bikol_test,all_xlmr,80.0,0.824,0.8,0.155,0.661,BCL,BCL,ALL (XLM-R),BCL | ALL (XLM-R),0.7426666666666666
2,mono_bikol,cebuano_test,all_xlmr,64.2857,0.563,0.643,0.239,0.4098,BCL,CEB,ALL (XLM-R),CEB | ALL (XLM-R),0.5186666666666667
2,mono_cebuano,tagalog_test,mbert,45.283,0.428,0.453,0.291,0.1555,CEB,TGL,mBERT Embdng,TGL | mBERT Embdng,0.377
2,mono_cebuano,bikol_test,mbert,53.3333,0.641,0.533,0.176,0.3301,CEB,BCL,mBERT Embdng,BCL | mBERT Embdng,0.529
2,mono_cebuano,cebuano_test,mbert,67.1429,0.637,0.671,0.188,0.4771,CEB,CEB,mBERT Embdng,CEB | mBERT Embdng,0.62
2,mono_cebuano,tagalog_test,all,47.1698,0.449,0.472,0.285,0.1819,CEB,TGL,ALL (mBERT),TGL | ALL (mBERT),0.39433333333333337
2,mono_cebuano,bikol_test,all,56.6667,0.603,0.567,0.207,0.35,CEB,BCL,ALL (mBERT),BCL | ALL (mBERT),0.5343333333333333
2,mono_cebuano,cebuano_test,all,70.0,0.672,0.7,0.169,0.525,CEB,CEB,ALL (mBERT),CEB | ALL (mBERT),0.655
2,mono_cebuano,tagalog_test,xlmr,52.8302,0.525,0.528,0.257,0.2716,CEB,TGL,XLM-R Embdng,TGL | XLM-R Embdng,0.501
2,mono_cebuano,bikol_test,xlmr,56.6667,0.612,0.567,0.22,0.3299,CEB,BCL,XLM-R Embdng,BCL | XLM-R Embdng,0.5253333333333333
2,mono_cebuano,cebuano_test,xlmr,75.7143,0.75,0.757,0.15,0.6079,CEB,CEB,XLM-R Embdng,CEB | XLM-R Embdng,0.722
2,mono_cebuano,tagalog_test,all_xlmr,54.717,0.544,0.547,0.245,0.3011,CEB,TGL,ALL (XLM-R),TGL | ALL (XLM-R),0.5183333333333334
2,mono_cebuano,bikol_test,all_xlmr,56.6667,0.625,0.567,0.195,0.3532,CEB,BCL,ALL (XLM-R),BCL | ALL (XLM-R),0.5416666666666666
2,mono_cebuano,cebuano_test,all_xlmr,75.7143,0.758,0.757,0.151,0.6071,CEB,CEB,ALL (XLM-R),CEB | ALL (XLM-R),0.722
2,bi_bikol_tagalog,tagalog_test,mbert,56.6038,0.588,0.566,0.236,0.335,TGL+BCL,TGL,mBERT Embdng,TGL | mBERT Embdng,0.5553333333333333
2,bi_bikol_tagalog,bikol_test,mbert,60.0,0.697,0.6,0.16,0.4,TGL+BCL,BCL,mBERT Embdng,BCL | mBERT Embdng,0.5523333333333333
2,bi_bikol_tagalog,cebuano_test,mbert,60.0,0.589,0.6,0.223,0.3669,TGL+BCL,CEB,mBERT Embdng,CEB | mBERT Embdng,0.566
2,bi_bikol_tagalog,tagalog_test,all,58.4906,0.666,0.585,0.227,0.3666,TGL+BCL,TGL,ALL (mBERT),TGL | ALL (mBERT),0.5833333333333334
2,bi_bikol_tagalog,bikol_test,all,60.0,0.697,0.6,0.16,0.4,TGL+BCL,BCL,ALL (mBERT),BCL | ALL (mBERT),0.5523333333333333
2,bi_bikol_tagalog,cebuano_test,all,58.5714,0.588,0.586,0.246,0.3396,TGL+BCL,CEB,ALL (mBERT),CEB | ALL (mBERT),0.5636666666666666
2,bi_bikol_tagalog,tagalog_test,xlmr,64.1509,0.652,0.642,0.176,0.4586,TGL+BCL,TGL,XLM-R Embdng,TGL | XLM-R Embdng,0.6313333333333334
2,bi_bikol_tagalog,bikol_test,xlmr,66.6667,0.704,0.667,0.159,0.4792,TGL+BCL,BCL,XLM-R Embdng,BCL | XLM-R Embdng,0.6266666666666667
2,bi_bikol_tagalog,cebuano_test,xlmr,55.7143,0.537,0.557,0.258,0.3018,TGL+BCL,CEB,XLM-R Embdng,CEB | XLM-R Embdng,0.5243333333333333
2,bi_bikol_tagalog,tagalog_test,all_xlmr,56.6038,0.644,0.566,0.202,0.3577,TGL+BCL,TGL,ALL (XLM-R),TGL | ALL (XLM-R),0.5313333333333333
2,bi_bikol_tagalog,bikol_test,all_xlmr,63.3333,0.684,0.633,0.166,0.433,TGL+BCL,BCL,ALL (XLM-R),BCL | ALL (XLM-R),0.5903333333333334
2,bi_bikol_tagalog,cebuano_test,all_xlmr,55.7143,0.546,0.557,0.235,0.3118,TGL+BCL,CEB,ALL (XLM-R),CEB | ALL (XLM-R),0.521
2,bi_cebuano_bikol,tagalog_test,mbert,43.3962,0.632,0.434,0.282,0.1502,BCL+CEB,TGL,mBERT Embdng,TGL | mBERT Embdng,0.34933333333333333
2,bi_cebuano_bikol,bikol_test,mbert,73.3333,0.763,0.733,0.194,0.5531,BCL+CEB,BCL,mBERT Embdng,BCL | mBERT Embdng,0.6933333333333334
2,bi_cebuano_bikol,cebuano_test,mbert,71.4286,0.693,0.714,0.18,0.5405,BCL+CEB,CEB,mBERT Embdng,CEB | mBERT Embdng,0.6766666666666667
2,bi_cebuano_bikol,tagalog_test,all,43.3962,0.632,0.434,0.282,0.1502,BCL+CEB,TGL,ALL (mBERT),TGL | ALL (mBERT),0.34933333333333333
2,bi_cebuano_bikol,bikol_test,all,80.0,0.824,0.8,0.155,0.661,BCL+CEB,BCL,ALL (mBERT),BCL | ALL (mBERT),0.7426666666666666
2,bi_cebuano_bikol,cebuano_test,all,72.8571,0.701,0.729,0.174,0.5621,BCL+CEB,CEB,ALL (mBERT),CEB | ALL (mBERT),0.6806666666666666
2,bi_cebuano_bikol,tagalog_test,xlmr,49.0566,0.547,0.491,0.241,0.2364,BCL+CEB,TGL,XLM-R Embdng,TGL | XLM-R Embdng,0.4543333333333333
2,bi_cebuano_bikol,bikol_test,xlmr,83.3333,0.877,0.833,0.146,0.7175,BCL+CEB,BCL,XLM-R Embdng,BCL | XLM-R Embdng,0.8133333333333334
2,bi_cebuano_bikol,cebuano_test,xlmr,75.7143,0.749,0.757,0.148,0.6115,BCL+CEB,CEB,XLM-R Embdng,CEB | XLM-R Embdng,0.7226666666666667
2,bi_cebuano_bikol,tagalog_test,all_xlmr,49.0566,0.545,0.491,0.245,0.2343,BCL+CEB,TGL,ALL (XLM-R),TGL | ALL (XLM-R),0.4526666666666667
2,bi_cebuano_bikol,bikol_test,all_xlmr,80.0,0.829,0.8,0.153,0.6667,BCL+CEB,BCL,ALL (XLM-R),BCL | ALL (XLM-R),0.774
2,bi_cebuano_bikol,cebuano_test,all_xlmr,74.2857,0.734,0.743,0.155,0.5917,BCL+CEB,CEB,ALL (XLM-R),CEB | ALL (XLM-R),0.7226666666666667
2,bi_tagalog_cebuano,tagalog_test,mbert,41.5094,0.7,0.415,0.221,0.1801,CEB+TGL,TGL,mBERT Embdng,TGL | mBERT Embdng,0.38766666666666666
2,bi_tagalog_cebuano,bikol_test,mbert,60.0,0.612,0.6,0.308,0.322,CEB+TGL,BCL,mBERT Embdng,BCL | mBERT Embdng,0.5760000000000001
2,bi_tagalog_cebuano,cebuano_test,mbert,70.0,0.693,0.7,0.206,0.5039,CEB+TGL,CEB,mBERT Embdng,CEB | mBERT Embdng,0.634
2,bi_tagalog_cebuano,tagalog_test,all,43.3962,0.714,0.434,0.215,0.2046,CEB+TGL,TGL,ALL (mBERT),TGL | ALL (mBERT),0.4083333333333334
2,bi_tagalog_cebuano,bikol_test,all,66.6667,0.709,0.667,0.272,0.4318,CEB+TGL,BCL,ALL (mBERT),BCL | ALL (mBERT),0.6706666666666666
2,bi_tagalog_cebuano,cebuano_test,all,71.4286,0.696,0.714,0.185,0.533,CEB+TGL,CEB,ALL (mBERT),CEB | ALL (mBERT),0.6403333333333333
2,bi_tagalog_cebuano,tagalog_test,xlmr,43.3962,0.653,0.434,0.237,0.1908,CEB+TGL,TGL,XLM-R Embdng,TGL | XLM-R Embdng,0.393
2,bi_tagalog_cebuano,bikol_test,xlmr,60.0,0.577,0.6,0.226,0.3478,CEB+TGL,BCL,XLM-R Embdng,BCL | XLM-R Embdng,0.4523333333333333
2,bi_tagalog_cebuano,cebuano_test,xlmr,72.8571,0.726,0.729,0.187,0.5544,CEB+TGL,CEB,XLM-R Embdng,CEB | XLM-R Embdng,0.6596666666666667
2,bi_tagalog_cebuano,tagalog_test,all_xlmr,43.3962,0.66,0.434,0.233,0.1929,CEB+TGL,TGL,ALL (XLM-R),TGL | ALL (XLM-R),0.39399999999999996
2,bi_tagalog_cebuano,bikol_test,all_xlmr,56.6667,0.599,0.567,0.245,0.3085,CEB+TGL,BCL,ALL (XLM-R),BCL | ALL (XLM-R),0.4873333333333334
2,bi_tagalog_cebuano,cebuano_test,all_xlmr,72.8571,0.746,0.729,0.194,0.5529,CEB+TGL,CEB,ALL (XLM-R),CEB | ALL (XLM-R),0.6506666666666666
2,all_languages,tagalog_test,mbert,62.2642,0.626,0.623,0.209,0.4157,ALL,TGL,mBERT Embdng,TGL | mBERT Embdng,0.5913333333333334
2,all_languages,bikol_test,mbert,70.0,0.776,0.7,0.118,0.5477,ALL,BCL,mBERT Embdng,BCL | mBERT Embdng,0.676
2,all_languages,cebuano_test,mbert,68.5714,0.717,0.686,0.166,0.5064,ALL,CEB,mBERT Embdng,CEB | mBERT Embdng,0.6706666666666666
2,all_languages,tagalog_test,all,64.1509,0.66,0.642,0.2,0.4461,ALL,TGL,ALL (mBERT),TGL | ALL (mBERT),0.621
2,all_languages,bikol_test,all,63.3333,0.804,0.633,0.141,0.4527,ALL,BCL,ALL (mBERT),BCL | ALL (mBERT),0.564
2,all_languages,cebuano_test,all,67.1429,0.709,0.671,0.171,0.4835,ALL,CEB,ALL (mBERT),CEB | ALL (mBERT),0.6513333333333334
2,all_languages,tagalog_test,xlmr,49.0566,0.422,0.491,0.301,0.1892,ALL,TGL,XLM-R Embdng,TGL | XLM-R Embdng,0.36533333333333334
2,all_languages,bikol_test,xlmr,43.3333,0.615,0.433,0.193,0.1943,ALL,BCL,XLM-R Embdng,BCL | XLM-R Embdng,0.40399999999999997
2,all_languages,cebuano_test,xlmr,77.1429,0.825,0.771,0.096,0.6522,ALL,CEB,XLM-R Embdng,CEB | XLM-R Embdng,0.7736666666666666
2,all_languages,tagalog_test,all_xlmr,49.0566,0.422,0.491,0.301,0.1892,ALL,TGL,ALL (XLM-R),TGL | ALL (XLM-R),0.36533333333333334
2,all_languages,bikol_test,all_xlmr,50.0,0.788,0.5,0.145,0.2958,ALL,BCL,ALL (XLM-R),BCL | ALL (XLM-R),0.46399999999999997
2,all_languages,cebuano_test,all_xlmr,75.7143,0.819,0.757,0.102,0.6319,ALL,CEB,ALL (XLM-R),CEB | ALL (XLM-R),0.7623333333333333
3,mono_tagalog,tagalog_test,mbert,33.9623,0.351,0.34,0.354,-0.0032,TGL,TGL,mBERT Embdng,TGL | mBERT Embdng,0.34800000000000003
3,mono_tagalog,bikol_test,mbert,33.3333,0.188,0.333,0.434,-0.1132,TGL,BCL,mBERT Embdng,BCL | mBERT Embdng,0.18533333333333335
3,mono_tagalog,cebuano_test,mbert,45.7143,0.445,0.457,0.311,0.1417,TGL,CEB,mBERT Embdng,CEB | mBERT Embdng,0.4203333333333333
3,mono_tagalog,tagalog_test,all,37.7358,0.4,0.377,0.332,0.0536,TGL,TGL,ALL (mBERT),TGL | ALL (mBERT),0.38766666666666666
3,mono_tagalog,bikol_test,all,33.3333,0.188,0.333,0.434,-0.1132,TGL,BCL,ALL (mBERT),BCL | ALL (mBERT),0.18533333333333335
3,mono_tagalog,cebuano_test,all,45.7143,0.443,0.457,0.31,0.1425,TGL,CEB,ALL (mBERT),CEB | ALL (mBERT),0.418
3,mono_tagalog,tagalog_test,xlmr,52.8302,0.531,0.528,0.248,0.283,TGL,TGL,XLM-R Embdng,TGL | XLM-R Embdng,0.5276666666666666
3,mono_tagalog,bikol_test,xlmr,40.0,0.339,0.4,0.375,0.0146,TGL,BCL,XLM-R Embdng,BCL | XLM-R Embdng,0.3
3,mono_tagalog,cebuano_test,xlmr,42.8571,0.439,0.429,0.266,0.1505,TGL,CEB,XLM-R Embdng,CEB | XLM-R Embdng,0.3833333333333333
3,mono_tagalog,tagalog_test,all_xlmr,54.717,0.555,0.547,0.232,0.3143,TGL,TGL,ALL (XLM-R),TGL | ALL (XLM-R),0.544
3,mono_tagalog,bikol_test,all_xlmr,53.3333,0.501,0.533,0.298,0.2322,TGL,BCL,ALL (XLM-R),BCL | ALL (XLM-R),0.44366666666666665
3,mono_tagalog,cebuano_test,all_xlmr,32.8571,0.334,0.329,0.341,-0.0098,TGL,CEB,ALL (XLM-R),CEB | ALL (XLM-R),0.2996666666666667
3,mono_bikol,tagalog_test,mbert,35.8491,0.0,0.358,0.296,0.057,BCL,TGL,mBERT Embdng,TGL | mBERT Embdng,0.2876666666666667
3,mono_bikol,bikol_test,mbert,70.0,0.0,0.7,0.192,0.5037,BCL,BCL,mBERT Embdng,BCL | mBERT Embdng,0.5183333333333334
3,mono_bikol,cebuano_test,mbert,55.7143,0.602,0.557,0.187,0.3434,BCL,CEB,mBERT Embdng,CEB | mBERT Embdng,0.49866666666666665
3,mono_bikol,tagalog_test,all,37.7358,0.0,0.377,0.303,0.0731,BCL,TGL,ALL (mBERT),TGL | ALL (mBERT),0.29933333333333334
3,mono_bikol,bikol_test,all,76.6667,0.0,0.767,0.154,0.6111,BCL,BCL,ALL (mBERT),BCL | ALL (mBERT),0.5676666666666667
3,mono_bikol,cebuano_test,all,60.0,0.582,0.6,0.192,0.3911,BCL,CEB,ALL (mBERT),CEB | ALL (mBERT),0.537
3,mono_bikol,tagalog_test,xlmr,26.4151,0.0,0.264,0.264,0.0,BCL,TGL,XLM-R Embdng,TGL | XLM-R Embdng,0.13933333333333334
3,mono_bikol,bikol_test,xlmr,70.0,0.714,0.7,0.158,0.5246,BCL,BCL,XLM-R Embdng,BCL | XLM-R Embdng,0.6416666666666666
3,mono_bikol,cebuano_test,xlmr,61.4286,0.63,0.614,0.247,0.376,BCL,CEB,XLM-R Embdng,CEB | XLM-R Embdng,0.5203333333333333
3,mono_bikol,tagalog_test,all_xlmr,30.1887,0.0,0.302,0.26,0.0401,BCL,TGL,ALL (XLM-R),TGL | ALL (XLM-R),0.20366666666666666
3,mono_bikol,bikol_test,all_xlmr,73.3333,0.798,0.733,0.167,0.5644,BCL,BCL,ALL (XLM-R),BCL | ALL (XLM-R),0.624
3,mono_bikol,cebuano_test,all_xlmr,62.8571,0.638,0.629,0.251,0.3927,BCL,CEB,ALL (XLM-R),CEB | ALL (XLM-R),0.5336666666666666
3,mono_cebuano,tagalog_test,mbert,39.6226,0.432,0.396,0.336,0.0588,CEB,TGL,mBERT Embdng,TGL | mBERT Embdng,0.3216666666666667
3,mono_cebuano,bikol_test,mbert,60.0,0.637,0.6,0.178,0.3939,CEB,BCL,mBERT Embdng,BCL | mBERT Embdng,0.5523333333333333
3,mono_cebuano,cebuano_test,mbert,68.5714,0.659,0.686,0.174,0.4998,CEB,CEB,mBERT Embdng,CEB | mBERT Embdng,0.632
3,mono_cebuano,tagalog_test,all,39.6226,0.432,0.396,0.336,0.0588,CEB,TGL,ALL (mBERT),TGL | ALL (mBERT),0.3216666666666667
3,mono_cebuano,bikol_test,all,60.0,0.744,0.6,0.144,0.4175,CEB,BCL,ALL (mBERT),BCL | ALL (mBERT),0.5906666666666667
3,mono_cebuano,cebuano_test,all,67.1429,0.637,0.671,0.187,0.4749,CEB,CEB,ALL (mBERT),CEB | ALL (mBERT),0.611
3,mono_cebuano,tagalog_test,xlmr,49.0566,0.647,0.491,0.281,0.2133,CEB,TGL,XLM-R Embdng,TGL | XLM-R Embdng,0.4446666666666667
3,mono_cebuano,bikol_test,xlmr,43.3333,0.645,0.433,0.295,0.1327,CEB,BCL,XLM-R Embdng,BCL | XLM-R Embdng,0.318
3,mono_cebuano,cebuano_test,xlmr,67.1429,0.666,0.671,0.167,0.4821,CEB,CEB,XLM-R Embdng,CEB | XLM-R Embdng,0.631
3,mono_cebuano,tagalog_test,all_xlmr,47.1698,0.482,0.472,0.289,0.1837,CEB,TGL,ALL (XLM-R),TGL | ALL (XLM-R),0.42766666666666664
3,mono_cebuano,bikol_test,all_xlmr,43.3333,0.657,0.433,0.273,0.1542,CEB,BCL,ALL (XLM-R),BCL | ALL (XLM-R),0.35233333333333333
3,mono_cebuano,cebuano_test,all_xlmr,65.7143,0.656,0.657,0.189,0.4563,CEB,CEB,ALL (XLM-R),CEB | ALL (XLM-R),0.6273333333333334
3,bi_bikol_tagalog,tagalog_test,mbert,45.283,0.455,0.453,0.293,0.1651,TGL+BCL,TGL,mBERT Embdng,TGL | mBERT Embdng,0.4533333333333333
3,bi_bikol_tagalog,bikol_test,mbert,60.0,0.635,0.6,0.216,0.3651,TGL+BCL,BCL,mBERT Embdng,BCL | mBERT Embdng,0.5233333333333333
3,bi_bikol_tagalog,cebuano_test,mbert,50.0,0.568,0.5,0.195,0.2764,TGL+BCL,CEB,mBERT Embdng,CEB | mBERT Embdng,0.457
3,bi_bikol_tagalog,tagalog_test,all,47.1698,0.464,0.472,0.283,0.2,TGL+BCL,TGL,ALL (mBERT),TGL | ALL (mBERT),0.48
3,bi_bikol_tagalog,bikol_test,all,66.6667,0.648,0.667,0.183,0.4652,TGL+BCL,BCL,ALL (mBERT),BCL | ALL (mBERT),0.5713333333333334
3,bi_bikol_tagalog,cebuano_test,all,54.2857,0.607,0.543,0.182,0.3335,TGL+BCL,CEB,ALL (mBERT),CEB | ALL (mBERT),0.5143333333333333
3,bi_bikol_tagalog,tagalog_test,xlmr,60.3774,0.643,0.604,0.218,0.3905,TGL+BCL,TGL,XLM-R Embdng,TGL | XLM-R Embdng,0.5936666666666667
3,bi_bikol_tagalog,bikol_test,xlmr,60.0,0.575,0.6,0.2,0.3662,TGL+BCL,BCL,XLM-R Embdng,BCL | XLM-R Embdng,0.48066666666666663
3,bi_bikol_tagalog,cebuano_test,xlmr,48.5714,0.47,0.486,0.247,0.2317,TGL+BCL,CEB,XLM-R Embdng,CEB | XLM-R Embdng,0.43333333333333335
3,bi_bikol_tagalog,tagalog_test,all_xlmr,62.2642,0.687,0.623,0.211,0.4198,TGL+BCL,TGL,ALL (XLM-R),TGL | ALL (XLM-R),0.6256666666666667
3,bi_bikol_tagalog,bikol_test,all_xlmr,60.0,0.575,0.6,0.2,0.3662,TGL+BCL,BCL,ALL (XLM-R),BCL | ALL (XLM-R),0.48066666666666663
3,bi_bikol_tagalog,cebuano_test,all_xlmr,47.1429,0.458,0.471,0.253,0.2135,TGL+BCL,CEB,ALL (XLM-R),CEB | ALL (XLM-R),0.42333333333333334
3,bi_cebuano_bikol,tagalog_test,mbert,43.3962,0.455,0.434,0.318,0.123,BCL+CEB,TGL,mBERT Embdng,TGL | mBERT Embdng,0.426
3,bi_cebuano_bikol,bikol_test,mbert,70.0,0.73,0.7,0.136,0.5385,BCL+CEB,BCL,mBERT Embdng,BCL | mBERT Embdng,0.665
3,bi_cebuano_bikol,cebuano_test,mbert,65.7143,0.68,0.657,0.167,0.4675,BCL+CEB,CEB,mBERT Embdng,CEB | mBERT Embdng,0.636
3,bi_cebuano_bikol,tagalog_test,all,41.5094,0.406,0.415,0.315,0.1002,BCL+CEB,TGL,ALL (mBERT),TGL | ALL (mBERT),0.39199999999999996
3,bi_cebuano_bikol,bikol_test,all,73.3333,0.733,0.733,0.134,0.5819,BCL+CEB,BCL,ALL (mBERT),BCL | ALL (mBERT),0.691
3,bi_cebuano_bikol,cebuano_test,all,64.2857,0.683,0.643,0.173,0.4493,BCL+CEB,CEB,ALL (mBERT),CEB | ALL (mBERT),0.633
3,bi_cebuano_bikol,tagalog_test,xlmr,45.283,0.533,0.453,0.32,0.1399,BCL+CEB,TGL,XLM-R Embdng,TGL | XLM-R Embdng,0.4063333333333334
3,bi_cebuano_bikol,bikol_test,xlmr,60.0,0.663,0.6,0.227,0.364,BCL+CEB,BCL,XLM-R Embdng,BCL | XLM-R Embdng,0.5126666666666666
3,bi_cebuano_bikol,cebuano_test,xlmr,72.8571,0.729,0.729,0.146,0.5762,BCL+CEB,CEB,XLM-R Embdng,CEB | XLM-R Embdng,0.7166666666666668
3,bi_cebuano_bikol,tagalog_test,all_xlmr,50.9434,0.72,0.509,0.293,0.225,BCL+CEB,TGL,ALL (XLM-R),TGL | ALL (XLM-R),0.44799999999999995
3,bi_cebuano_bikol,bikol_test,all_xlmr,60.0,0.663,0.6,0.227,0.364,BCL+CEB,BCL,ALL (XLM-R),BCL | ALL (XLM-R),0.5126666666666666
3,bi_cebuano_bikol,cebuano_test,all_xlmr,70.0,0.715,0.7,0.141,0.5377,BCL+CEB,CEB,ALL (XLM-R),CEB | ALL (XLM-R),0.684
3,bi_tagalog_cebuano,tagalog_test,mbert,45.283,0.556,0.453,0.232,0.2106,CEB+TGL,TGL,mBERT Embdng,TGL | mBERT Embdng,0.43733333333333335
3,bi_tagalog_cebuano,bikol_test,mbert,46.6667,0.575,0.467,0.212,0.2246,CEB+TGL,BCL,mBERT Embdng,BCL | mBERT Embdng,0.4623333333333333
3,bi_tagalog_cebuano,cebuano_test,mbert,67.1429,0.619,0.671,0.208,0.4606,CEB+TGL,CEB,mBERT Embdng,CEB | mBERT Embdng,0.5733333333333334
3,bi_tagalog_cebuano,tagalog_test,all,43.3962,0.559,0.434,0.244,0.1825,CEB+TGL,TGL,ALL (mBERT),TGL | ALL (mBERT),0.4083333333333334
3,bi_tagalog_cebuano,bikol_test,all,60.0,0.679,0.6,0.161,0.402,CEB+TGL,BCL,ALL (mBERT),BCL | ALL (mBERT),0.5793333333333334
3,bi_tagalog_cebuano,cebuano_test,all,68.5714,0.648,0.686,0.203,0.4836,CEB+TGL,CEB,ALL (mBERT),CEB | ALL (mBERT),0.601
3,bi_tagalog_cebuano,tagalog_test,xlmr,33.9623,0.369,0.34,0.265,0.0744,CEB+TGL,TGL,XLM-R Embdng,TGL | XLM-R Embdng,0.282
3,bi_tagalog_cebuano,bikol_test,xlmr,50.0,0.464,0.5,0.275,0.2091,CEB+TGL,BCL,XLM-R Embdng,BCL | XLM-R Embdng,0.381
3,bi_tagalog_cebuano,cebuano_test,xlmr,67.1429,0.637,0.671,0.204,0.466,CEB+TGL,CEB,XLM-R Embdng,CEB | XLM-R Embdng,0.6136666666666667
3,bi_tagalog_cebuano,tagalog_test,all_xlmr,35.8491,0.397,0.358,0.26,0.0931,CEB+TGL,TGL,ALL (XLM-R),TGL | ALL (XLM-R),0.31333333333333335
3,bi_tagalog_cebuano,bikol_test,all_xlmr,53.3333,0.511,0.533,0.25,0.2644,CEB+TGL,BCL,ALL (XLM-R),BCL | ALL (XLM-R),0.4033333333333333
3,bi_tagalog_cebuano,cebuano_test,all_xlmr,67.1429,0.642,0.671,0.188,0.4711,CEB+TGL,CEB,ALL (XLM-R),CEB | ALL (XLM-R),0.611
3,all_languages,tagalog_test,mbert,49.0566,0.537,0.491,0.282,0.2103,ALL,TGL,mBERT Embdng,TGL | mBERT Embdng,0.456
3,all_languages,bikol_test,mbert,66.6667,0.694,0.667,0.151,0.4924,ALL,BCL,mBERT Embdng,BCL | mBERT Embdng,0.6443333333333333
3,all_languages,cebuano_test,mbert,62.8571,0.697,0.629,0.173,0.4309,ALL,CEB,mBERT Embdng,CEB | mBERT Embdng,0.6223333333333333
3,all_languages,tagalog_test,all,49.0566,0.568,0.491,0.285,0.2063,ALL,TGL,ALL (mBERT),TGL | ALL (mBERT),0.4363333333333334
3,all_languages,bikol_test,all,60.0,0.703,0.6,0.15,0.4137,ALL,BCL,ALL (mBERT),BCL | ALL (mBERT),0.5926666666666667
3,all_languages,cebuano_test,all,62.8571,0.684,0.629,0.172,0.4291,ALL,CEB,ALL (mBERT),CEB | ALL (mBERT),0.6156666666666667
3,all_languages,tagalog_test,xlmr,52.8302,0.525,0.528,0.245,0.2861,ALL,TGL,XLM-R Embdng,TGL | XLM-R Embdng,0.527
3,all_languages,bikol_test,xlmr,60.0,0.639,0.6,0.183,0.3814,ALL,BCL,XLM-R Embdng,BCL | XLM-R Embdng,0.5286666666666666
3,all_languages,cebuano_test,xlmr,71.4286,0.735,0.714,0.129,0.5589,ALL,CEB,XLM-R Embdng,CEB | XLM-R Embdng,0.6923333333333334
3,all_languages,tagalog_test,all_xlmr,50.9434,0.513,0.509,0.263,0.2515,ALL,TGL,ALL (XLM-R),TGL | ALL (XLM-R),0.511
3,all_languages,bikol_test,all_xlmr,63.3333,0.599,0.633,0.181,0.419,ALL,BCL,ALL (XLM-R),BCL | ALL (XLM-R),0.5063333333333334
3,all_languages,cebuano_test,all_xlmr,70.0,0.727,0.7,0.134,0.5388,ALL,CEB,ALL (XLM-R),CEB | ALL (XLM-R),0.6816666666666666
4,mono_tagalog,tagalog_test,mbert,41.5094,0.42,0.415,0.317,0.1051,TGL,TGL,mBERT Embdng,TGL | mBERT Embdng,0.4093333333333333
4,mono_tagalog,bikol_test,mbert,23.3333,0.0,0.233,0.209,0.0129,TGL,BCL,mBERT Embdng,BCL | mBERT Embdng,0.18433333333333332
4,mono_tagalog,cebuano_test,mbert,40.5797,0.4,0.406,0.318,0.0812,TGL,CEB,mBERT Embdng,CEB | mBERT Embdng,0.37400000000000005
4,mono_tagalog,tagalog_test,all,41.5094,0.429,0.415,0.321,0.1027,TGL,TGL,ALL (mBERT),TGL | ALL (mBERT),0.412
4,mono_tagalog,bikol_test,all,30.0,0.51,0.3,0.231,0.0455,TGL,BCL,ALL (mBERT),BCL | ALL (mBERT),0.313
4,mono_tagalog,cebuano_test,all,52.1739,0.469,0.522,0.281,0.2292,TGL,CEB,ALL (mBERT),CEB | ALL (mBERT),0.4423333333333333
4,mono_tagalog,tagalog_test,xlmr,50.9434,0.508,0.509,0.269,0.2424,TGL,TGL,XLM-R Embdng,TGL | XLM-R Embdng,0.48633333333333334
4,mono_tagalog,bikol_test,xlmr,36.6667,0.0,0.367,0.312,0.042,TGL,BCL,XLM-R Embdng,BCL | XLM-R Embdng,0.20366666666666666
4,mono_tagalog,cebuano_test,xlmr,24.6377,0.566,0.246,0.243,0.0022,TGL,CEB,XLM-R Embdng,CEB | XLM-R Embdng,0.17833333333333332
4,mono_tagalog,tagalog_test,all_xlmr,50.9434,0.509,0.509,0.268,0.2429,TGL,TGL,ALL (XLM-R),TGL | ALL (XLM-R),0.48633333333333334
4,mono_tagalog,bikol_test,all_xlmr,36.6667,0.0,0.367,0.301,0.05,TGL,BCL,ALL (XLM-R),BCL | ALL (XLM-R),0.20966666666666667
4,mono_tagalog,cebuano_test,all_xlmr,26.087,0.568,0.261,0.245,0.017,TGL,CEB,ALL (XLM-R),CEB | ALL (XLM-R),0.19333333333333336
4,mono_bikol,tagalog_test,mbert,37.7358,0.0,0.377,0.284,0.0933,BCL,TGL,mBERT Embdng,TGL | mBERT Embdng,0.3066666666666667
4,mono_bikol,bikol_test,mbert,70.0,0.714,0.7,0.147,0.5304,BCL,BCL,mBERT Embdng,BCL | mBERT Embdng,0.6386666666666666
4,mono_bikol,cebuano_test,mbert,55.0725,0.477,0.551,0.255,0.2891,BCL,CEB,mBERT Embdng,CEB | mBERT Embdng,0.4716666666666667
4,mono_bikol,tagalog_test,all,35.8491,0.0,0.358,0.291,0.0687,BCL,TGL,ALL (mBERT),TGL | ALL (mBERT),0.291
4,mono_bikol,bikol_test,all,73.3333,0.758,0.733,0.117,0.5897,BCL,BCL,ALL (mBERT),BCL | ALL (mBERT),0.6926666666666667
4,mono_bikol,cebuano_test,all,57.971,0.546,0.58,0.265,0.3199,BCL,CEB,ALL (mBERT),CEB | ALL (mBERT),0.5343333333333333
4,mono_bikol,tagalog_test,xlmr,26.4151,0.0,0.264,0.264,0.0,BCL,TGL,XLM-R Embdng,TGL | XLM-R Embdng,0.13933333333333334
4,mono_bikol,bikol_test,xlmr,70.0,0.719,0.7,0.136,0.5345,BCL,BCL,XLM-R Embdng,BCL | XLM-R Embdng,0.6386666666666667
4,mono_bikol,cebuano_test,xlmr,57.971,0.431,0.58,0.301,0.2927,BCL,CEB,XLM-R Embdng,CEB | XLM-R Embdng,0.4543333333333333
4,mono_bikol,tagalog_test,all_xlmr,26.4151,0.0,0.264,0.264,0.0,BCL,TGL,ALL (XLM-R),TGL | ALL (XLM-R),0.13933333333333334
4,mono_bikol,bikol_test,all_xlmr,76.6667,0.78,0.767,0.104,0.6386,BCL,BCL,ALL (XLM-R),BCL | ALL (XLM-R),0.7236666666666668
4,mono_bikol,cebuano_test,all_xlmr,59.4203,0.448,0.594,0.28,0.3242,BCL,CEB,ALL (XLM-R),CEB | ALL (XLM-R),0.47333333333333333
4,mono_cebuano,tagalog_test,mbert,37.7358,0.367,0.377,0.355,0.024,CEB,TGL,mBERT Embdng,TGL | mBERT Embdng,0.3233333333333333
4,mono_cebuano,bikol_test,mbert,40.0,0.601,0.4,0.189,0.1867,CEB,BCL,mBERT Embdng,BCL | mBERT Embdng,0.397
4,mono_cebuano,cebuano_test,mbert,72.4638,0.727,0.725,0.149,0.5725,CEB,CEB,mBERT Embdng,CEB | mBERT Embdng,0.7206666666666667
4,mono_cebuano,tagalog_test,all,41.5094,0.399,0.415,0.334,0.0821,CEB,TGL,ALL (mBERT),TGL | ALL (mBERT),0.3463333333333334
4,mono_cebuano,bikol_test,all,50.0,0.669,0.5,0.164,0.3045,CEB,BCL,ALL (mBERT),BCL | ALL (mBERT),0.496
4,mono_cebuano,cebuano_test,all,75.3623,0.749,0.754,0.153,0.6087,CEB,CEB,ALL (mBERT),CEB | ALL (mBERT),0.743
4,mono_cebuano,tagalog_test,xlmr,45.283,0.462,0.453,0.312,0.1466,CEB,TGL,XLM-R Embdng,TGL | XLM-R Embdng,0.4093333333333333
4,mono_cebuano,bikol_test,xlmr,66.6667,0.708,0.667,0.166,0.4863,CEB,BCL,XLM-R Embdng,BCL | XLM-R Embdng,0.636
4,mono_cebuano,cebuano_test,xlmr,75.3623,0.756,0.754,0.179,0.5913,CEB,CEB,XLM-R Embdng,CEB | XLM-R Embdng,0.7146666666666667
4,mono_cebuano,tagalog_test,all_xlmr,43.3962,0.495,0.434,0.332,0.1067,CEB,TGL,ALL (XLM-R),TGL | ALL (XLM-R),0.3786666666666667
4,mono_cebuano,bikol_test,all_xlmr,63.3333,0.686,0.633,0.175,0.4416,CEB,BCL,ALL (XLM-R),BCL | ALL (XLM-R),0.601
4,mono_cebuano,cebuano_test,all_xlmr,76.8116,0.77,0.768,0.165,0.6171,CEB,CEB,ALL (XLM-R),CEB | ALL (XLM-R),0.7319999999999999
4,bi_bikol_tagalog,tagalog_test,mbert,56.6038,0.566,0.566,0.231,0.3397,TGL+BCL,TGL,mBERT Embdng,TGL | mBERT Embdng,0.5670000000000001
4,bi_bikol_tagalog,bikol_test,mbert,66.6667,0.685,0.667,0.18,0.4718,TGL+BCL,BCL,mBERT Embdng,BCL | mBERT Embdng,0.6096666666666667
4,bi_bikol_tagalog,cebuano_test,mbert,50.7246,0.468,0.507,0.24,0.251,TGL+BCL,CEB,mBERT Embdng,CEB | mBERT Embdng,0.433
4,bi_bikol_tagalog,tagalog_test,all,54.717,0.56,0.547,0.253,0.303,TGL+BCL,TGL,ALL (mBERT),TGL | ALL (mBERT),0.5453333333333333
4,bi_bikol_tagalog,bikol_test,all,76.6667,0.747,0.767,0.132,0.625,TGL+BCL,BCL,ALL (mBERT),BCL | ALL (mBERT),0.6916666666666668
4,bi_bikol_tagalog,cebuano_test,all,52.1739,0.475,0.522,0.235,0.273,TGL+BCL,CEB,ALL (mBERT),CEB | ALL (mBERT),0.447
4,bi_bikol_tagalog,tagalog_test,xlmr,47.1698,0.513,0.472,0.237,0.2323,TGL+BCL,TGL,XLM-R Embdng,TGL | XLM-R Embdng,0.4613333333333333
4,bi_bikol_tagalog,bikol_test,xlmr,70.0,0.73,0.7,0.131,0.5408,TGL+BCL,BCL,XLM-R Embdng,BCL | XLM-R Embdng,0.6656666666666666
4,bi_bikol_tagalog,cebuano_test,xlmr,53.6232,0.428,0.536,0.244,0.2791,TGL+BCL,CEB,XLM-R Embdng,CEB | XLM-R Embdng,0.42766666666666664
4,bi_bikol_tagalog,tagalog_test,all_xlmr,45.283,0.467,0.453,0.252,0.2032,TGL+BCL,TGL,ALL (XLM-R),TGL | ALL (XLM-R),0.4406666666666667
4,bi_bikol_tagalog,bikol_test,all_xlmr,73.3333,0.766,0.733,0.112,0.5904,TGL+BCL,BCL,ALL (XLM-R),BCL | ALL (XLM-R),0.6953333333333332
4,bi_bikol_tagalog,cebuano_test,all_xlmr,53.6232,0.459,0.536,0.304,0.2449,TGL+BCL,CEB,ALL (XLM-R),CEB | ALL (XLM-R),0.468
4,bi_cebuano_bikol,tagalog_test,mbert,41.5094,0.405,0.415,0.327,0.0928,BCL+CEB,TGL,mBERT Embdng,TGL | mBERT Embdng,0.385
4,bi_cebuano_bikol,bikol_test,mbert,70.0,0.78,0.7,0.126,0.5455,BCL+CEB,BCL,mBERT Embdng,BCL | mBERT Embdng,0.6823333333333333
4,bi_cebuano_bikol,cebuano_test,mbert,69.5652,0.729,0.696,0.191,0.5093,BCL+CEB,CEB,mBERT Embdng,CEB | mBERT Embdng,0.6880000000000001
4,bi_cebuano_bikol,tagalog_test,all,39.6226,0.371,0.396,0.334,0.0661,BCL+CEB,TGL,ALL (mBERT),TGL | ALL (mBERT),0.36133333333333334
4,bi_cebuano_bikol,bikol_test,all,73.3333,0.766,0.733,0.112,0.5904,BCL+CEB,BCL,ALL (mBERT),BCL | ALL (mBERT),0.6953333333333332
4,bi_cebuano_bikol,cebuano_test,all,68.1159,0.72,0.681,0.196,0.4882,BCL+CEB,CEB,ALL (mBERT),CEB | ALL (mBERT),0.6779999999999999
4,bi_cebuano_bikol,tagalog_test,xlmr,41.5094,0.402,0.415,0.324,0.0948,BCL+CEB,TGL,XLM-R Embdng,TGL | XLM-R Embdng,0.38133333333333336
4,bi_cebuano_bikol,bikol_test,xlmr,66.6667,0.731,0.667,0.169,0.4828,BCL+CEB,BCL,XLM-R Embdng,BCL | XLM-R Embdng,0.6403333333333333
4,bi_cebuano_bikol,cebuano_test,xlmr,71.0145,0.731,0.71,0.176,0.5354,BCL+CEB,CEB,XLM-R Embdng,CEB | XLM-R Embdng,0.6976666666666667
4,bi_cebuano_bikol,tagalog_test,all_xlmr,41.5094,0.435,0.415,0.321,0.0987,BCL+CEB,TGL,ALL (XLM-R),TGL | ALL (XLM-R),0.4086666666666667
4,bi_cebuano_bikol,bikol_test,all_xlmr,70.0,0.741,0.7,0.161,0.5304,BCL+CEB,BCL,ALL (XLM-R),BCL | ALL (XLM-R),0.6726666666666666
4,bi_cebuano_bikol,cebuano_test,all_xlmr,69.5652,0.714,0.696,0.189,0.51,BCL+CEB,CEB,ALL (XLM-R),CEB | ALL (XLM-R),0.6826666666666666
4,bi_tagalog_cebuano,tagalog_test,mbert,58.4906,0.584,0.585,0.227,0.369,CEB+TGL,TGL,mBERT Embdng,TGL | mBERT Embdng,0.592
4,bi_tagalog_cebuano,bikol_test,mbert,40.0,0.737,0.4,0.167,0.1964,CEB+TGL,BCL,mBERT Embdng,BCL | mBERT Embdng,0.4143333333333333
4,bi_tagalog_cebuano,cebuano_test,mbert,65.2174,0.656,0.652,0.195,0.4563,CEB+TGL,CEB,mBERT Embdng,CEB | mBERT Embdng,0.6486666666666666
4,bi_tagalog_cebuano,tagalog_test,all,52.8302,0.521,0.528,0.233,0.2948,CEB+TGL,TGL,ALL (mBERT),TGL | ALL (mBERT),0.4706666666666666
4,bi_tagalog_cebuano,bikol_test,all,53.3333,0.769,0.533,0.134,0.3538,CEB+TGL,BCL,ALL (mBERT),BCL | ALL (mBERT),0.5463333333333333
4,bi_tagalog_cebuano,cebuano_test,all,62.3188,0.614,0.623,0.22,0.4067,CEB+TGL,CEB,ALL (mBERT),CEB | ALL (mBERT),0.61
4,bi_tagalog_cebuano,tagalog_test,xlmr,56.6038,0.581,0.566,0.231,0.3389,CEB+TGL,TGL,XLM-R Embdng,TGL | XLM-R Embdng,0.5543333333333333
4,bi_tagalog_cebuano,bikol_test,xlmr,60.0,0.663,0.6,0.194,0.3929,CEB+TGL,BCL,XLM-R Embdng,BCL | XLM-R Embdng,0.5673333333333334
4,bi_tagalog_cebuano,cebuano_test,xlmr,75.3623,0.754,0.754,0.139,0.6133,CEB+TGL,CEB,XLM-R Embdng,CEB | XLM-R Embdng,0.746
4,bi_tagalog_cebuano,tagalog_test,all_xlmr,56.6038,0.581,0.566,0.231,0.3389,CEB+TGL,TGL,ALL (XLM-R),TGL | ALL (XLM-R),0.5543333333333333
4,bi_tagalog_cebuano,bikol_test,all_xlmr,60.0,0.663,0.6,0.194,0.3929,CEB+TGL,BCL,ALL (XLM-R),BCL | ALL (XLM-R),0.5673333333333334
4,bi_tagalog_cebuano,cebuano_test,all_xlmr,73.913,0.746,0.739,0.137,0.5917,CEB+TGL,CEB,ALL (XLM-R),CEB | ALL (XLM-R),0.7273333333333333
4,all_languages,tagalog_test,mbert,56.6038,0.602,0.566,0.249,0.3261,ALL,TGL,mBERT Embdng,TGL | mBERT Embdng,0.5463333333333333
4,all_languages,bikol_test,mbert,66.6667,0.704,0.667,0.144,0.4889,ALL,BCL,mBERT Embdng,BCL | mBERT Embdng,0.6116666666666667
4,all_languages,cebuano_test,mbert,66.6667,0.679,0.667,0.181,0.4834,ALL,CEB,mBERT Embdng,CEB | mBERT Embdng,0.6699999999999999
4,all_languages,tagalog_test,all,49.0566,0.492,0.491,0.282,0.2133,ALL,TGL,ALL (mBERT),TGL | ALL (mBERT),0.4726666666666666
4,all_languages,bikol_test,all,73.3333,0.771,0.733,0.106,0.5932,ALL,BCL,ALL (mBERT),BCL | ALL (mBERT),0.694
4,all_languages,cebuano_test,all,68.1159,0.698,0.681,0.168,0.5079,ALL,CEB,ALL (mBERT),CEB | ALL (mBERT),0.6846666666666668
4,all_languages,tagalog_test,xlmr,47.1698,0.474,0.472,0.291,0.1837,ALL,TGL,XLM-R Embdng,TGL | XLM-R Embdng,0.453
4,all_languages,bikol_test,xlmr,63.3333,0.686,0.633,0.175,0.4416,ALL,BCL,XLM-R Embdng,BCL | XLM-R Embdng,0.601
4,all_languages,cebuano_test,xlmr,71.0145,0.714,0.71,0.155,0.5444,ALL,CEB,XLM-R Embdng,CEB | XLM-R Embdng,0.691
4,all_languages,tagalog_test,all_xlmr,50.9434,0.524,0.509,0.274,0.242,ALL,TGL,ALL (XLM-R),TGL | ALL (XLM-R),0.5
4,all_languages,bikol_test,all_xlmr,73.3333,0.752,0.733,0.128,0.5862,ALL,BCL,ALL (XLM-R),BCL | ALL (XLM-R),0.6943333333333334
4,all_languages,cebuano_test,all_xlmr,75.3623,0.771,0.754,0.134,0.6129,ALL,CEB,ALL (XLM-R),CEB | ALL (XLM-R),0.7463333333333333
