train_set,test_set,feature_set,accuracy_mean,accuracy_std,f1_weighted_mean,f1_weighted_std,precision_weighted_mean,precision_weighted_std,recall_weighted_mean,recall_weighted_std,kappa_mean,kappa_std,f1_macro_mean,f1_macro_std
all_languages,bikol_test,all,72.0,9.006186145644556,0.6664,0.1327433614159292,0.72,0.09021640649017226,0.18180000000000002,0.05073164692773142,0.53426,0.14781993437963636,0.5721333333333333,0.10127097862226428
all_languages,bikol_test,all_xlmr,74.00002,9.831910631560882,0.5786,0.3476575901659562,0.7402,0.09821761552796934,0.16240000000000002,0.06158977187812923,0.5705199999999999,0.16394065084657924,0.6204,0.13517219470816558
all_languages,bikol_test,mbert,73.33333999999999,7.817334726298983,0.6045999999999999,0.3437663450659474,0.7333999999999999,0.07792496390759508,0.1748,0.05124158467494931,0.5579000000000001,0.12777486059471949,0.619,0.08278385510875093
all_languages,bikol_test,trad,64.66666000000001,9.006193547942436,0.679,0.11363318177363513,0.6466000000000001,0.09029008804957496,0.1658,0.060841597612160056,0.45908,0.1329604527669788,0.5952666666666666,0.10736474695582757
all_languages,bikol_test,trad_clgsngo,67.33333999999999,6.8312712336723935,0.6748,0.0734179814486887,0.6734,0.06802058511950627,0.173,0.03872337795182647,0.48418,0.09714801593444924,0.6078,0.09007546219081472
all_languages,bikol_test,xlmr,74.0,6.411777358112179,0.3096,0.4243056681214617,0.74,0.06394528911499266,0.1702,0.04699680840227344,0.56512,0.1082814711758203,0.586,0.10322198301610841
all_languages,cebuano_test,all,75.34576,5.736133927829796,0.7504,0.07320724007910694,0.7534,0.057404703640032854,0.16519999999999999,0.028908476265621468,0.5966400000000001,0.09395207821011729,0.7072666666666667,0.07501385057292939
all_languages,cebuano_test,all_xlmr,73.91304,5.559424063965618,0.7266,0.0699199542333946,0.7392,0.05571983488848474,0.1724,0.032943891694819545,0.57374,0.09107690706210878,0.6909333333333334,0.068790503220527
all_languages,cebuano_test,mbert,76.4969,7.287440981236143,0.7554000000000001,0.08608890753169074,0.7647999999999999,0.07289170048777843,0.1488,0.03912416133286438,0.61746,0.11936122904863204,0.7223333333333334,0.08962483534774897
all_languages,cebuano_test,trad,77.63148,7.485291355852485,0.7746,0.07485853324772,0.7762,0.0748511856953516,0.14179999999999998,0.053802416302616,0.63708,0.12508967583297995,0.7468,0.08804878698135996
all_languages,cebuano_test,trad_clgsngo,75.92134,8.45369430769767,0.7558,0.09052182057382628,0.7592000000000001,0.08475671064877403,0.153,0.05120546845796843,0.6096999999999999,0.13867023833541217,0.7290666666666666,0.09994815322622695
all_languages,cebuano_test,xlmr,73.34576,4.045577301572671,0.724,0.05599999999999997,0.7333999999999999,0.040519131283876283,0.1794,0.02261194374661321,0.5612199999999999,0.06797758454078816,0.6771333333333333,0.0548202111958314
all_languages,tagalog_test,all,48.67924,4.883860707268379,0.493,0.06435060217278472,0.4866,0.04863949012890655,0.2738,0.03789722945018541,0.21417999999999998,0.08310022262304716,0.45746666666666674,0.04830320900312942
all_languages,tagalog_test,all_xlmr,48.67924,8.584421632701881,0.4917999999999999,0.09123431372022259,0.4868,0.08592845861529226,0.2652,0.04086196275266277,0.22282000000000002,0.12821334563921183,0.4770666666666667,0.08859439410406658
all_languages,tagalog_test,mbert,45.283,3.26803346372096,0.45640000000000003,0.0434890790888931,0.453,0.032908965343808654,0.288,0.019710403344427016,0.16741999999999999,0.04728077833538699,0.4357333333333333,0.0340819274363669
all_languages,tagalog_test,trad,53.207539999999995,8.049329909874482,0.5287999999999999,0.1016597265390774,0.5322,0.08056488068631391,0.2366,0.03820078533224155,0.29212,0.11984586768011653,0.5020666666666667,0.08673119392698339
all_languages,tagalog_test,trad_clgsngo,49.43396,3.100328764502241,0.48440000000000005,0.04028399185780873,0.49420000000000003,0.03070342000494409,0.2616,0.0169499262535269,0.23074,0.04624081530423095,0.4686,0.03632828711134674
all_languages,tagalog_test,xlmr,47.92452,5.435818079369471,0.47520000000000007,0.06608101088815156,0.47919999999999996,0.054200553502708824,0.271,0.03203903868720158,0.21032,0.08142574531436601,0.46579999999999994,0.05414107087558905
bi_bikol_tagalog,bikol_test,all,72.66666000000001,3.651474588162977,0.4314,0.3970771965248067,0.7266,0.036425265956475855,0.1834,0.03314815228636432,0.5413600000000001,0.06271162571644912,0.5784666666666667,0.08053487857237175
bi_bikol_tagalog,bikol_test,all_xlmr,74.00002,7.226472937194186,0.0,0.0,0.7402,0.07204998265093474,0.1874,0.06020631196145467,0.55446,0.12919461289078582,0.542,0.05506359959174482
bi_bikol_tagalog,bikol_test,mbert,72.00002,7.673885007738906,0.5993999999999999,0.34052209913601783,0.7202,0.07649313694704903,0.1936,0.06231612953321155,0.53102,0.13175569057919284,0.6253333333333333,0.09994720828739763
bi_bikol_tagalog,bikol_test,trad,67.33333999999999,8.628112320954104,0.6798,0.10354564211013421,0.6734,0.08621078818802205,0.16460000000000002,0.06197822198159609,0.48764,0.14001408143469,0.6111333333333333,0.11591007050487216
bi_bikol_tagalog,bikol_test,trad_clgsngo,76.66666000000001,4.714051100486714,0.7455999999999999,0.08294455979749364,0.7666000000000001,0.04719957626928449,0.1416,0.048510823534547415,0.6188,0.08834678828344583,0.6881333333333334,0.10729569733529234
bi_bikol_tagalog,bikol_test,xlmr,71.99998000000001,6.055308965445116,0.26139999999999997,0.3633659312593848,0.7198,0.060635798007447735,0.1944,0.029526259498961246,0.52652,0.0974052719312461,0.5506666666666666,0.04676121374719769
bi_bikol_tagalog,cebuano_test,all,63.31264,4.120593211298588,0.587,0.0912058112183648,0.633,0.04132795663954362,0.2964,0.027014810752622357,0.3646,0.07369440277253081,0.5284666666666666,0.07243487496441968
bi_bikol_tagalog,cebuano_test,all_xlmr,61.6025,2.377514214468546,0.3404,0.32396342386139826,0.616,0.023695991222145624,0.3144,0.014117365193264647,0.32674,0.04148539502041652,0.47426666666666667,0.023617789905069467
bi_bikol_tagalog,cebuano_test,mbert,63.59834000000001,2.8068794110185826,0.5084,0.2929578467971118,0.636,0.028000000000000042,0.2782,0.04167973128512227,0.37584,0.05847497755450615,0.5184,0.02245909862641667
bi_bikol_tagalog,cebuano_test,trad,52.73706,4.331818875830336,0.5536,0.03153252289303855,0.5274,0.0435235568399459,0.3116,0.031706466217476845,0.23515999999999998,0.06956919576939205,0.526,0.03420932296579071
bi_bikol_tagalog,cebuano_test,trad_clgsngo,53.577639999999995,2.01486157787576,0.5462,0.02340299126180239,0.5358,0.020067386476569377,0.3256,0.01764369575797542,0.22949999999999998,0.03962379335702224,0.5105333333333333,0.031750415570333694
bi_bikol_tagalog,cebuano_test,xlmr,62.45964,2.4273651585618508,0.30920000000000003,0.29233148992197194,0.6246,0.02423427325091476,0.3038,0.022598672527385316,0.34618000000000004,0.0419582768950299,0.48486666666666667,0.033341332373563674
bi_bikol_tagalog,tagalog_test,all,49.81132,4.735830414193478,0.5098,0.04960544324970799,0.49820000000000003,0.0471720256084048,0.26739999999999997,0.036807607909235276,0.23376000000000002,0.08022607431502551,0.4872666666666666,0.04568697845119547
bi_bikol_tagalog,tagalog_test,all_xlmr,50.943400000000004,4.810415009123432,0.5274,0.06253239160627076,0.5096,0.04795101667326769,0.25939999999999996,0.02648206940554307,0.2524,0.07183025128732323,0.4986,0.04732476448259761
bi_bikol_tagalog,tagalog_test,mbert,47.547160000000005,3.375210447957282,0.47619999999999996,0.040089898977173806,0.4756,0.03359761896325393,0.27599999999999997,0.025268557536986536,0.2015,0.05658325724098958,0.4622,0.03688164252789663
bi_bikol_tagalog,tagalog_test,trad,49.81132,7.258664529512299,0.5164,0.08521619564378595,0.4984,0.07266567277607769,0.24080000000000004,0.040369542974871546,0.25038,0.11019365680473626,0.48706666666666665,0.0638654836355288
bi_bikol_tagalog,tagalog_test,trad_clgsngo,50.943400000000004,7.664217830933565,0.5096,0.07469136496275856,0.5096,0.07668637427861613,0.24700000000000003,0.0453596737201669,0.2575,0.11924854296803798,0.4942666666666666,0.07082231286819148
bi_bikol_tagalog,tagalog_test,xlmr,50.9434,2.3108486233416485,0.521,0.03808543028508406,0.5092000000000001,0.022862633269157807,0.264,0.01695582495781317,0.24738,0.03499531397201631,0.48386666666666667,0.02851568769018984
bi_cebuano_bikol,bikol_test,all,76.00002,7.95822635183242,0.655,0.37109836970808696,0.7602,0.07960339188753202,0.1688,0.05544546870574728,0.5962400000000001,0.13693693073820518,0.642,0.10650404269843994
bi_cebuano_bikol,bikol_test,all_xlmr,78.66664,5.055252493990781,0.4586,0.4281475213054491,0.7864,0.05057469723092762,0.146,0.032303250610426194,0.6420600000000001,0.08537993323960848,0.6464000000000001,0.11607286983232183
bi_cebuano_bikol,bikol_test,mbert,72.0,6.497879996198759,0.43740000000000007,0.4039737615241862,0.72,0.0651498273213368,0.19119999999999998,0.04613783696707076,0.53104,0.10842272824458904,0.5843333333333334,0.06048737241955728
bi_cebuano_bikol,bikol_test,trad,71.33333999999999,9.006187996205718,0.7464000000000001,0.09419554129575348,0.7134,0.09023469399294264,0.1386,0.05237174810907117,0.55478,0.132924723057827,0.6548,0.11309966106639459
bi_cebuano_bikol,bikol_test,trad_clgsngo,72.66668,10.903619174934532,0.7628,0.10641522447469627,0.7268,0.10904677895288796,0.152,0.04614650582655201,0.56746,0.15882414174173903,0.6891999999999999,0.12009177046464645
bi_cebuano_bikol,bikol_test,xlmr,76.66666000000001,6.666687500025781,0.7598,0.10826449094693974,0.7666000000000001,0.06687525700885194,0.1578,0.04248176079213289,0.6097,0.109517373051037,0.6368666666666667,0.06722540855625615
bi_cebuano_bikol,cebuano_test,all,75.63974,4.436418968943309,0.7492,0.062114410566308995,0.7564,0.04432042418569568,0.1652,0.02645184303597766,0.60072,0.07312559059590562,0.7090666666666666,0.05659917549458352
bi_cebuano_bikol,cebuano_test,all_xlmr,72.48446,6.307192539712103,0.7142,0.09143686346326628,0.725,0.06290071541723509,0.1956,0.026235472170326953,0.5422,0.10463161568092118,0.6631333333333334,0.09223327912298133
bi_cebuano_bikol,cebuano_test,mbert,74.21531999999999,5.128758821293903,0.7408,0.07447281383162582,0.7422,0.05111946791585371,0.1768,0.011300442469213327,0.5760799999999999,0.07927529249394165,0.6908666666666666,0.0690521542024577
bi_cebuano_bikol,cebuano_test,trad,75.05588,7.194985665517342,0.7646,0.06099426202521021,0.7508,0.07208814049481367,0.1772,0.05418210036534205,0.5880599999999999,0.12323661387753239,0.7142,0.09100109889446388
bi_cebuano_bikol,cebuano_test,trad_clgsngo,76.77846000000001,5.642492220907356,0.771,0.05832237992400515,0.768,0.056639209034025216,0.1552,0.038906297690733824,0.62052,0.09423962542370377,0.7305999999999999,0.06855387176034143
bi_cebuano_bikol,cebuano_test,xlmr,73.35402,3.7075003900202086,0.7304,0.05075233984753807,0.7336,0.03712546296007631,0.18660000000000002,0.016288032416470685,0.5596,0.0609562958192179,0.6802666666666666,0.05387763914649562
bi_cebuano_bikol,tagalog_test,all,39.24528,6.983664686036981,0.34019999999999995,0.2402471643953368,0.39239999999999997,0.07000214282434503,0.2898,0.049469182325969356,0.10049999999999999,0.1138238331809292,0.34306666666666663,0.05763795046090147
bi_cebuano_bikol,tagalog_test,all_xlmr,33.58492,7.109966054911937,0.211,0.2177555969429948,0.336,0.07118637510085761,0.2718,0.03722499160510315,0.061939999999999995,0.1004330274361975,0.2673333333333333,0.09058850797853875
bi_cebuano_bikol,tagalog_test,mbert,38.1132,3.6292880755046153,0.28979999999999995,0.21181524968707988,0.381,0.03626292872893748,0.2892,0.03656090808500247,0.08887999999999999,0.06665070892346157,0.3345333333333333,0.06522891315291945
bi_cebuano_bikol,tagalog_test,trad,45.283,6.670845373713891,0.4588,0.07911510601648716,0.45280000000000004,0.06682215201563027,0.267,0.03137674297947445,0.17946,0.09937956530393961,0.41893333333333327,0.06654964729850604
bi_cebuano_bikol,tagalog_test,trad_clgsngo,46.41508,6.055422914380132,0.46880000000000005,0.09041957752610884,0.4640000000000001,0.06044832503882968,0.26739999999999997,0.03085125605222578,0.19286,0.09271544100094656,0.4278666666666666,0.06814714471886062
bi_cebuano_bikol,tagalog_test,xlmr,30.943420000000003,2.8614738775672923,0.1704,0.1593276498288982,0.3094,0.02838661656485324,0.273,0.015475787540542145,0.03526,0.03757669490522017,0.21693333333333334,0.05396212663629103
bi_tagalog_cebuano,bikol_test,all,51.33334,10.69786998532886,0.7030000000000001,0.1292458896831926,0.5134000000000001,0.10696868700699286,0.16419999999999998,0.059897412298028356,0.30694,0.1405200270424113,0.4988666666666667,0.0915843873157429
bi_tagalog_cebuano,bikol_test,all_xlmr,57.333360000000006,7.22649138780363,0.7158,0.07041093665049485,0.5736,0.07223434086360861,0.1662,0.05375592990545321,0.37208,0.11424106967286328,0.5412,0.09507470746733857
bi_tagalog_cebuano,bikol_test,mbert,51.33332,8.366586321015284,0.6654,0.1184263484195979,0.5132,0.08352664245616484,0.1702,0.04916502822128753,0.30267999999999995,0.11172679624870663,0.5045999999999999,0.07148441943684111
bi_tagalog_cebuano,bikol_test,trad,52.0,6.49787999619876,0.6292,0.064916869918381,0.52,0.06514982732133677,0.1916,0.01965451602049768,0.30942,0.07894271340662164,0.48513333333333336,0.061931234266545815
bi_tagalog_cebuano,bikol_test,trad_clgsngo,54.66666,3.800594982762567,0.6668000000000001,0.04592602747897972,0.5466,0.038109054042313864,0.1748,0.013217412757419661,0.34584000000000004,0.043669245470926085,0.5080666666666667,0.038222593667445785
bi_tagalog_cebuano,bikol_test,xlmr,58.66666,9.006160237470796,0.696,0.07041661735698475,0.5866,0.08995721205106348,0.1724,0.04538501955491481,0.38176,0.12074441187897685,0.5450666666666667,0.0822257731965944
bi_tagalog_cebuano,cebuano_test,all,78.78676,5.436701025254185,0.7891999999999999,0.05337789804778755,0.7878000000000001,0.054098983354588126,0.1246,0.02839542216625772,0.6598200000000001,0.08630615273548005,0.7584000000000001,0.06543588889558663
bi_tagalog_cebuano,cebuano_test,all_xlmr,76.7909,6.497679234542128,0.7628,0.06681466904804663,0.7678,0.06473561616297477,0.1358,0.03019437033620672,0.62806,0.10253895844994719,0.7383333333333334,0.07801210732244633
bi_tagalog_cebuano,cebuano_test,mbert,75.34576,5.175026154813137,0.751,0.05160910772334667,0.7534,0.05168945733899709,0.1534,0.027107194616927805,0.60344,0.08134293454258952,0.7251333333333333,0.05106618798731266
bi_tagalog_cebuano,cebuano_test,trad,77.0642,7.274234446661724,0.7754,0.07180041782608233,0.7706,0.0727894223084646,0.1246,0.03561319980007413,0.6375,0.11395404775610213,0.7522666666666666,0.08278130492112604
bi_tagalog_cebuano,cebuano_test,trad_clgsngo,76.21118,8.689216698126478,0.7667999999999999,0.0795311259822216,0.762,0.08693100712634126,0.1282,0.0420142832855685,0.625,0.1341703208612098,0.7436,0.09302192095295483
bi_tagalog_cebuano,cebuano_test,xlmr,71.63148,5.578009021326514,0.7068,0.05015675428095402,0.7162,0.055486034278906624,0.158,0.02576819745345025,0.54582,0.08621981790748574,0.6746666666666666,0.05795927689143281
bi_tagalog_cebuano,tagalog_test,all,50.18868,4.73583041419348,0.5065999999999999,0.054857087053542995,0.5018,0.04727261363622706,0.2642,0.033304654329387645,0.23700000000000002,0.07602624546825919,0.47553333333333336,0.04031997023808425
bi_tagalog_cebuano,tagalog_test,all_xlmr,50.56604,7.710527725648875,0.5074,0.08624557959686976,0.5058,0.07713105729860054,0.2618,0.042528813761966135,0.24512,0.1173365117940703,0.4888,0.06934198663948932
bi_tagalog_cebuano,tagalog_test,mbert,48.30188,7.847817935706714,0.49820000000000003,0.07937694879497449,0.483,0.07855889510424648,0.28259999999999996,0.04630118788972914,0.20456,0.1210447561854705,0.4629333333333333,0.07171486751171068
bi_tagalog_cebuano,tagalog_test,trad,51.698119999999996,6.881002063071919,0.5025999999999999,0.0822818327457526,0.517,0.06875681784376002,0.2538,0.033514176105045465,0.26142,0.10336600988719648,0.48166666666666663,0.07233525343073655
bi_tagalog_cebuano,tagalog_test,trad_clgsngo,50.18868,5.435818079369469,0.4904,0.05720402083769988,0.502,0.05423559716643673,0.2606,0.02597691282658506,0.23978000000000002,0.07784106885185994,0.4708,0.054005966748540385
bi_tagalog_cebuano,tagalog_test,xlmr,47.92452,4.544016130253061,0.47800000000000004,0.04250294107470683,0.47919999999999996,0.045323283199697716,0.27480000000000004,0.029760712357065653,0.20553999999999997,0.0723634438097027,0.46040000000000003,0.043430276177902516
mono_bikol,bikol_test,all,74.66668,4.472143408590561,0.1482,0.3313852742654688,0.7468,0.04479620519642265,0.1842,0.03855774889694678,0.56672,0.08005246404702356,0.5653333333333334,0.03582054035202583
mono_bikol,bikol_test,all_xlmr,76.66666000000001,4.08248290480193,0.3034,0.41669149259374133,0.7666000000000001,0.04082646200688956,0.172,0.018533752992850646,0.6030800000000001,0.06409381405408794,0.6012000000000001,0.045583622790062034
mono_bikol,bikol_test,mbert,73.33332,4.082482904679456,0.1526,0.34122397336646787,0.7332,0.04082523729263557,0.1938,0.02160324049766608,0.5471600000000001,0.0641265389678875,0.5700000000000001,0.0735103923114125
mono_bikol,bikol_test,trad,74.0,7.226475243505646,0.7246,0.10106087274509358,0.74,0.07207287978151006,0.1646,0.04593255925811233,0.57142,0.11622879161378218,0.6377333333333334,0.09240322264702436
mono_bikol,bikol_test,trad_clgsngo,73.99998,7.2265006131598675,0.589,0.33971090650728303,0.7398,0.0723270350560563,0.1688,0.03145949777094351,0.5699,0.10581601958115801,0.6218666666666667,0.0719280504702056
mono_bikol,bikol_test,xlmr,75.33333999999999,5.577725542100473,0.12079999999999999,0.2701170116819746,0.7534,0.05569829440835689,0.1766,0.04371269838387926,0.57794,0.09886153448131377,0.553,0.04105484137102467
mono_bikol,cebuano_test,all,61.02275999999999,3.6738568226048236,0.3944,0.3861065915003265,0.6104,0.03656911264988527,0.33540000000000003,0.03429723020886672,0.30556,0.07354667225646583,0.4709333333333333,0.06249773329222961
mono_bikol,cebuano_test,all_xlmr,60.46376,2.8667320075305294,0.0,0.0,0.6045999999999999,0.0287628232272147,0.3438,0.019613770672667702,0.29346,0.05543837118819419,0.4547333333333333,0.044299736643310494
mono_bikol,cebuano_test,mbert,61.594179999999994,4.332511049264613,0.3876,0.3771528867713994,0.6162,0.043361273044042456,0.32439999999999997,0.044190496715923,0.31994,0.08810146423300806,0.47139999999999993,0.054512180086452075
mono_bikol,cebuano_test,trad,64.18634,4.595963423810079,0.5612,0.31630950033155814,0.6418,0.046116157689035646,0.30419999999999997,0.028525427253592535,0.36978,0.08337257942513233,0.5416666666666667,0.08406710282731159
mono_bikol,cebuano_test,trad_clgsngo,63.3292,4.747903177719619,0.5972,0.3364776367011632,0.6332,0.047620373791057165,0.3196,0.028500877179483432,0.34946,0.0865754757422678,0.5273333333333333,0.08670608078124878
mono_bikol,cebuano_test,xlmr,59.88406,2.2735807887559245,0.1542,0.3448016821304676,0.5988,0.02292814863873659,0.3458,0.016284962388657814,0.28296,0.041818213735165706,0.44853333333333334,0.03963766446757989
mono_bikol,tagalog_test,all,28.3019,2.31084862334165,0.0,0.0,0.28300000000000003,0.023270152556440188,0.2738,0.02065671803554476,0.0086,0.03928918426233866,0.17866666666666667,0.02971998953192578
mono_bikol,tagalog_test,all_xlmr,27.169819999999998,1.0334429215007481,0.0,0.0,0.2716,0.01040672859259815,0.2716,0.01040672859259815,0.0,0.0,0.1424,0.004199206274206264
mono_bikol,tagalog_test,mbert,29.05662,4.13377168600299,0.0,0.0,0.2904,0.04121650154974338,0.268,0.005656854249492379,0.021560000000000003,0.036148139647843566,0.17686666666666667,0.06258221259537995
mono_bikol,tagalog_test,trad,43.773559999999996,5.402972956437966,0.45120000000000005,0.09290694268998415,0.43760000000000004,0.0540767972424403,0.24779999999999996,0.035891503172756634,0.18094,0.08563286752176409,0.39953333333333335,0.03646200457706322
mono_bikol,tagalog_test,trad_clgsngo,41.50942,6.398420617777486,0.42679999999999996,0.11884107034186457,0.4152,0.06413813218359261,0.258,0.03685783498796422,0.14858,0.09604827952649646,0.37593333333333334,0.05887434830967467
mono_bikol,tagalog_test,xlmr,27.169819999999998,1.0334429215007481,0.0,0.0,0.2716,0.01040672859259815,0.2716,0.01040672859259815,0.0,0.0,0.1424,0.004199206274206264
mono_cebuano,bikol_test,all,53.33334,17.159377093094026,0.6900000000000001,0.08140945890988341,0.5334,0.17152929778903664,0.1612,0.05573777892955549,0.33927999999999997,0.2082480540125165,0.5138666666666667,0.14790567564799156
mono_cebuano,bikol_test,all_xlmr,61.333360000000006,10.434992945757084,0.7236,0.10719281692352339,0.6136,0.10444041363380373,0.151,0.06709694478886502,0.43138,0.1557735760647486,0.5841333333333333,0.11493249226297046
mono_cebuano,bikol_test,mbert,50.66666,9.54518843307978,0.7322,0.0557422640372635,0.5065999999999999,0.09519611336604034,0.1614,0.025540164447395392,0.29874,0.1015700152604104,0.48193333333333327,0.08493572733413057
mono_cebuano,bikol_test,trad,47.33334,12.780190400303116,0.6476,0.11711447391334688,0.4734,0.12777636714197188,0.20539999999999997,0.045119840425249726,0.24672,0.16779900774438447,0.43953333333333333,0.12275078637448954
mono_cebuano,bikol_test,trad_clgsngo,52.66668,12.780178663344264,0.6904,0.10247341118553632,0.5267999999999999,0.1276585288964274,0.1764,0.04693399620744008,0.32494,0.16526764051077877,0.5042,0.12003809580480872
mono_cebuano,bikol_test,xlmr,63.33334,9.42808452327407,0.7354,0.09344142550282498,0.6334,0.09422207809213294,0.1584,0.07089287693414621,0.44471999999999995,0.14589053087846382,0.5948,0.10262813129611843
mono_cebuano,cebuano_test,all,75.64388,2.2642613192827334,0.7546,0.027546324618721835,0.7565999999999999,0.02250111108367764,0.1532,0.02360508419811291,0.6058600000000001,0.03326098314842785,0.7208666666666667,0.02993659967330957
mono_cebuano,cebuano_test,all_xlmr,74.7826,5.95318192439976,0.7412,0.06707980321974713,0.7478,0.05955417701555449,0.15940000000000001,0.027772288346479483,0.59162,0.09299654294649884,0.7088666666666666,0.07430814221873668
mono_cebuano,cebuano_test,mbert,73.62318,7.198974078783726,0.7388,0.07604735366861884,0.7362,0.07193538767532982,0.16160000000000002,0.036685146858095034,0.57508,0.11314332503510756,0.7013333333333334,0.07356365346494906
mono_cebuano,cebuano_test,trad,76.77432,7.924082221431071,0.7767999999999999,0.06962901693977876,0.7678,0.07912458530697015,0.1254,0.03773989931094147,0.63306,0.12301590547567416,0.7435333333333334,0.08428213201965044
mono_cebuano,cebuano_test,trad_clgsngo,76.2029,7.186960642371711,0.7578,0.07496465833978037,0.762,0.07171122645722912,0.131,0.042101068870041766,0.62024,0.11592811565793693,0.7284666666666666,0.0853468739256974
mono_cebuano,cebuano_test,xlmr,72.7826,5.417875508444242,0.7172,0.05739076580774995,0.7278,0.05419132771947926,0.1662,0.01834938691073901,0.56086,0.08302079859890532,0.6912,0.0652259321299605
mono_cebuano,tagalog_test,all,41.50942,5.660358333356645,0.4162,0.06213050780413758,0.4152,0.05658356651891075,0.3148,0.033700148367625915,0.1025,0.08785533563762647,0.37366666666666665,0.068255239929091
mono_cebuano,tagalog_test,all_xlmr,36.2264,6.983659282568131,0.3872,0.09551806111935064,0.36219999999999997,0.06982621284302908,0.30460000000000004,0.04213430906043199,0.059860000000000003,0.1073570351677057,0.34740000000000004,0.07594201003982509
mono_cebuano,tagalog_test,mbert,36.2264,6.453802199866369,0.34900000000000003,0.09449074028707787,0.36219999999999997,0.06452286416457347,0.344,0.039401776609691096,0.01974,0.10028655443278525,0.33340000000000003,0.0816007897565268
mono_cebuano,tagalog_test,trad,46.03772,2.861473877567293,0.4478,0.056077624771382756,0.4606,0.0288149266873959,0.29379999999999995,0.017253985046939146,0.16626,0.042282064755638414,0.3996,0.03140187538631695
mono_cebuano,tagalog_test,trad_clgsngo,46.41508,1.6876052239786419,0.46820000000000006,0.034441254332558804,0.46440000000000003,0.01699411662899839,0.2886,0.018215378118501952,0.17450000000000002,0.03073507768007102,0.40519999999999995,0.012244273037719402
mono_cebuano,tagalog_test,xlmr,35.09436,3.1571844193838285,0.41500000000000004,0.10092323815653162,0.3508,0.03131613002910801,0.3032,0.02252110121641483,0.0498,0.051378740739726196,0.3184,0.035824727648805815
mono_tagalog,bikol_test,all,30.66666,7.601192158010478,0.29,0.28642887424280394,0.3066,0.07623844174692974,0.1972,0.035059948659403366,0.09546,0.06681906913449184,0.28546666666666665,0.09913055364854303
mono_tagalog,bikol_test,all_xlmr,34.0,8.628116184312772,0.4612,0.28517135199735616,0.33999999999999997,0.08624963768039841,0.19519999999999998,0.0318778920256657,0.12412000000000001,0.092586213876581,0.3172666666666667,0.07618012280845388
mono_tagalog,bikol_test,mbert,29.333320000000004,8.944264456454762,0.3442,0.3410882583731079,0.2932,0.0893683389126149,0.2448,0.08636087076911628,0.05042,0.13057220990700893,0.2704666666666667,0.10057407441505214
mono_tagalog,bikol_test,trad,45.33336,8.69226539965273,0.41580000000000006,0.24396762080243353,0.45359999999999995,0.0868780754851303,0.2052,0.021924871721403533,0.23314,0.09704369119113308,0.41286666666666666,0.08519148366408988
mono_tagalog,bikol_test,trad_clgsngo,47.33334,7.9582200690858,0.4016,0.27175227689938497,0.4734,0.07954118430096448,0.20400000000000001,0.0030822070014844697,0.25104,0.07671233929427519,0.4204,0.08203908282709595
mono_tagalog,bikol_test,xlmr,29.33336,8.29993239598974,0.3358,0.38214552202008073,0.29359999999999997,0.08299277076950737,0.18919999999999998,0.047751439768869794,0.09056,0.08774860682654739,0.2594666666666666,0.10846110413927708
mono_tagalog,cebuano_test,all,38.099380000000004,5.024856867314729,0.4104,0.2325237622265733,0.381,0.05007494383421714,0.2888,0.031188138771013573,0.09240000000000001,0.07242948294720872,0.35646666666666665,0.09953575571957379
mono_tagalog,cebuano_test,all_xlmr,39.25464,4.345373700615403,0.6256,0.12213230530862837,0.3926,0.04357522231727567,0.2532,0.027887273082895715,0.12958,0.06863459040454747,0.38173333333333337,0.056242234031810015
mono_tagalog,cebuano_test,mbert,35.50724,7.682043922225388,0.3082,0.2847888691645093,0.355,0.07680169268967971,0.3048,0.029827839345148696,0.05064,0.09895005305708532,0.298,0.11875347948118777
mono_tagalog,cebuano_test,trad,46.41408,4.8499616588175165,0.58,0.04713809499757073,0.46399999999999997,0.048620983124572886,0.2434,0.015026643005009478,0.21932000000000001,0.06413078044122027,0.47746666666666665,0.05717351756811108
mono_tagalog,cebuano_test,trad_clgsngo,45.8468,3.654191837465572,0.5864,0.0789829095437741,0.4584,0.03651438072869375,0.24359999999999998,0.025383065220733303,0.21303999999999998,0.05358724661708233,0.47759999999999997,0.03661617735980158
mono_tagalog,cebuano_test,xlmr,35.80538,2.8721025829520777,0.531,0.10514038234665114,0.35819999999999996,0.02878714991102801,0.274,0.023032585612562027,0.07598,0.04102044612141608,0.33453333333333335,0.038851283405084855
mono_tagalog,tagalog_test,all,51.698119999999996,8.07144724271924,0.5526,0.06197015410663424,0.517,0.08076509146902515,0.26680000000000004,0.04869496893930624,0.25436000000000003,0.1264490332110135,0.49733333333333335,0.07466889877616012
mono_tagalog,tagalog_test,all_xlmr,59.2453,6.055394871517465,0.6534,0.06380282125423609,0.5924,0.060698434905687645,0.2314,0.03826617305140405,0.3669,0.09918495349598141,0.5602666666666667,0.0738652677364523
mono_tagalog,tagalog_test,mbert,48.67924,8.159182942427508,0.49260000000000004,0.07550695332219408,0.48679999999999995,0.08161923792832178,0.28159999999999996,0.050406348806474766,0.20832,0.1294682084528862,0.46146666666666664,0.08536997911053586
mono_tagalog,tagalog_test,trad,53.207539999999995,9.47162198348308,0.5264,0.09520924324875184,0.5318,0.09468209968098512,0.2432,0.05339194695831947,0.28584,0.14661191288568604,0.5098,0.09370924299247234
mono_tagalog,tagalog_test,trad_clgsngo,54.717,5.500920017597057,0.5504,0.05618095762800773,0.5471999999999999,0.05513800866915669,0.2428,0.028181554250963532,0.30510000000000004,0.08234861868908305,0.5268,0.047240872134201785
mono_tagalog,tagalog_test,xlmr,56.6038,5.660400000000002,0.6054,0.04898264998956265,0.5660000000000001,0.057,0.2432,0.03334966266695961,0.32784,0.08866878255620746,0.5366666666666667,0.06040189474585123
