fold,train_set,test_set,feature_set,accuracy,f1_weighted,precision_weighted,recall_weighted,kappa,Model,Test_Lang,Features,col
0,mono_tagalog,tagalog_test,trad,50.9434,0.502,0.509,0.256,0.2535,TGL,TGL,TRAD,TGL | TRAD
0,mono_tagalog,bikol_test,trad,36.6667,0.4,0.367,0.232,0.1364,TGL,BCL,TRAD,BCL | TRAD
0,mono_tagalog,cebuano_test,trad,54.2857,0.659,0.543,0.22,0.3224,TGL,CEB,TRAD,CEB | TRAD
0,mono_tagalog,tagalog_test,trad_clgsngo,49.0566,0.486,0.491,0.263,0.2265,TGL,TGL,TRAD+CrossNGO,TGL | TRAD+CrossNGO
0,mono_tagalog,bikol_test,trad_clgsngo,36.6667,0.274,0.367,0.2,0.148,TGL,BCL,TRAD+CrossNGO,BCL | TRAD+CrossNGO
0,mono_tagalog,cebuano_test,trad_clgsngo,51.4286,0.677,0.514,0.216,0.2942,TGL,CEB,TRAD+CrossNGO,CEB | TRAD+CrossNGO
0,mono_tagalog,tagalog_test,mbert,43.3962,0.443,0.434,0.31,0.1254,TGL,TGL,mBERT Embdng,TGL | mBERT Embdng
0,mono_tagalog,bikol_test,mbert,30.0,0.0,0.3,0.185,0.0948,TGL,BCL,mBERT Embdng,BCL | mBERT Embdng
0,mono_tagalog,cebuano_test,mbert,28.5714,0.0,0.286,0.332,-0.0373,TGL,CEB,mBERT Embdng,CEB | mBERT Embdng
0,mono_tagalog,tagalog_test,all,43.3962,0.568,0.434,0.316,0.1235,TGL,TGL,ALL (mBERT),TGL | ALL (mBERT)
0,mono_tagalog,bikol_test,all,23.3333,0.0,0.233,0.153,0.0574,TGL,BCL,ALL (mBERT),BCL | ALL (mBERT)
0,mono_tagalog,cebuano_test,all,32.8571,0.0,0.329,0.3,0.0289,TGL,CEB,ALL (mBERT),CEB | ALL (mBERT)
0,mono_tagalog,tagalog_test,xlmr,50.9434,0.565,0.509,0.271,0.242,TGL,TGL,XLM-R Embdng,TGL | XLM-R Embdng
0,mono_tagalog,bikol_test,xlmr,16.6667,0.0,0.167,0.167,0.0,TGL,BCL,XLM-R Embdng,BCL | XLM-R Embdng
0,mono_tagalog,cebuano_test,xlmr,38.5714,0.703,0.386,0.24,0.1351,TGL,CEB,XLM-R Embdng,CEB | XLM-R Embdng
0,mono_tagalog,tagalog_test,all_xlmr,62.2642,0.717,0.623,0.211,0.4169,TGL,TGL,ALL (XLM-R),TGL | ALL (XLM-R)
0,mono_tagalog,bikol_test,all_xlmr,23.3333,0.461,0.233,0.201,0.0213,TGL,BCL,ALL (XLM-R),BCL | ALL (XLM-R)
0,mono_tagalog,cebuano_test,all_xlmr,34.2857,0.51,0.343,0.283,0.0601,TGL,CEB,ALL (XLM-R),CEB | ALL (XLM-R)
0,mono_bikol,tagalog_test,trad,47.1698,0.521,0.472,0.23,0.2327,BCL,TGL,TRAD,TGL | TRAD
0,mono_bikol,bikol_test,trad,83.3333,0.863,0.833,0.136,0.7126,BCL,BCL,TRAD,BCL | TRAD
0,mono_bikol,cebuano_test,trad,70.0,0.763,0.7,0.276,0.4727,BCL,CEB,TRAD,CEB | TRAD
0,mono_bikol,tagalog_test,trad_clgsngo,47.1698,0.548,0.472,0.233,0.2279,BCL,TGL,TRAD+CrossNGO,TGL | TRAD+CrossNGO
0,mono_bikol,bikol_test,trad_clgsngo,83.3333,0.863,0.833,0.136,0.7126,BCL,BCL,TRAD+CrossNGO,BCL | TRAD+CrossNGO
0,mono_bikol,cebuano_test,trad_clgsngo,70.0,0.815,0.7,0.283,0.4701,BCL,CEB,TRAD+CrossNGO,CEB | TRAD+CrossNGO
0,mono_bikol,tagalog_test,mbert,30.1887,0.0,0.302,0.276,0.0244,BCL,TGL,mBERT Embdng,TGL | mBERT Embdng
0,mono_bikol,bikol_test,mbert,80.0,0.0,0.8,0.165,0.6491,BCL,BCL,mBERT Embdng,BCL | mBERT Embdng
0,mono_bikol,cebuano_test,mbert,68.5714,0.783,0.686,0.269,0.4543,BCL,CEB,mBERT Embdng,CEB | mBERT Embdng
0,mono_bikol,tagalog_test,all,30.1887,0.0,0.302,0.279,0.0205,BCL,TGL,ALL (mBERT),TGL | ALL (mBERT)
0,mono_bikol,bikol_test,all,76.6667,0.0,0.767,0.175,0.593,BCL,BCL,ALL (mBERT),BCL | ALL (mBERT)
0,mono_bikol,cebuano_test,all,65.7143,0.783,0.657,0.315,0.3882,BCL,CEB,ALL (mBERT),CEB | ALL (mBERT)
0,mono_bikol,tagalog_test,xlmr,28.3019,0.0,0.283,0.283,0.0,BCL,TGL,XLM-R Embdng,TGL | XLM-R Embdng
0,mono_bikol,bikol_test,xlmr,83.3333,0.0,0.833,0.126,0.711,BCL,BCL,XLM-R Embdng,BCL | XLM-R Embdng
0,mono_bikol,cebuano_test,xlmr,62.8571,0.771,0.629,0.342,0.3294,BCL,CEB,XLM-R Embdng,CEB | XLM-R Embdng
0,mono_bikol,tagalog_test,all_xlmr,28.3019,0.0,0.283,0.283,0.0,BCL,TGL,ALL (XLM-R),TGL | ALL (XLM-R)
0,mono_bikol,bikol_test,all_xlmr,83.3333,0.0,0.833,0.146,0.7076,BCL,BCL,ALL (XLM-R),BCL | ALL (XLM-R)
0,mono_bikol,cebuano_test,all_xlmr,64.2857,0.0,0.643,0.328,0.3604,BCL,CEB,ALL (XLM-R),CEB | ALL (XLM-R)
0,mono_cebuano,tagalog_test,trad,45.283,0.448,0.453,0.296,0.1583,CEB,TGL,TRAD,TGL | TRAD
0,mono_cebuano,bikol_test,trad,63.3333,0.767,0.633,0.136,0.4554,CEB,BCL,TRAD,BCL | TRAD
0,mono_cebuano,cebuano_test,trad,87.1429,0.871,0.871,0.087,0.7937,CEB,CEB,TRAD,CEB | TRAD
0,mono_cebuano,tagalog_test,trad_clgsngo,45.283,0.464,0.453,0.296,0.1583,CEB,TGL,TRAD+CrossNGO,TGL | TRAD+CrossNGO
0,mono_cebuano,bikol_test,trad_clgsngo,70.0,0.815,0.7,0.098,0.5567,CEB,BCL,TRAD+CrossNGO,BCL | TRAD+CrossNGO
0,mono_cebuano,cebuano_test,trad_clgsngo,81.4286,0.808,0.814,0.126,0.6985,CEB,CEB,TRAD+CrossNGO,CEB | TRAD+CrossNGO
0,mono_cebuano,tagalog_test,mbert,37.7358,0.383,0.377,0.332,0.0525,CEB,TGL,mBERT Embdng,TGL | mBERT Embdng
0,mono_cebuano,bikol_test,mbert,63.3333,0.739,0.633,0.131,0.4444,CEB,BCL,mBERT Embdng,BCL | mBERT Embdng
0,mono_cebuano,cebuano_test,mbert,81.4286,0.832,0.814,0.149,0.6932,CEB,CEB,mBERT Embdng,CEB | mBERT Embdng
0,mono_cebuano,tagalog_test,all,47.1698,0.498,0.472,0.277,0.1978,CEB,TGL,ALL (mBERT),TGL | ALL (mBERT)
0,mono_cebuano,bikol_test,all,80.0,0.831,0.8,0.065,0.6859,CEB,BCL,ALL (mBERT),BCL | ALL (mBERT)
0,mono_cebuano,cebuano_test,all,77.1429,0.774,0.771,0.183,0.6196,CEB,CEB,ALL (mBERT),CEB | ALL (mBERT)
0,mono_cebuano,tagalog_test,xlmr,32.0755,0.275,0.321,0.321,0.0052,CEB,TGL,XLM-R Embdng,TGL | XLM-R Embdng
0,mono_cebuano,bikol_test,xlmr,80.0,0.874,0.8,0.053,0.697,CEB,BCL,XLM-R Embdng,BCL | XLM-R Embdng
0,mono_cebuano,cebuano_test,xlmr,78.5714,0.785,0.786,0.154,0.6495,CEB,CEB,XLM-R Embdng,CEB | XLM-R Embdng
0,mono_cebuano,tagalog_test,all_xlmr,32.0755,0.297,0.321,0.327,-0.001,CEB,TGL,ALL (XLM-R),TGL | ALL (XLM-R)
0,mono_cebuano,bikol_test,all_xlmr,76.6667,0.867,0.767,0.059,0.6517,CEB,BCL,ALL (XLM-R),BCL | ALL (XLM-R)
0,mono_cebuano,cebuano_test,all_xlmr,81.4286,0.814,0.814,0.135,0.6981,CEB,CEB,ALL (XLM-R),CEB | ALL (XLM-R)
0,bi_bikol_tagalog,tagalog_test,trad,47.1698,0.473,0.472,0.258,0.2098,TGL+BCL,TGL,TRAD,TGL | TRAD
0,bi_bikol_tagalog,bikol_test,trad,70.0,0.698,0.7,0.153,0.5187,TGL+BCL,BCL,TRAD,BCL | TRAD
0,bi_bikol_tagalog,cebuano_test,trad,50.0,0.542,0.5,0.339,0.1893,TGL+BCL,CEB,TRAD,CEB | TRAD
0,bi_bikol_tagalog,tagalog_test,trad_clgsngo,45.283,0.453,0.453,0.275,0.1745,TGL+BCL,TGL,TRAD+CrossNGO,TGL | TRAD+CrossNGO
0,bi_bikol_tagalog,bikol_test,trad_clgsngo,80.0,0.779,0.8,0.13,0.6648,TGL+BCL,BCL,TRAD+CrossNGO,BCL | TRAD+CrossNGO
0,bi_bikol_tagalog,cebuano_test,trad_clgsngo,52.8571,0.543,0.529,0.333,0.2222,TGL+BCL,CEB,TRAD+CrossNGO,CEB | TRAD+CrossNGO
0,bi_bikol_tagalog,tagalog_test,mbert,45.283,0.474,0.453,0.296,0.1619,TGL+BCL,TGL,mBERT Embdng,TGL | mBERT Embdng
0,bi_bikol_tagalog,bikol_test,mbert,83.3333,0.853,0.833,0.116,0.7207,TGL+BCL,BCL,mBERT Embdng,BCL | mBERT Embdng
0,bi_bikol_tagalog,cebuano_test,mbert,64.2857,0.639,0.643,0.285,0.3842,TGL+BCL,CEB,mBERT Embdng,CEB | mBERT Embdng
0,bi_bikol_tagalog,tagalog_test,all,54.717,0.564,0.547,0.241,0.3094,TGL+BCL,TGL,ALL (mBERT),TGL | ALL (mBERT)
0,bi_bikol_tagalog,bikol_test,all,73.3333,0.637,0.733,0.191,0.5402,TGL+BCL,BCL,ALL (mBERT),BCL | ALL (mBERT)
0,bi_bikol_tagalog,cebuano_test,all,70.0,0.726,0.7,0.259,0.4846,TGL+BCL,CEB,ALL (mBERT),CEB | ALL (mBERT)
0,bi_bikol_tagalog,tagalog_test,xlmr,52.8302,0.577,0.528,0.261,0.2712,TGL+BCL,TGL,XLM-R Embdng,TGL | XLM-R Embdng
0,bi_bikol_tagalog,bikol_test,xlmr,80.0,0.0,0.8,0.165,0.6491,TGL+BCL,BCL,XLM-R Embdng,BCL | XLM-R Embdng
0,bi_bikol_tagalog,cebuano_test,xlmr,65.7143,0.0,0.657,0.315,0.39,TGL+BCL,CEB,XLM-R Embdng,CEB | XLM-R Embdng
0,bi_bikol_tagalog,tagalog_test,all_xlmr,58.4906,0.633,0.585,0.229,0.3628,TGL+BCL,TGL,ALL (XLM-R),TGL | ALL (XLM-R)
0,bi_bikol_tagalog,bikol_test,all_xlmr,83.3333,0.0,0.833,0.126,0.711,TGL+BCL,BCL,ALL (XLM-R),BCL | ALL (XLM-R)
0,bi_bikol_tagalog,cebuano_test,all_xlmr,65.7143,0.0,0.657,0.296,0.3978,TGL+BCL,CEB,ALL (XLM-R),CEB | ALL (XLM-R)
0,bi_cebuano_bikol,tagalog_test,trad,54.717,0.548,0.547,0.225,0.3198,BCL+CEB,TGL,TRAD,TGL | TRAD
0,bi_cebuano_bikol,bikol_test,trad,86.6667,0.866,0.867,0.074,0.7838,BCL+CEB,BCL,TRAD,BCL | TRAD
0,bi_cebuano_bikol,cebuano_test,trad,82.8571,0.835,0.829,0.137,0.7191,BCL+CEB,CEB,TRAD,CEB | TRAD
0,bi_cebuano_bikol,tagalog_test,trad_clgsngo,54.717,0.56,0.547,0.234,0.3169,BCL+CEB,TGL,TRAD+CrossNGO,TGL | TRAD+CrossNGO
0,bi_cebuano_bikol,bikol_test,trad_clgsngo,86.6667,0.877,0.867,0.097,0.779,BCL+CEB,BCL,TRAD+CrossNGO,BCL | TRAD+CrossNGO
0,bi_cebuano_bikol,cebuano_test,trad_clgsngo,82.8571,0.843,0.829,0.136,0.7181,BCL+CEB,CEB,TRAD+CrossNGO,CEB | TRAD+CrossNGO
0,bi_cebuano_bikol,tagalog_test,mbert,39.6226,0.259,0.396,0.294,0.1045,BCL+CEB,TGL,mBERT Embdng,TGL | mBERT Embdng
0,bi_cebuano_bikol,bikol_test,mbert,80.0,0.829,0.8,0.155,0.6571,BCL+CEB,BCL,mBERT Embdng,BCL | mBERT Embdng
0,bi_cebuano_bikol,cebuano_test,mbert,81.4286,0.837,0.814,0.158,0.6894,BCL+CEB,CEB,mBERT Embdng,CEB | mBERT Embdng
0,bi_cebuano_bikol,tagalog_test,all,41.5094,0.273,0.415,0.28,0.1344,BCL+CEB,TGL,ALL (mBERT),TGL | ALL (mBERT)
0,bi_cebuano_bikol,bikol_test,all,86.6667,0.884,0.867,0.107,0.774,BCL+CEB,BCL,ALL (mBERT),BCL | ALL (mBERT)
0,bi_cebuano_bikol,cebuano_test,all,78.5714,0.785,0.786,0.159,0.6465,BCL+CEB,CEB,ALL (mBERT),CEB | ALL (mBERT)
0,bi_cebuano_bikol,tagalog_test,xlmr,30.1887,0.228,0.302,0.288,0.0146,BCL+CEB,TGL,XLM-R Embdng,TGL | XLM-R Embdng
0,bi_cebuano_bikol,bikol_test,xlmr,86.6667,0.885,0.867,0.097,0.7727,BCL+CEB,BCL,XLM-R Embdng,BCL | XLM-R Embdng
0,bi_cebuano_bikol,cebuano_test,xlmr,78.5714,0.788,0.786,0.161,0.6467,BCL+CEB,CEB,XLM-R Embdng,CEB | XLM-R Embdng
0,bi_cebuano_bikol,tagalog_test,all_xlmr,32.0755,0.245,0.321,0.287,0.0334,BCL+CEB,TGL,ALL (XLM-R),TGL | ALL (XLM-R)
0,bi_cebuano_bikol,bikol_test,all_xlmr,83.3333,0.0,0.833,0.126,0.711,BCL+CEB,BCL,ALL (XLM-R),BCL | ALL (XLM-R)
0,bi_cebuano_bikol,cebuano_test,all_xlmr,81.4286,0.837,0.814,0.158,0.6909,BCL+CEB,CEB,ALL (XLM-R),CEB | ALL (XLM-R)
0,bi_tagalog_cebuano,tagalog_test,trad,54.717,0.545,0.547,0.234,0.3139,CEB+TGL,TGL,TRAD,TGL | TRAD
0,bi_tagalog_cebuano,bikol_test,trad,50.0,0.642,0.5,0.173,0.2925,CEB+TGL,BCL,TRAD,BCL | TRAD
0,bi_tagalog_cebuano,cebuano_test,trad,85.7143,0.865,0.857,0.088,0.7727,CEB+TGL,CEB,TRAD,CEB | TRAD
0,bi_tagalog_cebuano,tagalog_test,trad_clgsngo,43.3962,0.412,0.434,0.292,0.1424,CEB+TGL,TGL,TRAD+CrossNGO,TGL | TRAD+CrossNGO
0,bi_tagalog_cebuano,bikol_test,trad_clgsngo,56.6667,0.681,0.567,0.16,0.372,CEB+TGL,BCL,TRAD+CrossNGO,BCL | TRAD+CrossNGO
0,bi_tagalog_cebuano,cebuano_test,trad_clgsngo,87.1429,0.874,0.871,0.073,0.7957,CEB+TGL,CEB,TRAD+CrossNGO,CEB | TRAD+CrossNGO
0,bi_tagalog_cebuano,tagalog_test,mbert,45.283,0.468,0.453,0.3,0.1564,CEB+TGL,TGL,mBERT Embdng,TGL | mBERT Embdng
0,bi_tagalog_cebuano,bikol_test,mbert,63.3333,0.842,0.633,0.096,0.466,CEB+TGL,BCL,mBERT Embdng,BCL | mBERT Embdng
0,bi_tagalog_cebuano,cebuano_test,mbert,81.4286,0.817,0.814,0.132,0.6979,CEB+TGL,CEB,mBERT Embdng,CEB | mBERT Embdng
0,bi_tagalog_cebuano,tagalog_test,all,50.9434,0.549,0.509,0.268,0.247,CEB+TGL,TGL,ALL (mBERT),TGL | ALL (mBERT)
0,bi_tagalog_cebuano,bikol_test,all,66.6667,0.889,0.667,0.067,0.5192,CEB+TGL,BCL,ALL (mBERT),BCL | ALL (mBERT)
0,bi_tagalog_cebuano,cebuano_test,all,87.1429,0.87,0.871,0.089,0.7932,CEB+TGL,CEB,ALL (mBERT),CEB | ALL (mBERT)
0,bi_tagalog_cebuano,tagalog_test,xlmr,50.9434,0.488,0.509,0.259,0.2486,CEB+TGL,TGL,XLM-R Embdng,TGL | XLM-R Embdng
0,bi_tagalog_cebuano,bikol_test,xlmr,70.0,0.8,0.7,0.095,0.55,CEB+TGL,BCL,XLM-R Embdng,BCL | XLM-R Embdng
0,bi_tagalog_cebuano,cebuano_test,xlmr,75.7143,0.745,0.757,0.153,0.6062,CEB+TGL,CEB,XLM-R Embdng,CEB | XLM-R Embdng
0,bi_tagalog_cebuano,tagalog_test,all_xlmr,58.4906,0.609,0.585,0.223,0.3642,CEB+TGL,TGL,ALL (XLM-R),TGL | ALL (XLM-R)
0,bi_tagalog_cebuano,bikol_test,all_xlmr,66.6667,0.822,0.667,0.092,0.5169,CEB+TGL,BCL,ALL (XLM-R),BCL | ALL (XLM-R)
0,bi_tagalog_cebuano,cebuano_test,all_xlmr,87.1429,0.87,0.871,0.089,0.7932,CEB+TGL,CEB,ALL (XLM-R),CEB | ALL (XLM-R)
0,all_languages,tagalog_test,trad,54.717,0.59,0.547,0.225,0.3212,ALL,TGL,TRAD,TGL | TRAD
0,all_languages,bikol_test,trad,76.6667,0.79,0.767,0.107,0.6335,ALL,BCL,TRAD,BCL | TRAD
0,all_languages,cebuano_test,trad,85.7143,0.854,0.857,0.093,0.7691,ALL,CEB,TRAD,CEB | TRAD
0,all_languages,tagalog_test,trad_clgsngo,52.8302,0.525,0.528,0.248,0.2838,ALL,TGL,TRAD+CrossNGO,TGL | TRAD+CrossNGO
0,all_languages,bikol_test,trad_clgsngo,73.3333,0.725,0.733,0.159,0.5652,ALL,BCL,TRAD+CrossNGO,BCL | TRAD+CrossNGO
0,all_languages,cebuano_test,trad_clgsngo,88.5714,0.89,0.886,0.082,0.8155,ALL,CEB,TRAD+CrossNGO,CEB | TRAD+CrossNGO
0,all_languages,tagalog_test,mbert,47.1698,0.502,0.472,0.289,0.1908,ALL,TGL,mBERT Embdng,TGL | mBERT Embdng
0,all_languages,bikol_test,mbert,83.3333,0.857,0.833,0.126,0.7143,ALL,BCL,mBERT Embdng,BCL | mBERT Embdng
0,all_languages,cebuano_test,mbert,87.1429,0.881,0.871,0.104,0.789,ALL,CEB,mBERT Embdng,CEB | mBERT Embdng
0,all_languages,tagalog_test,all,52.8302,0.554,0.528,0.257,0.2775,ALL,TGL,ALL (mBERT),TGL | ALL (mBERT)
0,all_languages,bikol_test,all,86.6667,0.887,0.867,0.107,0.7714,ALL,BCL,ALL (mBERT),BCL | ALL (mBERT)
0,all_languages,cebuano_test,all,84.2857,0.858,0.843,0.131,0.7413,ALL,CEB,ALL (mBERT),CEB | ALL (mBERT)
0,all_languages,tagalog_test,xlmr,54.717,0.553,0.547,0.241,0.3094,ALL,TGL,XLM-R Embdng,TGL | XLM-R Embdng
0,all_languages,bikol_test,xlmr,83.3333,0.799,0.833,0.113,0.7191,ALL,BCL,XLM-R Embdng,BCL | XLM-R Embdng
0,all_languages,cebuano_test,xlmr,74.2857,0.73,0.743,0.182,0.5732,ALL,CEB,XLM-R Embdng,CEB | XLM-R Embdng
0,all_languages,tagalog_test,all_xlmr,56.6038,0.578,0.566,0.233,0.3397,ALL,TGL,ALL (XLM-R),TGL | ALL (XLM-R)
0,all_languages,bikol_test,all_xlmr,90.0,0.912,0.9,0.068,0.8324,ALL,BCL,ALL (XLM-R),BCL | ALL (XLM-R)
0,all_languages,cebuano_test,all_xlmr,82.8571,0.843,0.829,0.136,0.7181,ALL,CEB,ALL (XLM-R),CEB | ALL (XLM-R)
1,mono_tagalog,tagalog_test,trad,52.8302,0.542,0.528,0.23,0.293,TGL,TGL,TRAD,TGL | TRAD
1,mono_tagalog,bikol_test,trad,56.6667,0.603,0.567,0.182,0.372,TGL,BCL,TRAD,BCL | TRAD
1,mono_tagalog,cebuano_test,trad,47.1429,0.582,0.471,0.238,0.236,TGL,CEB,TRAD,CEB | TRAD
1,mono_tagalog,tagalog_test,trad_clgsngo,58.4906,0.579,0.585,0.213,0.3697,TGL,TGL,TRAD+CrossNGO,TGL | TRAD+CrossNGO
1,mono_tagalog,bikol_test,trad_clgsngo,56.6667,0.603,0.567,0.207,0.35,TGL,BCL,TRAD+CrossNGO,BCL | TRAD+CrossNGO
1,mono_tagalog,cebuano_test,trad_clgsngo,44.2857,0.492,0.443,0.276,0.1782,TGL,CEB,TRAD+CrossNGO,CEB | TRAD+CrossNGO
1,mono_tagalog,tagalog_test,mbert,58.4906,0.586,0.585,0.22,0.367,TGL,TGL,mBERT Embdng,TGL | mBERT Embdng
1,mono_tagalog,bikol_test,mbert,20.0,0.0,0.2,0.385,-0.1215,TGL,BCL,mBERT Embdng,BCL | mBERT Embdng
1,mono_tagalog,cebuano_test,mbert,40.0,0.529,0.4,0.276,0.124,TGL,CEB,mBERT Embdng,CEB | mBERT Embdng
1,mono_tagalog,tagalog_test,all,60.3774,0.604,0.604,0.209,0.3958,TGL,TGL,ALL (mBERT),TGL | ALL (mBERT)
1,mono_tagalog,bikol_test,all,36.6667,0.537,0.367,0.239,0.1324,TGL,BCL,ALL (mBERT),BCL | ALL (mBERT)
1,mono_tagalog,cebuano_test,all,45.7143,0.566,0.457,0.235,0.2055,TGL,CEB,ALL (mBERT),CEB | ALL (mBERT)
1,mono_tagalog,tagalog_test,xlmr,56.6038,0.592,0.566,0.233,0.3368,TGL,TGL,XLM-R Embdng,TGL | XLM-R Embdng
1,mono_tagalog,bikol_test,xlmr,36.6667,0.712,0.367,0.177,0.1703,TGL,BCL,XLM-R Embdng,BCL | XLM-R Embdng
1,mono_tagalog,cebuano_test,xlmr,38.5714,0.515,0.386,0.265,0.0945,TGL,CEB,XLM-R Embdng,CEB | XLM-R Embdng
1,mono_tagalog,tagalog_test,all_xlmr,62.2642,0.667,0.623,0.208,0.4208,TGL,TGL,ALL (XLM-R),TGL | ALL (XLM-R)
1,mono_tagalog,bikol_test,all_xlmr,40.0,0.0,0.4,0.145,0.2174,TGL,BCL,ALL (XLM-R),BCL | ALL (XLM-R)
1,mono_tagalog,cebuano_test,all_xlmr,44.2857,0.652,0.443,0.222,0.1966,TGL,CEB,ALL (XLM-R),CEB | ALL (XLM-R)
1,mono_bikol,tagalog_test,trad,39.6226,0.34,0.396,0.288,0.1045,BCL,TGL,TRAD,TGL | TRAD
1,mono_bikol,bikol_test,trad,70.0,0.611,0.7,0.22,0.4828,BCL,BCL,TRAD,BCL | TRAD
1,mono_bikol,cebuano_test,trad,64.2857,0.701,0.643,0.311,0.3641,BCL,CEB,TRAD,CEB | TRAD
1,mono_bikol,tagalog_test,trad_clgsngo,37.7358,0.273,0.377,0.292,0.0804,BCL,TGL,TRAD+CrossNGO,TGL | TRAD+CrossNGO
1,mono_bikol,bikol_test,trad_clgsngo,73.3333,0.0,0.733,0.214,0.5322,BCL,BCL,TRAD+CrossNGO,BCL | TRAD+CrossNGO
1,mono_bikol,cebuano_test,trad_clgsngo,61.4286,0.743,0.614,0.346,0.3026,BCL,CEB,TRAD+CrossNGO,CEB | TRAD+CrossNGO
1,mono_bikol,tagalog_test,mbert,35.8491,0.0,0.358,0.272,0.0834,BCL,TGL,mBERT Embdng,TGL | mBERT Embdng
1,mono_bikol,bikol_test,mbert,70.0,0.0,0.7,0.223,0.4828,BCL,BCL,mBERT Embdng,BCL | mBERT Embdng
1,mono_bikol,cebuano_test,mbert,60.0,0.436,0.6,0.324,0.2919,BCL,CEB,mBERT Embdng,CEB | mBERT Embdng
1,mono_bikol,tagalog_test,all,24.5283,0.0,0.245,0.307,-0.0589,BCL,TGL,ALL (mBERT),TGL | ALL (mBERT)
1,mono_bikol,bikol_test,all,70.0,0.0,0.7,0.223,0.4828,BCL,BCL,ALL (mBERT),BCL | ALL (mBERT)
1,mono_bikol,cebuano_test,all,58.5714,0.43,0.586,0.346,0.257,BCL,CEB,ALL (mBERT),CEB | ALL (mBERT)
1,mono_bikol,tagalog_test,xlmr,28.3019,0.0,0.283,0.283,0.0,BCL,TGL,XLM-R Embdng,TGL | XLM-R Embdng
1,mono_bikol,bikol_test,xlmr,70.0,0.604,0.7,0.21,0.4857,BCL,BCL,XLM-R Embdng,BCL | XLM-R Embdng
1,mono_bikol,cebuano_test,xlmr,58.5714,0.0,0.586,0.363,0.2481,BCL,CEB,XLM-R Embdng,CEB | XLM-R Embdng
1,mono_bikol,tagalog_test,all_xlmr,28.3019,0.0,0.283,0.283,0.0,BCL,TGL,ALL (XLM-R),TGL | ALL (XLM-R)
1,mono_bikol,bikol_test,all_xlmr,73.3333,0.713,0.733,0.191,0.548,BCL,BCL,ALL (XLM-R),BCL | ALL (XLM-R)
1,mono_bikol,cebuano_test,all_xlmr,57.1429,0.0,0.571,0.377,0.217,BCL,CEB,ALL (XLM-R),CEB | ALL (XLM-R)
1,mono_cebuano,tagalog_test,trad,43.3962,0.407,0.434,0.298,0.1387,CEB,TGL,TRAD,TGL | TRAD
1,mono_cebuano,bikol_test,trad,56.6667,0.753,0.567,0.188,0.3689,CEB,BCL,TRAD,BCL | TRAD
1,mono_cebuano,cebuano_test,trad,68.5714,0.703,0.686,0.145,0.5154,CEB,CEB,TRAD,CEB | TRAD
1,mono_cebuano,tagalog_test,trad_clgsngo,49.0566,0.518,0.491,0.266,0.2248,CEB,TGL,TRAD+CrossNGO,TGL | TRAD+CrossNGO
1,mono_cebuano,bikol_test,trad_clgsngo,60.0,0.765,0.6,0.168,0.4146,CEB,BCL,TRAD+CrossNGO,BCL | TRAD+CrossNGO
1,mono_cebuano,cebuano_test,trad_clgsngo,74.2857,0.743,0.743,0.124,0.5959,CEB,CEB,TRAD+CrossNGO,CEB | TRAD+CrossNGO
1,mono_cebuano,tagalog_test,mbert,26.4151,0.191,0.264,0.393,-0.1246,CEB,TGL,mBERT Embdng,TGL | mBERT Embdng
1,mono_cebuano,bikol_test,mbert,36.6667,0.786,0.367,0.149,0.1667,CEB,BCL,mBERT Embdng,BCL | mBERT Embdng
1,mono_cebuano,cebuano_test,mbert,64.2857,0.648,0.643,0.179,0.4358,CEB,CEB,mBERT Embdng,CEB | mBERT Embdng
1,mono_cebuano,tagalog_test,all,32.0755,0.35,0.321,0.364,-0.0381,CEB,TGL,ALL (mBERT),TGL | ALL (mBERT)
1,mono_cebuano,bikol_test,all,36.6667,0.69,0.367,0.165,0.1703,CEB,BCL,ALL (mBERT),BCL | ALL (mBERT)
1,mono_cebuano,cebuano_test,all,72.8571,0.728,0.729,0.129,0.5699,CEB,CEB,ALL (mBERT),CEB | ALL (mBERT)
1,mono_cebuano,tagalog_test,xlmr,32.0755,0.556,0.321,0.333,-0.0095,CEB,TGL,XLM-R Embdng,TGL | XLM-R Embdng
1,mono_cebuano,bikol_test,xlmr,60.0,0.776,0.6,0.131,0.4258,CEB,BCL,XLM-R Embdng,BCL | XLM-R Embdng
1,mono_cebuano,cebuano_test,xlmr,64.2857,0.63,0.643,0.193,0.4296,CEB,CEB,XLM-R Embdng,CEB | XLM-R Embdng
1,mono_cebuano,tagalog_test,all_xlmr,26.4151,0.283,0.264,0.368,-0.096,CEB,TGL,ALL (XLM-R),TGL | ALL (XLM-R)
1,mono_cebuano,bikol_test,all_xlmr,66.6667,0.804,0.667,0.117,0.5169,CEB,BCL,ALL (XLM-R),BCL | ALL (XLM-R)
1,mono_cebuano,cebuano_test,all_xlmr,65.7143,0.64,0.657,0.186,0.4545,CEB,CEB,ALL (XLM-R),CEB | ALL (XLM-R)
1,bi_bikol_tagalog,tagalog_test,trad,47.1698,0.475,0.472,0.258,0.2098,TGL+BCL,TGL,TRAD,TGL | TRAD
1,bi_bikol_tagalog,bikol_test,trad,60.0,0.555,0.6,0.253,0.337,TGL+BCL,BCL,TRAD,BCL | TRAD
1,bi_bikol_tagalog,cebuano_test,trad,47.1429,0.512,0.471,0.348,0.1458,TGL+BCL,CEB,TRAD,CEB | TRAD
1,bi_bikol_tagalog,tagalog_test,trad_clgsngo,54.717,0.546,0.547,0.228,0.3154,TGL+BCL,TGL,TRAD+CrossNGO,TGL | TRAD+CrossNGO
1,bi_bikol_tagalog,bikol_test,trad_clgsngo,70.0,0.611,0.7,0.22,0.4828,TGL+BCL,BCL,TRAD+CrossNGO,BCL | TRAD+CrossNGO
1,bi_bikol_tagalog,cebuano_test,trad_clgsngo,51.4286,0.517,0.514,0.347,0.1759,TGL+BCL,CEB,TRAD+CrossNGO,CEB | TRAD+CrossNGO
1,bi_bikol_tagalog,tagalog_test,mbert,45.283,0.438,0.453,0.281,0.1728,TGL+BCL,TGL,mBERT Embdng,TGL | mBERT Embdng
1,bi_bikol_tagalog,bikol_test,mbert,66.6667,0.713,0.667,0.252,0.4286,TGL+BCL,BCL,mBERT Embdng,BCL | mBERT Embdng
1,bi_bikol_tagalog,cebuano_test,mbert,67.1429,0.0,0.671,0.218,0.4513,TGL+BCL,CEB,mBERT Embdng,CEB | mBERT Embdng
1,bi_bikol_tagalog,tagalog_test,all,49.0566,0.5,0.491,0.269,0.2248,TGL+BCL,TGL,ALL (mBERT),TGL | ALL (mBERT)
1,bi_bikol_tagalog,bikol_test,all,73.3333,0.0,0.733,0.194,0.5429,TGL+BCL,BCL,ALL (mBERT),BCL | ALL (mBERT)
1,bi_bikol_tagalog,cebuano_test,all,64.2857,0.619,0.643,0.302,0.371,TGL+BCL,CEB,ALL (mBERT),CEB | ALL (mBERT)
1,bi_bikol_tagalog,tagalog_test,xlmr,47.1698,0.517,0.472,0.289,0.1908,TGL+BCL,TGL,XLM-R Embdng,TGL | XLM-R Embdng
1,bi_bikol_tagalog,bikol_test,xlmr,63.3333,0.565,0.633,0.236,0.3855,TGL+BCL,BCL,XLM-R Embdng,BCL | XLM-R Embdng
1,bi_bikol_tagalog,cebuano_test,xlmr,60.0,0.437,0.6,0.297,0.3089,TGL+BCL,CEB,XLM-R Embdng,CEB | XLM-R Embdng
1,bi_bikol_tagalog,tagalog_test,all_xlmr,52.8302,0.53,0.528,0.251,0.2791,TGL+BCL,TGL,ALL (XLM-R),TGL | ALL (XLM-R)
1,bi_bikol_tagalog,bikol_test,all_xlmr,66.6667,0.0,0.667,0.252,0.422,TGL+BCL,BCL,ALL (XLM-R),BCL | ALL (XLM-R)
1,bi_bikol_tagalog,cebuano_test,all_xlmr,60.0,0.524,0.6,0.307,0.299,TGL+BCL,CEB,ALL (XLM-R),CEB | ALL (XLM-R)
1,bi_cebuano_bikol,tagalog_test,trad,41.5094,0.352,0.415,0.29,0.1214,BCL+CEB,TGL,TRAD,TGL | TRAD
1,bi_cebuano_bikol,bikol_test,trad,70.0,0.603,0.7,0.21,0.4886,BCL+CEB,BCL,TRAD,BCL | TRAD
1,bi_cebuano_bikol,cebuano_test,trad,71.4286,0.713,0.714,0.191,0.5267,BCL+CEB,CEB,TRAD,CEB | TRAD
1,bi_cebuano_bikol,tagalog_test,trad_clgsngo,41.5094,0.352,0.415,0.293,0.1195,BCL+CEB,TGL,TRAD+CrossNGO,TGL | TRAD+CrossNGO
1,bi_cebuano_bikol,bikol_test,trad_clgsngo,70.0,0.679,0.7,0.21,0.4944,BCL+CEB,BCL,TRAD+CrossNGO,BCL | TRAD+CrossNGO
1,bi_cebuano_bikol,cebuano_test,trad_clgsngo,74.2857,0.731,0.743,0.156,0.5817,BCL+CEB,CEB,TRAD+CrossNGO,CEB | TRAD+CrossNGO
1,bi_cebuano_bikol,tagalog_test,mbert,37.7358,0.359,0.377,0.295,0.0804,BCL+CEB,TGL,mBERT Embdng,TGL | mBERT Embdng
1,bi_cebuano_bikol,bikol_test,mbert,70.0,0.674,0.7,0.178,0.5109,BCL+CEB,BCL,mBERT Embdng,BCL | mBERT Embdng
1,bi_cebuano_bikol,cebuano_test,mbert,68.5714,0.665,0.686,0.184,0.4894,BCL+CEB,CEB,mBERT Embdng,CEB | mBERT Embdng
1,bi_cebuano_bikol,tagalog_test,all,30.1887,0.284,0.302,0.35,-0.0442,BCL+CEB,TGL,ALL (mBERT),TGL | ALL (mBERT)
1,bi_cebuano_bikol,bikol_test,all,70.0,0.0,0.7,0.223,0.4828,BCL+CEB,BCL,ALL (mBERT),BCL | ALL (mBERT)
1,bi_cebuano_bikol,cebuano_test,all,74.2857,0.735,0.743,0.148,0.585,BCL+CEB,CEB,ALL (mBERT),CEB | ALL (mBERT)
1,bi_cebuano_bikol,tagalog_test,xlmr,28.3019,0.0,0.283,0.283,0.0,BCL+CEB,TGL,XLM-R Embdng,TGL | XLM-R Embdng
1,bi_cebuano_bikol,bikol_test,xlmr,70.0,0.687,0.7,0.191,0.5028,BCL+CEB,BCL,XLM-R Embdng,BCL | XLM-R Embdng
1,bi_cebuano_bikol,cebuano_test,xlmr,68.5714,0.659,0.686,0.204,0.4825,BCL+CEB,CEB,XLM-R Embdng,CEB | XLM-R Embdng
1,bi_cebuano_bikol,tagalog_test,all_xlmr,26.4151,0.0,0.264,0.309,-0.0408,BCL+CEB,TGL,ALL (XLM-R),TGL | ALL (XLM-R)
1,bi_cebuano_bikol,bikol_test,all_xlmr,73.3333,0.0,0.733,0.194,0.5429,BCL+CEB,BCL,ALL (XLM-R),BCL | ALL (XLM-R)
1,bi_cebuano_bikol,cebuano_test,all_xlmr,64.2857,0.594,0.643,0.218,0.4092,BCL+CEB,CEB,ALL (XLM-R),CEB | ALL (XLM-R)
1,bi_tagalog_cebuano,tagalog_test,trad,45.283,0.418,0.453,0.278,0.1745,CEB+TGL,TGL,TRAD,TGL | TRAD
1,bi_tagalog_cebuano,bikol_test,trad,56.6667,0.607,0.567,0.21,0.3596,CEB+TGL,BCL,TRAD,BCL | TRAD
1,bi_tagalog_cebuano,cebuano_test,trad,71.4286,0.735,0.714,0.129,0.5584,CEB+TGL,CEB,TRAD,CEB | TRAD
1,bi_tagalog_cebuano,tagalog_test,trad_clgsngo,47.1698,0.458,0.472,0.261,0.2064,CEB+TGL,TGL,TRAD+CrossNGO,TGL | TRAD+CrossNGO
1,bi_tagalog_cebuano,bikol_test,trad_clgsngo,60.0,0.669,0.6,0.191,0.397,CEB+TGL,BCL,TRAD+CrossNGO,BCL | TRAD+CrossNGO
1,bi_tagalog_cebuano,cebuano_test,trad_clgsngo,65.7143,0.69,0.657,0.159,0.471,CEB+TGL,CEB,TRAD+CrossNGO,CEB | TRAD+CrossNGO
1,bi_tagalog_cebuano,tagalog_test,mbert,60.3774,0.601,0.604,0.209,0.3958,CEB+TGL,TGL,mBERT Embdng,TGL | mBERT Embdng
1,bi_tagalog_cebuano,bikol_test,mbert,50.0,0.608,0.5,0.196,0.2754,CEB+TGL,BCL,mBERT Embdng,BCL | mBERT Embdng
1,bi_tagalog_cebuano,cebuano_test,mbert,70.0,0.698,0.7,0.158,0.5246,CEB+TGL,CEB,mBERT Embdng,CEB | mBERT Embdng
1,bi_tagalog_cebuano,tagalog_test,all,50.9434,0.515,0.509,0.246,0.2599,CEB+TGL,TGL,ALL (mBERT),TGL | ALL (mBERT)
1,bi_tagalog_cebuano,bikol_test,all,36.6667,0.539,0.367,0.21,0.1324,CEB+TGL,BCL,ALL (mBERT),BCL | ALL (mBERT)
1,bi_tagalog_cebuano,cebuano_test,all,75.7143,0.758,0.757,0.116,0.6149,CEB+TGL,CEB,ALL (mBERT),CEB | ALL (mBERT)
1,bi_tagalog_cebuano,tagalog_test,xlmr,45.283,0.456,0.453,0.29,0.1656,CEB+TGL,TGL,XLM-R Embdng,TGL | XLM-R Embdng
1,bi_tagalog_cebuano,bikol_test,xlmr,53.3333,0.716,0.533,0.194,0.3137,CEB+TGL,BCL,XLM-R Embdng,BCL | XLM-R Embdng
1,bi_tagalog_cebuano,cebuano_test,xlmr,62.8571,0.632,0.629,0.185,0.414,CEB+TGL,CEB,XLM-R Embdng,CEB | XLM-R Embdng
1,bi_tagalog_cebuano,tagalog_test,all_xlmr,49.0566,0.488,0.491,0.266,0.2265,CEB+TGL,TGL,ALL (XLM-R),TGL | ALL (XLM-R)
1,bi_tagalog_cebuano,bikol_test,all_xlmr,56.6667,0.749,0.567,0.175,0.372,CEB+TGL,BCL,ALL (XLM-R),BCL | ALL (XLM-R)
1,bi_tagalog_cebuano,cebuano_test,all_xlmr,70.0,0.695,0.7,0.159,0.5218,CEB+TGL,CEB,ALL (XLM-R),CEB | ALL (XLM-R)
1,all_languages,tagalog_test,trad,45.283,0.407,0.453,0.275,0.1745,ALL,TGL,TRAD,TGL | TRAD
1,all_languages,bikol_test,trad,60.0,0.532,0.6,0.256,0.337,ALL,BCL,TRAD,BCL | TRAD
1,all_languages,cebuano_test,trad,74.2857,0.736,0.743,0.134,0.5906,ALL,CEB,TRAD,CEB | TRAD
1,all_languages,tagalog_test,trad_clgsngo,45.283,0.423,0.453,0.278,0.1728,ALL,TGL,TRAD+CrossNGO,TGL | TRAD+CrossNGO
1,all_languages,bikol_test,trad_clgsngo,66.6667,0.602,0.667,0.227,0.435,ALL,BCL,TRAD+CrossNGO,BCL | TRAD+CrossNGO
1,all_languages,cebuano_test,trad_clgsngo,71.4286,0.712,0.714,0.154,0.544,ALL,CEB,TRAD+CrossNGO,CEB | TRAD+CrossNGO
1,all_languages,tagalog_test,mbert,39.6226,0.387,0.396,0.31,0.0872,ALL,TGL,mBERT Embdng,TGL | mBERT Embdng
1,all_languages,bikol_test,mbert,70.0,0.695,0.7,0.178,0.5161,ALL,BCL,mBERT Embdng,BCL | mBERT Embdng
1,all_languages,cebuano_test,mbert,67.1429,0.643,0.671,0.194,0.4633,ALL,CEB,mBERT Embdng,CEB | mBERT Embdng
1,all_languages,tagalog_test,all,50.9434,0.501,0.509,0.252,0.2567,ALL,TGL,ALL (mBERT),TGL | ALL (mBERT)
1,all_languages,bikol_test,all,70.0,0.685,0.7,0.191,0.5055,ALL,BCL,ALL (mBERT),BCL | ALL (mBERT)
1,all_languages,cebuano_test,all,70.0,0.677,0.7,0.18,0.5126,ALL,CEB,ALL (mBERT),CEB | ALL (mBERT)
1,all_languages,tagalog_test,xlmr,43.3962,0.412,0.434,0.292,0.1461,ALL,TGL,XLM-R Embdng,TGL | XLM-R Embdng
1,all_languages,bikol_test,xlmr,70.0,0.0,0.7,0.213,0.4886,ALL,BCL,XLM-R Embdng,BCL | XLM-R Embdng
1,all_languages,cebuano_test,xlmr,70.0,0.683,0.7,0.187,0.5103,ALL,CEB,XLM-R Embdng,CEB | XLM-R Embdng
1,all_languages,tagalog_test,all_xlmr,41.5094,0.407,0.415,0.302,0.1176,ALL,TGL,ALL (XLM-R),TGL | ALL (XLM-R)
1,all_languages,bikol_test,all_xlmr,66.6667,0.641,0.667,0.207,0.4536,ALL,BCL,ALL (XLM-R),BCL | ALL (XLM-R)
1,all_languages,cebuano_test,all_xlmr,70.0,0.675,0.7,0.172,0.5177,ALL,CEB,ALL (XLM-R),CEB | ALL (XLM-R)
2,mono_tagalog,tagalog_test,trad,67.9245,0.664,0.679,0.165,0.5085,TGL,TGL,TRAD,TGL | TRAD
2,mono_tagalog,bikol_test,trad,36.6667,0.0,0.367,0.215,0.1441,TGL,BCL,TRAD,BCL | TRAD
2,mono_tagalog,cebuano_test,trad,41.4286,0.537,0.414,0.258,0.1589,TGL,CEB,TRAD,CEB | TRAD
2,mono_tagalog,tagalog_test,trad_clgsngo,62.2642,0.63,0.623,0.211,0.414,TGL,TGL,TRAD+CrossNGO,TGL | TRAD+CrossNGO
2,mono_tagalog,bikol_test,trad_clgsngo,43.3333,0.0,0.433,0.202,0.2202,TGL,BCL,TRAD+CrossNGO,BCL | TRAD+CrossNGO
2,mono_tagalog,cebuano_test,trad_clgsngo,41.4286,0.517,0.414,0.264,0.1531,TGL,CEB,TRAD+CrossNGO,CEB | TRAD+CrossNGO
2,mono_tagalog,tagalog_test,mbert,56.6038,0.563,0.566,0.234,0.3313,TGL,TGL,mBERT Embdng,TGL | mBERT Embdng
2,mono_tagalog,bikol_test,mbert,23.3333,0.364,0.233,0.269,-0.0268,TGL,BCL,mBERT Embdng,BCL | mBERT Embdng
2,mono_tagalog,cebuano_test,mbert,45.7143,0.567,0.457,0.271,0.1744,TGL,CEB,mBERT Embdng,CEB | mBERT Embdng
2,mono_tagalog,tagalog_test,all,58.4906,0.589,0.585,0.227,0.3583,TGL,TGL,ALL (mBERT),TGL | ALL (mBERT)
2,mono_tagalog,bikol_test,all,23.3333,0.309,0.233,0.224,0.0043,TGL,BCL,ALL (mBERT),BCL | ALL (mBERT)
2,mono_tagalog,cebuano_test,all,40.0,0.497,0.4,0.294,0.1184,TGL,CEB,ALL (mBERT),CEB | ALL (mBERT)
2,mono_tagalog,tagalog_test,xlmr,62.2642,0.646,0.623,0.208,0.416,TGL,TGL,XLM-R Embdng,TGL | XLM-R Embdng
2,mono_tagalog,bikol_test,xlmr,36.6667,0.778,0.367,0.139,0.1845,TGL,BCL,XLM-R Embdng,BCL | XLM-R Embdng
2,mono_tagalog,cebuano_test,xlmr,35.7143,0.542,0.357,0.276,0.073,TGL,CEB,XLM-R Embdng,CEB | XLM-R Embdng
2,mono_tagalog,tagalog_test,all_xlmr,66.0377,0.691,0.66,0.193,0.4744,TGL,TGL,ALL (XLM-R),TGL | ALL (XLM-R)
2,mono_tagalog,bikol_test,all_xlmr,26.6667,0.449,0.267,0.232,0.0308,TGL,BCL,ALL (XLM-R),BCL | ALL (XLM-R)
2,mono_tagalog,cebuano_test,all_xlmr,35.7143,0.511,0.357,0.281,0.0566,TGL,CEB,ALL (XLM-R),CEB | ALL (XLM-R)
2,mono_bikol,tagalog_test,trad,50.9434,0.367,0.509,0.2,0.2955,BCL,TGL,TRAD,TGL | TRAD
2,mono_bikol,bikol_test,trad,70.0,0.678,0.7,0.198,0.4944,BCL,BCL,TRAD,BCL | TRAD
2,mono_bikol,cebuano_test,trad,64.2857,0.65,0.643,0.289,0.3812,BCL,CEB,TRAD,CEB | TRAD
2,mono_bikol,tagalog_test,trad_clgsngo,49.0566,0.361,0.491,0.211,0.2662,BCL,TGL,TRAD+CrossNGO,TGL | TRAD+CrossNGO
2,mono_bikol,bikol_test,trad_clgsngo,73.3333,0.725,0.733,0.169,0.558,BCL,BCL,TRAD+CrossNGO,BCL | TRAD+CrossNGO
2,mono_bikol,cebuano_test,trad_clgsngo,62.8571,0.703,0.629,0.316,0.3467,BCL,CEB,TRAD+CrossNGO,CEB | TRAD+CrossNGO
2,mono_bikol,tagalog_test,mbert,26.4151,0.0,0.264,0.264,0.0,BCL,TGL,mBERT Embdng,TGL | mBERT Embdng
2,mono_bikol,bikol_test,mbert,73.3333,0.763,0.733,0.204,0.548,BCL,BCL,mBERT Embdng,BCL | mBERT Embdng
2,mono_bikol,cebuano_test,mbert,58.5714,0.719,0.586,0.345,0.2653,BCL,CEB,mBERT Embdng,CEB | mBERT Embdng
2,mono_bikol,tagalog_test,all,30.1887,0.0,0.302,0.254,0.0443,BCL,TGL,ALL (mBERT),TGL | ALL (mBERT)
2,mono_bikol,bikol_test,all,70.0,0.741,0.7,0.223,0.4857,BCL,BCL,ALL (mBERT),BCL | ALL (mBERT)
2,mono_bikol,cebuano_test,all,64.2857,0.759,0.643,0.294,0.381,BCL,CEB,ALL (mBERT),CEB | ALL (mBERT)
2,mono_bikol,tagalog_test,xlmr,26.4151,0.0,0.264,0.264,0.0,BCL,TGL,XLM-R Embdng,TGL | XLM-R Embdng
2,mono_bikol,bikol_test,xlmr,70.0,0.0,0.7,0.233,0.4737,BCL,BCL,XLM-R Embdng,BCL | XLM-R Embdng
2,mono_bikol,cebuano_test,xlmr,61.4286,0.0,0.614,0.32,0.3245,BCL,CEB,XLM-R Embdng,CEB | XLM-R Embdng
2,mono_bikol,tagalog_test,all_xlmr,26.4151,0.0,0.264,0.264,0.0,BCL,TGL,ALL (XLM-R),TGL | ALL (XLM-R)
2,mono_bikol,bikol_test,all_xlmr,76.6667,0.804,0.767,0.184,0.5977,BCL,BCL,ALL (XLM-R),BCL | ALL (XLM-R)
2,mono_bikol,cebuano_test,all_xlmr,60.0,0.0,0.6,0.332,0.2955,BCL,CEB,ALL (XLM-R),CEB | ALL (XLM-R)
2,mono_cebuano,tagalog_test,trad,49.0566,0.471,0.491,0.267,0.218,CEB,TGL,TRAD,TGL | TRAD
2,mono_cebuano,bikol_test,trad,46.6667,0.562,0.467,0.218,0.2417,CEB,BCL,TRAD,BCL | TRAD
2,mono_cebuano,cebuano_test,trad,82.8571,0.827,0.829,0.084,0.7303,CEB,CEB,TRAD,CEB | TRAD
2,mono_cebuano,tagalog_test,trad_clgsngo,45.283,0.476,0.453,0.275,0.171,CEB,TGL,TRAD+CrossNGO,TGL | TRAD+CrossNGO
2,mono_cebuano,bikol_test,trad_clgsngo,50.0,0.615,0.5,0.198,0.2857,CEB,BCL,TRAD+CrossNGO,BCL | TRAD+CrossNGO
2,mono_cebuano,cebuano_test,trad_clgsngo,85.7143,0.857,0.857,0.067,0.7762,CEB,CEB,TRAD+CrossNGO,CEB | TRAD+CrossNGO
2,mono_cebuano,tagalog_test,mbert,39.6226,0.413,0.396,0.324,0.0697,CEB,TGL,mBERT Embdng,TGL | mBERT Embdng
2,mono_cebuano,bikol_test,mbert,50.0,0.744,0.5,0.19,0.2718,CEB,BCL,mBERT Embdng,BCL | mBERT Embdng
2,mono_cebuano,cebuano_test,mbert,78.5714,0.788,0.786,0.136,0.6546,CEB,CEB,mBERT Embdng,CEB | mBERT Embdng
2,mono_cebuano,tagalog_test,all,43.3962,0.417,0.434,0.291,0.141,CEB,TGL,ALL (mBERT),TGL | ALL (mBERT)
2,mono_cebuano,bikol_test,all,40.0,0.643,0.4,0.178,0.1855,CEB,BCL,ALL (mBERT),BCL | ALL (mBERT)
2,mono_cebuano,cebuano_test,all,78.5714,0.791,0.786,0.136,0.6561,CEB,CEB,ALL (mBERT),CEB | ALL (mBERT)
2,mono_cebuano,tagalog_test,xlmr,35.8491,0.436,0.358,0.294,0.0654,CEB,TGL,XLM-R Embdng,TGL | XLM-R Embdng
2,mono_cebuano,bikol_test,xlmr,60.0,0.675,0.6,0.163,0.4059,CEB,BCL,XLM-R Embdng,BCL | XLM-R Embdng
2,mono_cebuano,cebuano_test,xlmr,75.7143,0.743,0.757,0.149,0.607,CEB,CEB,XLM-R Embdng,CEB | XLM-R Embdng
2,mono_cebuano,tagalog_test,all_xlmr,43.3962,0.508,0.434,0.267,0.1671,CEB,TGL,ALL (XLM-R),TGL | ALL (XLM-R)
2,mono_cebuano,bikol_test,all_xlmr,56.6667,0.662,0.567,0.157,0.381,CEB,BCL,ALL (XLM-R),BCL | ALL (XLM-R)
2,mono_cebuano,cebuano_test,all_xlmr,78.5714,0.788,0.786,0.144,0.6528,CEB,CEB,ALL (XLM-R),CEB | ALL (XLM-R)
2,bi_bikol_tagalog,tagalog_test,trad,62.2642,0.659,0.623,0.175,0.4371,TGL+BCL,TGL,TRAD,TGL | TRAD
2,bi_bikol_tagalog,bikol_test,trad,73.3333,0.779,0.733,0.114,0.596,TGL+BCL,BCL,TRAD,BCL | TRAD
2,bi_bikol_tagalog,cebuano_test,trad,52.8571,0.549,0.529,0.306,0.2406,TGL+BCL,CEB,TRAD,CEB | TRAD
2,bi_bikol_tagalog,tagalog_test,trad_clgsngo,62.2642,0.617,0.623,0.181,0.4329,TGL+BCL,TGL,TRAD+CrossNGO,TGL | TRAD+CrossNGO
2,bi_bikol_tagalog,bikol_test,trad_clgsngo,80.0,0.8,0.8,0.123,0.6774,TGL+BCL,BCL,TRAD+CrossNGO,BCL | TRAD+CrossNGO
2,bi_bikol_tagalog,cebuano_test,trad_clgsngo,55.7143,0.574,0.557,0.302,0.2735,TGL+BCL,CEB,TRAD+CrossNGO,CEB | TRAD+CrossNGO
2,bi_bikol_tagalog,tagalog_test,mbert,52.8302,0.536,0.528,0.234,0.2914,TGL+BCL,TGL,mBERT Embdng,TGL | mBERT Embdng
2,bi_bikol_tagalog,bikol_test,mbert,66.6667,0.702,0.667,0.252,0.435,TGL+BCL,BCL,mBERT Embdng,BCL | mBERT Embdng
2,bi_bikol_tagalog,cebuano_test,mbert,62.8571,0.554,0.629,0.268,0.3726,TGL+BCL,CEB,mBERT Embdng,CEB | mBERT Embdng
2,bi_bikol_tagalog,tagalog_test,all,54.717,0.559,0.547,0.221,0.3223,TGL+BCL,TGL,ALL (mBERT),TGL | ALL (mBERT)
2,bi_bikol_tagalog,bikol_test,all,73.3333,0.771,0.733,0.194,0.5455,TGL+BCL,BCL,ALL (mBERT),BCL | ALL (mBERT)
2,bi_bikol_tagalog,cebuano_test,all,61.4286,0.485,0.614,0.307,0.3338,TGL+BCL,CEB,ALL (mBERT),CEB | ALL (mBERT)
2,bi_bikol_tagalog,tagalog_test,xlmr,50.9434,0.497,0.509,0.242,0.2611,TGL+BCL,TGL,XLM-R Embdng,TGL | XLM-R Embdng
2,bi_bikol_tagalog,bikol_test,xlmr,70.0,0.742,0.7,0.213,0.4886,TGL+BCL,BCL,XLM-R Embdng,BCL | XLM-R Embdng
2,bi_bikol_tagalog,cebuano_test,xlmr,64.2857,0.471,0.643,0.271,0.3913,TGL+BCL,CEB,XLM-R Embdng,CEB | XLM-R Embdng
2,bi_bikol_tagalog,tagalog_test,all_xlmr,49.0566,0.511,0.491,0.243,0.2376,TGL+BCL,TGL,ALL (XLM-R),TGL | ALL (XLM-R)
2,bi_bikol_tagalog,bikol_test,all_xlmr,66.6667,0.0,0.667,0.252,0.4186,TGL+BCL,BCL,ALL (XLM-R),BCL | ALL (XLM-R)
2,bi_bikol_tagalog,cebuano_test,all_xlmr,61.4286,0.465,0.614,0.313,0.3276,TGL+BCL,CEB,ALL (XLM-R),CEB | ALL (XLM-R)
2,bi_cebuano_bikol,tagalog_test,trad,49.0566,0.5,0.491,0.243,0.238,BCL+CEB,TGL,TRAD,TGL | TRAD
2,bi_cebuano_bikol,bikol_test,trad,70.0,0.749,0.7,0.13,0.5431,BCL+CEB,BCL,TRAD,BCL | TRAD
2,bi_cebuano_bikol,cebuano_test,trad,82.8571,0.827,0.829,0.108,0.7244,BCL+CEB,CEB,TRAD,CEB | TRAD
2,bi_cebuano_bikol,tagalog_test,trad_clgsngo,50.9434,0.561,0.509,0.234,0.267,BCL+CEB,TGL,TRAD+CrossNGO,TGL | TRAD+CrossNGO
2,bi_cebuano_bikol,bikol_test,trad_clgsngo,76.6667,0.783,0.767,0.117,0.6335,BCL+CEB,BCL,TRAD+CrossNGO,BCL | TRAD+CrossNGO
2,bi_cebuano_bikol,cebuano_test,trad_clgsngo,82.8571,0.826,0.829,0.101,0.7256,BCL+CEB,CEB,TRAD+CrossNGO,CEB | TRAD+CrossNGO
2,bi_cebuano_bikol,tagalog_test,mbert,43.3962,0.586,0.434,0.228,0.1908,BCL+CEB,TGL,mBERT Embdng,TGL | mBERT Embdng
2,bi_cebuano_bikol,bikol_test,mbert,63.3333,0.684,0.633,0.271,0.375,BCL+CEB,BCL,mBERT Embdng,BCL | mBERT Embdng
2,bi_cebuano_bikol,cebuano_test,mbert,75.7143,0.78,0.757,0.177,0.5992,BCL+CEB,CEB,mBERT Embdng,CEB | mBERT Embdng
2,bi_cebuano_bikol,tagalog_test,all,49.0566,0.573,0.491,0.218,0.2601,BCL+CEB,TGL,ALL (mBERT),TGL | ALL (mBERT)
2,bi_cebuano_bikol,bikol_test,all,66.6667,0.72,0.667,0.232,0.4382,BCL+CEB,BCL,ALL (mBERT),BCL | ALL (mBERT)
2,bi_cebuano_bikol,cebuano_test,all,81.4286,0.83,0.814,0.134,0.6975,BCL+CEB,CEB,ALL (mBERT),CEB | ALL (mBERT)
2,bi_cebuano_bikol,tagalog_test,xlmr,30.1887,0.0,0.302,0.26,0.0401,BCL+CEB,TGL,XLM-R Embdng,TGL | XLM-R Embdng
2,bi_cebuano_bikol,bikol_test,xlmr,73.3333,0.771,0.733,0.204,0.5429,BCL+CEB,BCL,XLM-R Embdng,BCL | XLM-R Embdng
2,bi_cebuano_bikol,cebuano_test,xlmr,74.2857,0.763,0.743,0.182,0.576,BCL+CEB,CEB,XLM-R Embdng,CEB | XLM-R Embdng
2,bi_cebuano_bikol,tagalog_test,all_xlmr,45.283,0.515,0.453,0.213,0.2253,BCL+CEB,TGL,ALL (XLM-R),TGL | ALL (XLM-R)
2,bi_cebuano_bikol,bikol_test,all_xlmr,80.0,0.821,0.8,0.145,0.6629,BCL+CEB,BCL,ALL (XLM-R),BCL | ALL (XLM-R)
2,bi_cebuano_bikol,cebuano_test,all_xlmr,74.2857,0.746,0.743,0.192,0.572,BCL+CEB,CEB,ALL (XLM-R),CEB | ALL (XLM-R)
2,bi_tagalog_cebuano,tagalog_test,trad,58.4906,0.579,0.585,0.218,0.3635,CEB+TGL,TGL,TRAD,TGL | TRAD
2,bi_tagalog_cebuano,bikol_test,trad,50.0,0.611,0.5,0.173,0.3088,CEB+TGL,BCL,TRAD,BCL | TRAD
2,bi_tagalog_cebuano,cebuano_test,trad,84.2857,0.84,0.843,0.088,0.7511,CEB+TGL,CEB,TRAD,CEB | TRAD
2,bi_tagalog_cebuano,tagalog_test,trad_clgsngo,56.6038,0.557,0.566,0.226,0.3375,CEB+TGL,TGL,TRAD+CrossNGO,TGL | TRAD+CrossNGO
2,bi_tagalog_cebuano,bikol_test,trad_clgsngo,53.3333,0.624,0.533,0.166,0.3488,CEB+TGL,BCL,TRAD+CrossNGO,BCL | TRAD+CrossNGO
2,bi_tagalog_cebuano,cebuano_test,trad_clgsngo,82.8571,0.826,0.829,0.093,0.7298,CEB+TGL,CEB,TRAD+CrossNGO,CEB | TRAD+CrossNGO
2,bi_tagalog_cebuano,tagalog_test,mbert,45.283,0.448,0.453,0.284,0.1665,CEB+TGL,TGL,mBERT Embdng,TGL | mBERT Embdng
2,bi_tagalog_cebuano,bikol_test,mbert,50.0,0.697,0.5,0.158,0.2991,CEB+TGL,BCL,mBERT Embdng,BCL | mBERT Embdng
2,bi_tagalog_cebuano,cebuano_test,mbert,80.0,0.794,0.8,0.133,0.677,CEB+TGL,CEB,mBERT Embdng,CEB | mBERT Embdng
2,bi_tagalog_cebuano,tagalog_test,all,56.6038,0.567,0.566,0.22,0.3389,CEB+TGL,TGL,ALL (mBERT),TGL | ALL (mBERT)
2,bi_tagalog_cebuano,bikol_test,all,50.0,0.661,0.5,0.18,0.2891,CEB+TGL,BCL,ALL (mBERT),BCL | ALL (mBERT)
2,bi_tagalog_cebuano,cebuano_test,all,81.4286,0.814,0.814,0.119,0.7004,CEB+TGL,CEB,ALL (mBERT),CEB | ALL (mBERT)
2,bi_tagalog_cebuano,tagalog_test,xlmr,49.0566,0.499,0.491,0.249,0.2364,CEB+TGL,TGL,XLM-R Embdng,TGL | XLM-R Embdng
2,bi_tagalog_cebuano,bikol_test,xlmr,63.3333,0.672,0.633,0.169,0.4359,CEB+TGL,BCL,XLM-R Embdng,BCL | XLM-R Embdng
2,bi_tagalog_cebuano,cebuano_test,xlmr,77.1429,0.76,0.771,0.121,0.6371,CEB+TGL,CEB,XLM-R Embdng,CEB | XLM-R Embdng
2,bi_tagalog_cebuano,tagalog_test,all_xlmr,58.4906,0.584,0.585,0.214,0.367,CEB+TGL,TGL,ALL (XLM-R),TGL | ALL (XLM-R)
2,bi_tagalog_cebuano,bikol_test,all_xlmr,60.0,0.675,0.6,0.163,0.4059,CEB+TGL,BCL,ALL (XLM-R),BCL | ALL (XLM-R)
2,bi_tagalog_cebuano,cebuano_test,all_xlmr,77.1429,0.761,0.771,0.128,0.6355,CEB+TGL,CEB,ALL (XLM-R),CEB | ALL (XLM-R)
2,all_languages,tagalog_test,trad,56.6038,0.571,0.566,0.216,0.3429,ALL,TGL,TRAD,TGL | TRAD
2,all_languages,bikol_test,trad,53.3333,0.589,0.533,0.199,0.3237,ALL,BCL,TRAD,BCL | TRAD
2,all_languages,cebuano_test,trad,85.7143,0.857,0.857,0.09,0.7727,ALL,CEB,TRAD,CEB | TRAD
2,all_languages,tagalog_test,trad_clgsngo,50.9434,0.508,0.509,0.241,0.2591,ALL,TGL,TRAD+CrossNGO,TGL | TRAD+CrossNGO
2,all_languages,bikol_test,trad_clgsngo,73.3333,0.751,0.733,0.136,0.5833,ALL,BCL,TRAD+CrossNGO,BCL | TRAD+CrossNGO
2,all_languages,cebuano_test,trad_clgsngo,80.0,0.794,0.8,0.127,0.6791,ALL,CEB,TRAD+CrossNGO,CEB | TRAD+CrossNGO
2,all_languages,tagalog_test,mbert,47.1698,0.482,0.472,0.256,0.2098,ALL,TGL,mBERT Embdng,TGL | mBERT Embdng
2,all_languages,bikol_test,mbert,66.6667,0.713,0.667,0.242,0.435,ALL,BCL,mBERT Embdng,BCL | mBERT Embdng
2,all_languages,cebuano_test,mbert,75.7143,0.738,0.757,0.141,0.6095,ALL,CEB,mBERT Embdng,CEB | mBERT Embdng
2,all_languages,tagalog_test,all,52.8302,0.556,0.528,0.232,0.2884,ALL,TGL,ALL (mBERT),TGL | ALL (mBERT)
2,all_languages,bikol_test,all,63.3333,0.547,0.633,0.249,0.3785,ALL,BCL,ALL (mBERT),BCL | ALL (mBERT)
2,all_languages,cebuano_test,all,77.1429,0.79,0.771,0.164,0.6248,ALL,CEB,ALL (mBERT),CEB | ALL (mBERT)
2,all_languages,tagalog_test,xlmr,52.8302,0.538,0.528,0.234,0.2869,ALL,TGL,XLM-R Embdng,TGL | XLM-R Embdng
2,all_languages,bikol_test,xlmr,73.3333,0.0,0.733,0.194,0.5376,ALL,BCL,XLM-R Embdng,BCL | XLM-R Embdng
2,all_languages,cebuano_test,xlmr,80.0,0.819,0.8,0.147,0.6742,ALL,CEB,XLM-R Embdng,CEB | XLM-R Embdng
2,all_languages,tagalog_test,all_xlmr,47.1698,0.497,0.472,0.254,0.2094,ALL,TGL,ALL (XLM-R),TGL | ALL (XLM-R)
2,all_languages,bikol_test,all_xlmr,66.6667,0.578,0.667,0.22,0.435,ALL,BCL,ALL (XLM-R),BCL | ALL (XLM-R)
2,all_languages,cebuano_test,all_xlmr,75.7143,0.741,0.757,0.163,0.6048,ALL,CEB,ALL (XLM-R),CEB | ALL (XLM-R)
3,mono_tagalog,tagalog_test,trad,52.8302,0.526,0.528,0.252,0.276,TGL,TGL,TRAD,TGL | TRAD
3,mono_tagalog,bikol_test,trad,50.0,0.534,0.5,0.214,0.2562,TGL,BCL,TRAD,BCL | TRAD
3,mono_tagalog,cebuano_test,trad,44.2857,0.555,0.443,0.253,0.1814,TGL,CEB,TRAD,CEB | TRAD
3,mono_tagalog,tagalog_test,trad_clgsngo,50.9434,0.515,0.509,0.266,0.2433,TGL,TGL,TRAD+CrossNGO,TGL | TRAD+CrossNGO
3,mono_tagalog,bikol_test,trad_clgsngo,53.3333,0.674,0.533,0.204,0.2965,TGL,BCL,TRAD+CrossNGO,BCL | TRAD+CrossNGO
3,mono_tagalog,cebuano_test,trad_clgsngo,45.7143,0.636,0.457,0.227,0.2197,TGL,CEB,TRAD+CrossNGO,CEB | TRAD+CrossNGO
3,mono_tagalog,tagalog_test,mbert,43.3962,0.427,0.434,0.318,0.1167,TGL,TGL,mBERT Embdng,TGL | mBERT Embdng
3,mono_tagalog,bikol_test,mbert,43.3333,0.726,0.433,0.176,0.2226,TGL,BCL,mBERT Embdng,BCL | mBERT Embdng
3,mono_tagalog,cebuano_test,mbert,35.7143,0.445,0.357,0.312,0.0449,TGL,CEB,mBERT Embdng,CEB | mBERT Embdng
3,mono_tagalog,tagalog_test,all,52.8302,0.555,0.528,0.269,0.2659,TGL,TGL,ALL (mBERT),TGL | ALL (mBERT)
3,mono_tagalog,bikol_test,all,40.0,0.604,0.4,0.195,0.1768,TGL,BCL,ALL (mBERT),BCL | ALL (mBERT)
3,mono_tagalog,cebuano_test,all,37.1429,0.526,0.371,0.299,0.0723,TGL,CEB,ALL (mBERT),CEB | ALL (mBERT)
3,mono_tagalog,tagalog_test,xlmr,50.9434,0.557,0.509,0.285,0.2323,TGL,TGL,XLM-R Embdng,TGL | XLM-R Embdng
3,mono_tagalog,bikol_test,xlmr,26.6667,0.189,0.267,0.266,0.0045,TGL,BCL,XLM-R Embdng,BCL | XLM-R Embdng
3,mono_tagalog,cebuano_test,xlmr,34.2857,0.435,0.343,0.299,0.0456,TGL,CEB,XLM-R Embdng,CEB | XLM-R Embdng
3,mono_tagalog,tagalog_test,all_xlmr,52.8302,0.641,0.528,0.277,0.2565,TGL,TGL,ALL (XLM-R),TGL | ALL (XLM-R)
3,mono_tagalog,bikol_test,all_xlmr,43.3333,0.686,0.433,0.207,0.1981,TGL,BCL,ALL (XLM-R),BCL | ALL (XLM-R)
3,mono_tagalog,cebuano_test,all_xlmr,42.8571,0.651,0.429,0.232,0.1933,TGL,CEB,ALL (XLM-R),CEB | ALL (XLM-R)
3,mono_bikol,tagalog_test,trad,43.3962,0.548,0.434,0.243,0.1787,BCL,TGL,TRAD,TGL | TRAD
3,mono_bikol,bikol_test,trad,80.0,0.792,0.8,0.106,0.6837,BCL,BCL,TRAD,BCL | TRAD
3,mono_bikol,cebuano_test,trad,57.1429,0.0,0.571,0.35,0.2408,BCL,CEB,TRAD,CEB | TRAD
3,mono_bikol,tagalog_test,trad_clgsngo,39.6226,0.543,0.396,0.258,0.128,BCL,TGL,TRAD+CrossNGO,TGL | TRAD+CrossNGO
3,mono_bikol,bikol_test,trad_clgsngo,76.6667,0.729,0.767,0.143,0.6196,BCL,BCL,TRAD+CrossNGO,BCL | TRAD+CrossNGO
3,mono_bikol,cebuano_test,trad_clgsngo,57.1429,0.0,0.571,0.35,0.2408,BCL,CEB,TRAD+CrossNGO,CEB | TRAD+CrossNGO
3,mono_bikol,tagalog_test,mbert,26.4151,0.0,0.264,0.264,0.0,BCL,TGL,mBERT Embdng,TGL | mBERT Embdng
3,mono_bikol,bikol_test,mbert,70.0,0.0,0.7,0.192,0.5037,BCL,BCL,mBERT Embdng,BCL | mBERT Embdng
3,mono_bikol,cebuano_test,mbert,62.8571,0.0,0.629,0.299,0.3569,BCL,CEB,mBERT Embdng,CEB | mBERT Embdng
3,mono_bikol,tagalog_test,all,28.3019,0.0,0.283,0.262,0.02,BCL,TGL,ALL (mBERT),TGL | ALL (mBERT)
3,mono_bikol,bikol_test,all,80.0,0.0,0.8,0.134,0.6654,BCL,BCL,ALL (mBERT),BCL | ALL (mBERT)
3,mono_bikol,cebuano_test,all,58.5714,0.0,0.586,0.337,0.2703,BCL,CEB,ALL (mBERT),CEB | ALL (mBERT)
3,mono_bikol,tagalog_test,xlmr,26.4151,0.0,0.264,0.264,0.0,BCL,TGL,XLM-R Embdng,TGL | XLM-R Embdng
3,mono_bikol,bikol_test,xlmr,76.6667,0.0,0.767,0.154,0.6111,BCL,BCL,XLM-R Embdng,BCL | XLM-R Embdng
3,mono_bikol,cebuano_test,xlmr,57.1429,0.0,0.571,0.35,0.2408,BCL,CEB,XLM-R Embdng,CEB | XLM-R Embdng
3,mono_bikol,tagalog_test,all_xlmr,26.4151,0.0,0.264,0.264,0.0,BCL,TGL,ALL (XLM-R),TGL | ALL (XLM-R)
3,mono_bikol,bikol_test,all_xlmr,73.3333,0.0,0.733,0.179,0.5539,BCL,BCL,ALL (XLM-R),BCL | ALL (XLM-R)
3,mono_bikol,cebuano_test,all_xlmr,58.5714,0.0,0.586,0.345,0.2661,BCL,CEB,ALL (XLM-R),CEB | ALL (XLM-R)
3,mono_cebuano,tagalog_test,trad,49.0566,0.528,0.491,0.293,0.2001,CEB,TGL,TRAD,TGL | TRAD
3,mono_cebuano,bikol_test,trad,36.6667,0.657,0.367,0.235,0.1066,CEB,BCL,TRAD,BCL | TRAD
3,mono_cebuano,cebuano_test,trad,74.2857,0.747,0.743,0.143,0.5912,CEB,CEB,TRAD,CEB | TRAD
3,mono_cebuano,tagalog_test,trad_clgsngo,45.283,0.461,0.453,0.312,0.1433,CEB,TGL,TRAD+CrossNGO,TGL | TRAD+CrossNGO
3,mono_cebuano,bikol_test,trad_clgsngo,46.6667,0.69,0.467,0.21,0.2393,CEB,BCL,TRAD+CrossNGO,BCL | TRAD+CrossNGO
3,mono_cebuano,cebuano_test,trad_clgsngo,68.5714,0.67,0.686,0.173,0.4967,CEB,CEB,TRAD+CrossNGO,CEB | TRAD+CrossNGO
3,mono_cebuano,tagalog_test,mbert,43.3962,0.422,0.434,0.296,0.134,CEB,TGL,mBERT Embdng,TGL | mBERT Embdng
3,mono_cebuano,bikol_test,mbert,50.0,0.638,0.5,0.186,0.2754,CEB,BCL,mBERT Embdng,BCL | mBERT Embdng
3,mono_cebuano,cebuano_test,mbert,75.7143,0.748,0.757,0.127,0.616,CEB,CEB,mBERT Embdng,CEB | mBERT Embdng
3,mono_cebuano,tagalog_test,all,43.3962,0.454,0.434,0.316,0.122,CEB,TGL,ALL (mBERT),TGL | ALL (mBERT)
3,mono_cebuano,bikol_test,all,56.6667,0.642,0.567,0.202,0.3478,CEB,BCL,ALL (mBERT),BCL | ALL (mBERT)
3,mono_cebuano,cebuano_test,all,74.2857,0.73,0.743,0.145,0.5882,CEB,CEB,ALL (mBERT),CEB | ALL (mBERT)
3,mono_cebuano,tagalog_test,xlmr,35.8491,0.421,0.358,0.285,0.0726,CEB,TGL,XLM-R Embdng,TGL | XLM-R Embdng
3,mono_cebuano,bikol_test,xlmr,60.0,0.717,0.6,0.221,0.3662,CEB,BCL,XLM-R Embdng,BCL | XLM-R Embdng
3,mono_cebuano,cebuano_test,xlmr,71.4286,0.702,0.714,0.158,0.5459,CEB,CEB,XLM-R Embdng,CEB | XLM-R Embdng
3,mono_cebuano,tagalog_test,all_xlmr,37.7358,0.434,0.377,0.279,0.0971,CEB,TGL,ALL (XLM-R),TGL | ALL (XLM-R)
3,mono_cebuano,bikol_test,all_xlmr,50.0,0.674,0.5,0.235,0.2487,CEB,BCL,ALL (XLM-R),BCL | ALL (XLM-R)
3,mono_cebuano,cebuano_test,all_xlmr,74.2857,0.725,0.743,0.139,0.5874,CEB,CEB,ALL (XLM-R),CEB | ALL (XLM-R)
3,bi_bikol_tagalog,tagalog_test,trad,49.0566,0.529,0.491,0.233,0.2468,TGL+BCL,TGL,TRAD,TGL | TRAD
3,bi_bikol_tagalog,bikol_test,trad,76.6667,0.776,0.767,0.104,0.6398,TGL+BCL,BCL,TRAD,BCL | TRAD
3,bi_bikol_tagalog,cebuano_test,trad,55.7143,0.568,0.557,0.293,0.2798,TGL+BCL,CEB,TRAD,CEB | TRAD
3,bi_bikol_tagalog,tagalog_test,trad_clgsngo,49.0566,0.501,0.491,0.252,0.2302,TGL+BCL,TGL,TRAD+CrossNGO,TGL | TRAD+CrossNGO
3,bi_bikol_tagalog,bikol_test,trad_clgsngo,80.0,0.815,0.8,0.089,0.6923,TGL+BCL,BCL,TRAD+CrossNGO,BCL | TRAD+CrossNGO
3,bi_bikol_tagalog,cebuano_test,trad_clgsngo,55.7143,0.565,0.557,0.314,0.2632,TGL+BCL,CEB,TRAD+CrossNGO,CEB | TRAD+CrossNGO
3,bi_bikol_tagalog,tagalog_test,mbert,45.283,0.442,0.453,0.295,0.1583,TGL+BCL,TGL,mBERT Embdng,TGL | mBERT Embdng
3,bi_bikol_tagalog,bikol_test,mbert,66.6667,0.0,0.667,0.205,0.4526,TGL+BCL,BCL,mBERT Embdng,BCL | mBERT Embdng
3,bi_bikol_tagalog,cebuano_test,mbert,64.2857,0.747,0.643,0.286,0.3838,TGL+BCL,CEB,mBERT Embdng,CEB | mBERT Embdng
3,bi_bikol_tagalog,tagalog_test,all,45.283,0.465,0.453,0.307,0.1508,TGL+BCL,TGL,ALL (mBERT),TGL | ALL (mBERT)
3,bi_bikol_tagalog,bikol_test,all,66.6667,0.0,0.667,0.212,0.4505,TGL+BCL,BCL,ALL (mBERT),BCL | ALL (mBERT)
3,bi_bikol_tagalog,cebuano_test,all,61.4286,0.561,0.614,0.283,0.3465,TGL+BCL,CEB,ALL (mBERT),CEB | ALL (mBERT)
3,bi_bikol_tagalog,tagalog_test,xlmr,50.9434,0.478,0.509,0.268,0.2374,TGL+BCL,TGL,XLM-R Embdng,TGL | XLM-R Embdng
3,bi_bikol_tagalog,bikol_test,xlmr,73.3333,0.0,0.733,0.173,0.5572,TGL+BCL,BCL,XLM-R Embdng,BCL | XLM-R Embdng
3,bi_bikol_tagalog,cebuano_test,xlmr,61.4286,0.638,0.614,0.304,0.3338,TGL+BCL,CEB,XLM-R Embdng,CEB | XLM-R Embdng
3,bi_bikol_tagalog,tagalog_test,all_xlmr,47.1698,0.482,0.472,0.29,0.1868,TGL+BCL,TGL,ALL (XLM-R),TGL | ALL (XLM-R)
3,bi_bikol_tagalog,bikol_test,all_xlmr,76.6667,0.0,0.767,0.147,0.6125,TGL+BCL,BCL,ALL (XLM-R),BCL | ALL (XLM-R)
3,bi_bikol_tagalog,cebuano_test,all_xlmr,60.0,0.713,0.6,0.324,0.298,TGL+BCL,CEB,ALL (XLM-R),CEB | ALL (XLM-R)
3,bi_cebuano_bikol,tagalog_test,trad,43.3962,0.49,0.434,0.28,0.1484,BCL+CEB,TGL,TRAD,TGL | TRAD
3,bi_cebuano_bikol,bikol_test,trad,63.3333,0.743,0.633,0.168,0.4454,BCL+CEB,BCL,TRAD,BCL | TRAD
3,bi_cebuano_bikol,cebuano_test,trad,68.5714,0.718,0.686,0.208,0.4841,BCL+CEB,CEB,TRAD,CEB | TRAD
3,bi_cebuano_bikol,tagalog_test,trad_clgsngo,41.5094,0.439,0.415,0.294,0.1176,BCL+CEB,TGL,TRAD+CrossNGO,TGL | TRAD+CrossNGO
3,bi_cebuano_bikol,bikol_test,trad_clgsngo,73.3333,0.846,0.733,0.154,0.5782,BCL+CEB,BCL,TRAD+CrossNGO,BCL | TRAD+CrossNGO
3,bi_cebuano_bikol,cebuano_test,trad_clgsngo,71.4286,0.725,0.714,0.184,0.5346,BCL+CEB,CEB,TRAD+CrossNGO,CEB | TRAD+CrossNGO
3,bi_cebuano_bikol,tagalog_test,mbert,33.9623,0.0,0.34,0.326,0.0107,BCL+CEB,TGL,mBERT Embdng,TGL | mBERT Embdng
3,bi_cebuano_bikol,bikol_test,mbert,70.0,0.0,0.7,0.186,0.5055,BCL+CEB,BCL,mBERT Embdng,BCL | mBERT Embdng
3,bi_cebuano_bikol,cebuano_test,mbert,70.0,0.667,0.7,0.178,0.5124,BCL+CEB,CEB,mBERT Embdng,CEB | mBERT Embdng
3,bi_cebuano_bikol,tagalog_test,all,35.8491,0.571,0.358,0.319,0.0369,BCL+CEB,TGL,ALL (mBERT),TGL | ALL (mBERT)
3,bi_cebuano_bikol,bikol_test,all,76.6667,0.834,0.767,0.141,0.6189,BCL+CEB,BCL,ALL (mBERT),BCL | ALL (mBERT)
3,bi_cebuano_bikol,cebuano_test,all,70.0,0.665,0.7,0.192,0.5087,BCL+CEB,CEB,ALL (mBERT),CEB | ALL (mBERT)
3,bi_cebuano_bikol,tagalog_test,xlmr,35.8491,0.317,0.358,0.253,0.0972,BCL+CEB,TGL,XLM-R Embdng,TGL | XLM-R Embdng
3,bi_cebuano_bikol,bikol_test,xlmr,73.3333,0.619,0.733,0.156,0.5628,BCL+CEB,BCL,XLM-R Embdng,BCL | XLM-R Embdng
3,bi_cebuano_bikol,cebuano_test,xlmr,71.4286,0.703,0.714,0.193,0.5275,BCL+CEB,CEB,XLM-R Embdng,CEB | XLM-R Embdng
3,bi_cebuano_bikol,tagalog_test,all_xlmr,33.9623,0.0,0.34,0.26,0.0757,BCL+CEB,TGL,ALL (XLM-R),TGL | ALL (XLM-R)
3,bi_cebuano_bikol,bikol_test,all_xlmr,73.3333,0.619,0.733,0.156,0.5628,BCL+CEB,BCL,ALL (XLM-R),BCL | ALL (XLM-R)
3,bi_cebuano_bikol,cebuano_test,all_xlmr,72.8571,0.731,0.729,0.187,0.5516,BCL+CEB,CEB,ALL (XLM-R),CEB | ALL (XLM-R)
3,bi_tagalog_cebuano,tagalog_test,trad,56.6038,0.562,0.566,0.24,0.3269,CEB+TGL,TGL,TRAD,TGL | TRAD
3,bi_tagalog_cebuano,bikol_test,trad,60.0,0.731,0.6,0.188,0.397,CEB+TGL,BCL,TRAD,BCL | TRAD
3,bi_tagalog_cebuano,cebuano_test,trad,71.4286,0.706,0.714,0.157,0.5455,CEB+TGL,CEB,TRAD,CEB | TRAD
3,bi_tagalog_cebuano,tagalog_test,trad_clgsngo,54.717,0.528,0.547,0.246,0.2984,CEB+TGL,TGL,TRAD+CrossNGO,TGL | TRAD+CrossNGO
3,bi_tagalog_cebuano,bikol_test,trad_clgsngo,53.3333,0.735,0.533,0.171,0.3291,CEB+TGL,BCL,TRAD+CrossNGO,BCL | TRAD+CrossNGO
3,bi_tagalog_cebuano,cebuano_test,trad_clgsngo,71.4286,0.708,0.714,0.163,0.5444,CEB+TGL,CEB,TRAD+CrossNGO,CEB | TRAD+CrossNGO
3,bi_tagalog_cebuano,tagalog_test,mbert,50.9434,0.561,0.509,0.284,0.2319,CEB+TGL,TGL,mBERT Embdng,TGL | mBERT Embdng
3,bi_tagalog_cebuano,bikol_test,mbert,40.0,0.522,0.4,0.228,0.1536,CEB+TGL,BCL,mBERT Embdng,BCL | mBERT Embdng
3,bi_tagalog_cebuano,cebuano_test,mbert,74.2857,0.729,0.743,0.146,0.59,CEB+TGL,CEB,mBERT Embdng,CEB | mBERT Embdng
3,bi_tagalog_cebuano,tagalog_test,all,49.0566,0.464,0.491,0.279,0.2085,CEB+TGL,TGL,ALL (mBERT),TGL | ALL (mBERT)
3,bi_tagalog_cebuano,bikol_test,all,50.0,0.672,0.5,0.213,0.2586,CEB+TGL,BCL,ALL (mBERT),BCL | ALL (mBERT)
3,bi_tagalog_cebuano,cebuano_test,all,74.2857,0.736,0.743,0.132,0.5926,CEB+TGL,CEB,ALL (mBERT),CEB | ALL (mBERT)
3,bi_tagalog_cebuano,tagalog_test,xlmr,41.5094,0.418,0.415,0.32,0.0992,CEB+TGL,TGL,XLM-R Embdng,TGL | XLM-R Embdng
3,bi_tagalog_cebuano,bikol_test,xlmr,60.0,0.685,0.6,0.199,0.3772,CEB+TGL,BCL,XLM-R Embdng,BCL | XLM-R Embdng
3,bi_tagalog_cebuano,cebuano_test,xlmr,71.4286,0.703,0.714,0.151,0.5455,CEB+TGL,CEB,XLM-R Embdng,CEB | XLM-R Embdng
3,bi_tagalog_cebuano,tagalog_test,all_xlmr,45.283,0.445,0.453,0.299,0.156,CEB+TGL,TGL,ALL (XLM-R),TGL | ALL (XLM-R)
3,bi_tagalog_cebuano,bikol_test,all_xlmr,46.6667,0.645,0.467,0.243,0.1987,CEB+TGL,BCL,ALL (XLM-R),BCL | ALL (XLM-R)
3,bi_tagalog_cebuano,cebuano_test,all_xlmr,72.8571,0.721,0.729,0.138,0.57,CEB+TGL,CEB,ALL (XLM-R),CEB | ALL (XLM-R)
3,all_languages,tagalog_test,trad,64.1509,0.64,0.642,0.19,0.4515,ALL,TGL,TRAD,TGL | TRAD
3,all_languages,bikol_test,trad,70.0,0.771,0.7,0.13,0.5431,ALL,BCL,TRAD,BCL | TRAD
3,all_languages,cebuano_test,trad,71.4286,0.702,0.714,0.179,0.5352,ALL,CEB,TRAD,CEB | TRAD
3,all_languages,tagalog_test,trad_clgsngo,50.9434,0.499,0.509,0.263,0.2445,ALL,TGL,TRAD+CrossNGO,TGL | TRAD+CrossNGO
3,all_languages,bikol_test,trad_clgsngo,66.6667,0.705,0.667,0.144,0.4907,ALL,BCL,TRAD+CrossNGO,BCL | TRAD+CrossNGO
3,all_languages,cebuano_test,trad_clgsngo,67.1429,0.652,0.671,0.21,0.4632,ALL,CEB,TRAD+CrossNGO,CEB | TRAD+CrossNGO
3,all_languages,tagalog_test,mbert,47.1698,0.453,0.472,0.291,0.1801,ALL,TGL,mBERT Embdng,TGL | mBERT Embdng
3,all_languages,bikol_test,mbert,66.6667,0.0,0.667,0.205,0.4526,ALL,BCL,mBERT Embdng,BCL | mBERT Embdng
3,all_languages,cebuano_test,mbert,78.5714,0.779,0.786,0.121,0.6557,ALL,CEB,mBERT Embdng,CEB | mBERT Embdng
3,all_languages,tagalog_test,all,43.3962,0.42,0.434,0.316,0.1176,ALL,TGL,ALL (mBERT),TGL | ALL (mBERT)
3,all_languages,bikol_test,all,66.6667,0.602,0.667,0.188,0.4595,ALL,BCL,ALL (mBERT),BCL | ALL (mBERT)
3,all_languages,cebuano_test,all,74.2857,0.723,0.743,0.146,0.5882,ALL,CEB,ALL (mBERT),CEB | ALL (mBERT)
3,all_languages,tagalog_test,xlmr,45.283,0.452,0.453,0.281,0.1705,ALL,TGL,XLM-R Embdng,TGL | XLM-R Embdng
3,all_languages,bikol_test,xlmr,66.6667,0.0,0.667,0.205,0.4526,ALL,BCL,XLM-R Embdng,BCL | XLM-R Embdng
3,all_languages,cebuano_test,xlmr,71.4286,0.693,0.714,0.172,0.5352,ALL,CEB,XLM-R Embdng,CEB | XLM-R Embdng
3,all_languages,tagalog_test,all_xlmr,39.6226,0.392,0.396,0.314,0.0808,ALL,TGL,ALL (XLM-R),TGL | ALL (XLM-R)
3,all_languages,bikol_test,all_xlmr,70.0,0.0,0.7,0.18,0.5073,ALL,BCL,ALL (XLM-R),BCL | ALL (XLM-R)
3,all_languages,cebuano_test,all_xlmr,71.4286,0.687,0.714,0.165,0.5376,ALL,CEB,ALL (XLM-R),CEB | ALL (XLM-R)
4,mono_tagalog,tagalog_test,trad,41.5094,0.398,0.415,0.313,0.0982,TGL,TGL,TRAD,TGL | TRAD
4,mono_tagalog,bikol_test,trad,46.6667,0.542,0.467,0.183,0.257,TGL,BCL,TRAD,BCL | TRAD
4,mono_tagalog,cebuano_test,trad,44.9275,0.567,0.449,0.248,0.1979,TGL,CEB,TRAD,CEB | TRAD
4,mono_tagalog,tagalog_test,trad_clgsngo,52.8302,0.542,0.528,0.261,0.272,TGL,TGL,TRAD+CrossNGO,TGL | TRAD+CrossNGO
4,mono_tagalog,bikol_test,trad_clgsngo,46.6667,0.457,0.467,0.207,0.2405,TGL,BCL,TRAD+CrossNGO,BCL | TRAD+CrossNGO
4,mono_tagalog,cebuano_test,trad_clgsngo,46.3768,0.61,0.464,0.235,0.22,TGL,CEB,TRAD+CrossNGO,CEB | TRAD+CrossNGO
4,mono_tagalog,tagalog_test,mbert,41.5094,0.444,0.415,0.326,0.1012,TGL,TGL,mBERT Embdng,TGL | mBERT Embdng
4,mono_tagalog,bikol_test,mbert,30.0,0.631,0.3,0.209,0.083,TGL,BCL,mBERT Embdng,BCL | mBERT Embdng
4,mono_tagalog,cebuano_test,mbert,27.5362,0.0,0.275,0.333,-0.0528,TGL,CEB,mBERT Embdng,CEB | mBERT Embdng
4,mono_tagalog,tagalog_test,all,43.3962,0.447,0.434,0.313,0.1283,TGL,TGL,ALL (mBERT),TGL | ALL (mBERT)
4,mono_tagalog,bikol_test,all,30.0,0.0,0.3,0.175,0.1064,TGL,BCL,ALL (mBERT),BCL | ALL (mBERT)
4,mono_tagalog,cebuano_test,all,34.7826,0.463,0.348,0.316,0.0369,TGL,CEB,ALL (mBERT),CEB | ALL (mBERT)
4,mono_tagalog,tagalog_test,xlmr,62.2642,0.667,0.623,0.219,0.4121,TGL,TGL,XLM-R Embdng,TGL | XLM-R Embdng
4,mono_tagalog,bikol_test,xlmr,30.0,0.0,0.3,0.197,0.0935,TGL,BCL,XLM-R Embdng,BCL | XLM-R Embdng
4,mono_tagalog,cebuano_test,xlmr,31.8841,0.46,0.319,0.29,0.0317,TGL,CEB,XLM-R Embdng,CEB | XLM-R Embdng
4,mono_tagalog,tagalog_test,all_xlmr,52.8302,0.551,0.528,0.268,0.2659,TGL,TGL,ALL (XLM-R),TGL | ALL (XLM-R)
4,mono_tagalog,bikol_test,all_xlmr,36.6667,0.71,0.367,0.191,0.153,TGL,BCL,ALL (XLM-R),BCL | ALL (XLM-R)
4,mono_tagalog,cebuano_test,all_xlmr,39.1304,0.804,0.391,0.248,0.1413,TGL,CEB,ALL (XLM-R),CEB | ALL (XLM-R)
4,mono_bikol,tagalog_test,trad,37.7358,0.48,0.377,0.278,0.0933,BCL,TGL,TRAD,TGL | TRAD
4,mono_bikol,bikol_test,trad,66.6667,0.679,0.667,0.163,0.4836,BCL,BCL,TRAD,BCL | TRAD
4,mono_bikol,cebuano_test,trad,65.2174,0.692,0.652,0.295,0.3901,BCL,CEB,TRAD,CEB | TRAD
4,mono_bikol,tagalog_test,trad_clgsngo,33.9623,0.409,0.34,0.296,0.0404,BCL,TGL,TRAD+CrossNGO,TGL | TRAD+CrossNGO
4,mono_bikol,bikol_test,trad_clgsngo,63.3333,0.628,0.633,0.182,0.4271,BCL,BCL,TRAD+CrossNGO,BCL | TRAD+CrossNGO
4,mono_bikol,cebuano_test,trad_clgsngo,65.2174,0.725,0.652,0.303,0.3871,BCL,CEB,TRAD+CrossNGO,CEB | TRAD+CrossNGO
4,mono_bikol,tagalog_test,mbert,26.4151,0.0,0.264,0.264,0.0,BCL,TGL,mBERT Embdng,TGL | mBERT Embdng
4,mono_bikol,bikol_test,mbert,73.3333,0.0,0.733,0.185,0.5522,BCL,BCL,mBERT Embdng,BCL | mBERT Embdng
4,mono_bikol,cebuano_test,mbert,57.971,0.0,0.58,0.385,0.2313,BCL,CEB,mBERT Embdng,CEB | mBERT Embdng
4,mono_bikol,tagalog_test,all,28.3019,0.0,0.283,0.267,0.0171,BCL,TGL,ALL (mBERT),TGL | ALL (mBERT)
4,mono_bikol,bikol_test,all,76.6667,0.0,0.767,0.166,0.6067,BCL,BCL,ALL (mBERT),BCL | ALL (mBERT)
4,mono_bikol,cebuano_test,all,57.971,0.0,0.58,0.385,0.2313,BCL,CEB,ALL (mBERT),CEB | ALL (mBERT)
4,mono_bikol,tagalog_test,xlmr,26.4151,0.0,0.264,0.264,0.0,BCL,TGL,XLM-R Embdng,TGL | XLM-R Embdng
4,mono_bikol,bikol_test,xlmr,76.6667,0.0,0.767,0.16,0.6082,BCL,BCL,XLM-R Embdng,BCL | XLM-R Embdng
4,mono_bikol,cebuano_test,xlmr,59.4203,0.0,0.594,0.354,0.272,BCL,CEB,XLM-R Embdng,CEB | XLM-R Embdng
4,mono_bikol,tagalog_test,all_xlmr,26.4151,0.0,0.264,0.264,0.0,BCL,TGL,ALL (XLM-R),TGL | ALL (XLM-R)
4,mono_bikol,bikol_test,all_xlmr,76.6667,0.0,0.767,0.16,0.6082,BCL,BCL,ALL (XLM-R),BCL | ALL (XLM-R)
4,mono_bikol,cebuano_test,all_xlmr,62.3188,0.0,0.623,0.337,0.3283,BCL,CEB,ALL (XLM-R),CEB | ALL (XLM-R)
4,mono_cebuano,tagalog_test,trad,43.3962,0.385,0.434,0.315,0.1162,CEB,TGL,TRAD,TGL | TRAD
4,mono_cebuano,bikol_test,trad,33.3333,0.499,0.333,0.25,0.061,CEB,BCL,TRAD,BCL | TRAD
4,mono_cebuano,cebuano_test,trad,71.0145,0.736,0.71,0.168,0.5347,CEB,CEB,TRAD,CEB | TRAD
4,mono_cebuano,tagalog_test,trad_clgsngo,47.1698,0.422,0.472,0.294,0.1751,CEB,TGL,TRAD+CrossNGO,TGL | TRAD+CrossNGO
4,mono_cebuano,bikol_test,trad_clgsngo,36.6667,0.567,0.367,0.208,0.1284,CEB,BCL,TRAD+CrossNGO,BCL | TRAD+CrossNGO
4,mono_cebuano,cebuano_test,trad_clgsngo,71.0145,0.711,0.71,0.165,0.5339,CEB,CEB,TRAD+CrossNGO,CEB | TRAD+CrossNGO
4,mono_cebuano,tagalog_test,mbert,33.9623,0.336,0.34,0.375,-0.0329,CEB,TGL,mBERT Embdng,TGL | mBERT Embdng
4,mono_cebuano,bikol_test,mbert,53.3333,0.754,0.533,0.151,0.3354,CEB,BCL,mBERT Embdng,BCL | mBERT Embdng
4,mono_cebuano,cebuano_test,mbert,68.1159,0.678,0.681,0.217,0.4758,CEB,CEB,mBERT Embdng,CEB | mBERT Embdng
4,mono_cebuano,tagalog_test,all,41.5094,0.362,0.415,0.326,0.0898,CEB,TGL,ALL (mBERT),TGL | ALL (mBERT)
4,mono_cebuano,bikol_test,all,53.3333,0.644,0.533,0.196,0.3069,CEB,BCL,ALL (mBERT),BCL | ALL (mBERT)
4,mono_cebuano,cebuano_test,all,75.3623,0.75,0.754,0.173,0.5955,CEB,CEB,ALL (mBERT),CEB | ALL (mBERT)
4,mono_cebuano,tagalog_test,xlmr,39.6226,0.387,0.396,0.283,0.1153,CEB,TGL,XLM-R Embdng,TGL | XLM-R Embdng
4,mono_cebuano,bikol_test,xlmr,56.6667,0.635,0.567,0.224,0.3287,CEB,BCL,XLM-R Embdng,BCL | XLM-R Embdng
4,mono_cebuano,cebuano_test,xlmr,73.913,0.726,0.739,0.177,0.5723,CEB,CEB,XLM-R Embdng,CEB | XLM-R Embdng
4,mono_cebuano,tagalog_test,all_xlmr,41.5094,0.414,0.415,0.282,0.1321,CEB,TGL,ALL (XLM-R),TGL | ALL (XLM-R)
4,mono_cebuano,bikol_test,all_xlmr,56.6667,0.611,0.567,0.187,0.3586,CEB,BCL,ALL (XLM-R),BCL | ALL (XLM-R)
4,mono_cebuano,cebuano_test,all_xlmr,73.913,0.739,0.739,0.193,0.5653,CEB,CEB,ALL (XLM-R),CEB | ALL (XLM-R)
4,bi_bikol_tagalog,tagalog_test,trad,43.3962,0.446,0.434,0.28,0.1484,TGL+BCL,TGL,TRAD,TGL | TRAD
4,bi_bikol_tagalog,bikol_test,trad,56.6667,0.591,0.567,0.199,0.3467,TGL+BCL,BCL,TRAD,BCL | TRAD
4,bi_bikol_tagalog,cebuano_test,trad,57.971,0.597,0.58,0.272,0.3203,TGL+BCL,CEB,TRAD,CEB | TRAD
4,bi_bikol_tagalog,tagalog_test,trad_clgsngo,43.3962,0.431,0.434,0.299,0.1345,TGL+BCL,TGL,TRAD+CrossNGO,TGL | TRAD+CrossNGO
4,bi_bikol_tagalog,bikol_test,trad_clgsngo,73.3333,0.723,0.733,0.146,0.5767,TGL+BCL,BCL,TRAD+CrossNGO,BCL | TRAD+CrossNGO
4,bi_bikol_tagalog,cebuano_test,trad_clgsngo,52.1739,0.532,0.522,0.332,0.2127,TGL+BCL,CEB,TRAD+CrossNGO,CEB | TRAD+CrossNGO
4,bi_bikol_tagalog,tagalog_test,mbert,49.0566,0.491,0.491,0.274,0.2231,TGL+BCL,TGL,mBERT Embdng,TGL | mBERT Embdng
4,bi_bikol_tagalog,bikol_test,mbert,76.6667,0.729,0.767,0.143,0.6182,TGL+BCL,BCL,mBERT Embdng,BCL | mBERT Embdng
4,bi_bikol_tagalog,cebuano_test,mbert,59.4203,0.602,0.594,0.334,0.2873,TGL+BCL,CEB,mBERT Embdng,CEB | mBERT Embdng
4,bi_bikol_tagalog,tagalog_test,all,45.283,0.461,0.453,0.299,0.1615,TGL+BCL,TGL,ALL (mBERT),TGL | ALL (mBERT)
4,bi_bikol_tagalog,bikol_test,all,76.6667,0.749,0.767,0.126,0.6277,TGL+BCL,BCL,ALL (mBERT),BCL | ALL (mBERT)
4,bi_bikol_tagalog,cebuano_test,all,59.4203,0.544,0.594,0.331,0.2871,TGL+BCL,CEB,ALL (mBERT),CEB | ALL (mBERT)
4,bi_bikol_tagalog,tagalog_test,xlmr,52.8302,0.536,0.528,0.26,0.2764,TGL+BCL,TGL,XLM-R Embdng,TGL | XLM-R Embdng
4,bi_bikol_tagalog,bikol_test,xlmr,73.3333,0.0,0.733,0.185,0.5522,TGL+BCL,BCL,XLM-R Embdng,BCL | XLM-R Embdng
4,bi_bikol_tagalog,cebuano_test,xlmr,60.8696,0.0,0.609,0.332,0.3069,TGL+BCL,CEB,XLM-R Embdng,CEB | XLM-R Embdng
4,bi_bikol_tagalog,tagalog_test,all_xlmr,47.1698,0.481,0.472,0.284,0.1957,TGL+BCL,TGL,ALL (XLM-R),TGL | ALL (XLM-R)
4,bi_bikol_tagalog,bikol_test,all_xlmr,76.6667,0.0,0.767,0.16,0.6082,TGL+BCL,BCL,ALL (XLM-R),BCL | ALL (XLM-R)
4,bi_bikol_tagalog,cebuano_test,all_xlmr,60.8696,0.0,0.609,0.332,0.3113,TGL+BCL,CEB,ALL (XLM-R),CEB | ALL (XLM-R)
4,bi_cebuano_bikol,tagalog_test,trad,37.7358,0.404,0.377,0.297,0.0697,BCL+CEB,TGL,TRAD,TGL | TRAD
4,bi_cebuano_bikol,bikol_test,trad,66.6667,0.771,0.667,0.111,0.513,BCL+CEB,BCL,TRAD,BCL | TRAD
4,bi_cebuano_bikol,cebuano_test,trad,69.5652,0.73,0.696,0.242,0.486,BCL+CEB,CEB,TRAD,CEB | TRAD
4,bi_cebuano_bikol,tagalog_test,trad_clgsngo,43.3962,0.432,0.434,0.282,0.1433,BCL+CEB,TGL,TRAD+CrossNGO,TGL | TRAD+CrossNGO
4,bi_cebuano_bikol,bikol_test,trad_clgsngo,56.6667,0.629,0.567,0.182,0.3522,BCL+CEB,BCL,TRAD+CrossNGO,BCL | TRAD+CrossNGO
4,bi_cebuano_bikol,cebuano_test,trad_clgsngo,72.4638,0.73,0.725,0.199,0.5426,BCL+CEB,CEB,TRAD+CrossNGO,CEB | TRAD+CrossNGO
4,bi_cebuano_bikol,tagalog_test,mbert,35.8491,0.245,0.358,0.303,0.058,BCL+CEB,TGL,mBERT Embdng,TGL | mBERT Embdng
4,bi_cebuano_bikol,bikol_test,mbert,76.6667,0.0,0.767,0.166,0.6067,BCL+CEB,BCL,mBERT Embdng,BCL | mBERT Embdng
4,bi_cebuano_bikol,cebuano_test,mbert,75.3623,0.755,0.754,0.187,0.59,BCL+CEB,CEB,mBERT Embdng,CEB | mBERT Embdng
4,bi_cebuano_bikol,tagalog_test,all,39.6226,0.0,0.396,0.282,0.1153,BCL+CEB,TGL,ALL (mBERT),TGL | ALL (mBERT)
4,bi_cebuano_bikol,bikol_test,all,80.0,0.837,0.8,0.141,0.6673,BCL+CEB,BCL,ALL (mBERT),BCL | ALL (mBERT)
4,bi_cebuano_bikol,cebuano_test,all,73.913,0.731,0.739,0.193,0.5659,BCL+CEB,CEB,ALL (mBERT),CEB | ALL (mBERT)
4,bi_cebuano_bikol,tagalog_test,xlmr,30.1887,0.307,0.302,0.281,0.0244,BCL+CEB,TGL,XLM-R Embdng,TGL | XLM-R Embdng
4,bi_cebuano_bikol,bikol_test,xlmr,80.0,0.837,0.8,0.141,0.6673,BCL+CEB,BCL,XLM-R Embdng,BCL | XLM-R Embdng
4,bi_cebuano_bikol,cebuano_test,xlmr,73.913,0.739,0.739,0.193,0.5653,BCL+CEB,CEB,XLM-R Embdng,CEB | XLM-R Embdng
4,bi_cebuano_bikol,tagalog_test,all_xlmr,30.1887,0.295,0.302,0.29,0.0161,BCL+CEB,TGL,ALL (XLM-R),TGL | ALL (XLM-R)
4,bi_cebuano_bikol,bikol_test,all_xlmr,83.3333,0.853,0.833,0.109,0.7307,BCL+CEB,BCL,ALL (XLM-R),BCL | ALL (XLM-R)
4,bi_cebuano_bikol,cebuano_test,all_xlmr,69.5652,0.663,0.696,0.223,0.4873,BCL+CEB,CEB,ALL (XLM-R),CEB | ALL (XLM-R)
4,bi_tagalog_cebuano,tagalog_test,trad,43.3962,0.409,0.434,0.299,0.1283,CEB+TGL,TGL,TRAD,TGL | TRAD
4,bi_tagalog_cebuano,bikol_test,trad,43.3333,0.555,0.433,0.214,0.1892,CEB+TGL,BCL,TRAD,BCL | TRAD
4,bi_tagalog_cebuano,cebuano_test,trad,72.4638,0.731,0.725,0.161,0.5598,CEB+TGL,CEB,TRAD,CEB | TRAD
4,bi_tagalog_cebuano,tagalog_test,trad_clgsngo,49.0566,0.497,0.491,0.278,0.2142,CEB+TGL,TGL,TRAD+CrossNGO,TGL | TRAD+CrossNGO
4,bi_tagalog_cebuano,bikol_test,trad_clgsngo,50.0,0.625,0.5,0.186,0.2823,CEB+TGL,BCL,TRAD+CrossNGO,BCL | TRAD+CrossNGO
4,bi_tagalog_cebuano,cebuano_test,trad_clgsngo,73.913,0.736,0.739,0.153,0.5841,CEB+TGL,CEB,TRAD+CrossNGO,CEB | TRAD+CrossNGO
4,bi_tagalog_cebuano,tagalog_test,mbert,39.6226,0.413,0.396,0.336,0.0722,CEB+TGL,TGL,mBERT Embdng,TGL | mBERT Embdng
4,bi_tagalog_cebuano,bikol_test,mbert,53.3333,0.658,0.533,0.173,0.3193,CEB+TGL,BCL,mBERT Embdng,BCL | mBERT Embdng
4,bi_tagalog_cebuano,cebuano_test,mbert,71.0145,0.717,0.71,0.198,0.5277,CEB+TGL,CEB,mBERT Embdng,CEB | mBERT Embdng
4,bi_tagalog_cebuano,tagalog_test,all,43.3962,0.438,0.434,0.308,0.1307,CEB+TGL,TGL,ALL (mBERT),TGL | ALL (mBERT)
4,bi_tagalog_cebuano,bikol_test,all,53.3333,0.754,0.533,0.151,0.3354,CEB+TGL,BCL,ALL (mBERT),BCL | ALL (mBERT)
4,bi_tagalog_cebuano,cebuano_test,all,75.3623,0.768,0.754,0.167,0.598,CEB+TGL,CEB,ALL (mBERT),CEB | ALL (mBERT)
4,bi_tagalog_cebuano,tagalog_test,xlmr,52.8302,0.529,0.528,0.256,0.2779,CEB+TGL,TGL,XLM-R Embdng,TGL | XLM-R Embdng
4,bi_tagalog_cebuano,bikol_test,xlmr,46.6667,0.607,0.467,0.205,0.232,CEB+TGL,BCL,XLM-R Embdng,BCL | XLM-R Embdng
4,bi_tagalog_cebuano,cebuano_test,xlmr,71.0145,0.694,0.71,0.18,0.5263,CEB+TGL,CEB,XLM-R Embdng,CEB | XLM-R Embdng
4,bi_tagalog_cebuano,tagalog_test,all_xlmr,41.5094,0.411,0.415,0.307,0.1119,CEB+TGL,TGL,ALL (XLM-R),TGL | ALL (XLM-R)
4,bi_tagalog_cebuano,bikol_test,all_xlmr,56.6667,0.688,0.567,0.158,0.3669,CEB+TGL,BCL,ALL (XLM-R),BCL | ALL (XLM-R)
4,bi_tagalog_cebuano,cebuano_test,all_xlmr,76.8116,0.767,0.768,0.165,0.6198,CEB+TGL,CEB,ALL (XLM-R),CEB | ALL (XLM-R)
4,all_languages,tagalog_test,trad,45.283,0.436,0.453,0.277,0.1705,ALL,TGL,TRAD,TGL | TRAD
4,all_languages,bikol_test,trad,63.3333,0.713,0.633,0.137,0.4581,ALL,BCL,TRAD,BCL | TRAD
4,all_languages,cebuano_test,trad,71.0145,0.724,0.71,0.213,0.5178,ALL,CEB,TRAD,CEB | TRAD
4,all_languages,tagalog_test,trad_clgsngo,47.1698,0.467,0.472,0.278,0.1935,ALL,TGL,TRAD+CrossNGO,TGL | TRAD+CrossNGO
4,all_languages,bikol_test,trad_clgsngo,56.6667,0.591,0.567,0.199,0.3467,ALL,BCL,TRAD+CrossNGO,BCL | TRAD+CrossNGO
4,all_languages,cebuano_test,trad_clgsngo,72.4638,0.731,0.725,0.192,0.5467,ALL,CEB,TRAD+CrossNGO,CEB | TRAD+CrossNGO
4,all_languages,tagalog_test,mbert,45.283,0.458,0.453,0.294,0.1692,ALL,TGL,mBERT Embdng,TGL | mBERT Embdng
4,all_languages,bikol_test,mbert,80.0,0.758,0.8,0.123,0.6715,ALL,BCL,mBERT Embdng,BCL | mBERT Embdng
4,all_languages,cebuano_test,mbert,73.913,0.736,0.739,0.184,0.5698,ALL,CEB,mBERT Embdng,CEB | mBERT Embdng
4,all_languages,tagalog_test,all,43.3962,0.434,0.434,0.312,0.1307,ALL,TGL,ALL (mBERT),TGL | ALL (mBERT)
4,all_languages,bikol_test,all,73.3333,0.611,0.733,0.174,0.5564,ALL,BCL,ALL (mBERT),BCL | ALL (mBERT)
4,all_languages,cebuano_test,all,71.0145,0.704,0.71,0.205,0.5163,ALL,CEB,ALL (mBERT),CEB | ALL (mBERT)
4,all_languages,tagalog_test,xlmr,43.3962,0.421,0.434,0.307,0.1387,ALL,TGL,XLM-R Embdng,TGL | XLM-R Embdng
4,all_languages,bikol_test,xlmr,76.6667,0.749,0.767,0.126,0.6277,ALL,BCL,XLM-R Embdng,BCL | XLM-R Embdng
4,all_languages,cebuano_test,xlmr,71.0145,0.695,0.71,0.209,0.5132,ALL,CEB,XLM-R Embdng,CEB | XLM-R Embdng
4,all_languages,tagalog_test,all_xlmr,58.4906,0.585,0.585,0.223,0.3666,ALL,TGL,ALL (XLM-R),TGL | ALL (XLM-R)
4,all_languages,bikol_test,all_xlmr,76.6667,0.762,0.767,0.137,0.6243,ALL,BCL,ALL (XLM-R),BCL | ALL (XLM-R)
4,all_languages,cebuano_test,all_xlmr,69.5652,0.687,0.696,0.226,0.4905,ALL,CEB,ALL (XLM-R),CEB | ALL (XLM-R)
