book_title,consonant_cluster_density,v_density,cv_density,vc_density,cvc_density,vcc_density,cvcc_density,ccvc_density,ccv_density,ccvcc_density,ccvccc_density,grade_level
Akong Higala,0.2692307692307692,2.128205128205128,1.8333333333333333,1.4102564102564104,0.8205128205128205,0.23076923076923078,0.1282051282051282,0.11538461538461539,0.1794871794871795,0.0,0.0,1
Alibangbang ug Kalaw,0.65,2.05,1.8,1.825,1.05,0.65,0.375,0.15,0.225,0.15,0.025,1
Amigo Kong Piso,0.22857142857142856,2.1142857142857143,1.7714285714285714,1.542857142857143,0.9714285714285714,0.22857142857142856,0.2,0.11428571428571428,0.14285714285714285,0.0,0.0,1
An Akon Pamilya,0.2878787878787879,2.121212121212121,1.7727272727272727,1.6515151515151516,1.0,0.22727272727272727,0.22727272727272727,0.19696969696969696,0.24242424242424243,0.0,0.0,1
Ang  Paypay ni Pipay,0.4117647058823529,1.8823529411764706,1.588235294117647,1.4705882352941178,0.8235294117647058,0.4117647058823529,0.23529411764705882,0.17647058823529413,0.23529411764705882,0.0,0.0,1
Ang Adlaw,0.3561643835616438,2.3013698630136985,1.9863013698630136,1.7397260273972603,0.9863013698630136,0.3150684931506849,0.2465753424657534,0.2054794520547945,0.3013698630136986,0.0136986301369863,0.0,1
Ang Akong Alkansiya,0.5,2.0625,1.6875,1.375,0.875,0.5,0.1875,0.25,0.4375,0.125,0.0,1
Ang Akong Dulaan,0.3023255813953488,1.9534883720930232,1.5116279069767442,1.4186046511627908,0.7209302325581395,0.23255813953488372,0.18604651162790697,0.09302325581395349,0.13953488372093023,0.023255813953488372,0.0,1
Ang Akong Higala,0.40625,2.15625,1.75,1.6875,0.9375,0.34375,0.25,0.0625,0.1875,0.03125,0.0,1
Ang Akong Suod Nga Amigo,0.31343283582089554,1.9402985074626866,1.5522388059701493,1.2985074626865671,0.7611940298507462,0.23880597014925373,0.1791044776119403,0.16417910447761194,0.19402985074626866,0.014925373134328358,0.0,1
Ang Among Pamilya,0.4230769230769231,2.0673076923076925,1.7115384615384615,1.6442307692307692,0.9519230769230769,0.36538461538461536,0.25,0.17307692307692307,0.27884615384615385,0.0,0.0,1
Ang Anak ug Amahan,0.3387096774193548,2.129032258064516,1.7258064516129032,1.5806451612903225,0.8225806451612904,0.3225806451612903,0.1774193548387097,0.0967741935483871,0.1935483870967742,0.04838709677419355,0.0,1
Ang Baka,0.44329896907216493,1.8556701030927836,1.6082474226804124,1.2371134020618557,0.8041237113402062,0.31958762886597936,0.21649484536082475,0.13402061855670103,0.27835051546391754,0.0,0.0,1
Ang Baki,0.5125,2.075,1.8,1.4,0.85,0.35,0.2875,0.2375,0.45,0.0375,0.0,1
Ang Bangaw,0.5151515151515151,1.9393939393939394,1.5757575757575757,1.7575757575757576,0.9696969696969697,0.42424242424242425,0.18181818181818182,0.15151515151515152,0.24242424242424243,0.0,0.0,1
Ang Bao,0.2777777777777778,2.0,1.7777777777777777,1.1666666666666667,0.7777777777777778,0.2777777777777778,0.1111111111111111,0.1111111111111111,0.2222222222222222,0.0,0.0,1
Ang Bato,0.3333333333333333,2.3333333333333335,1.8888888888888888,1.5,0.8333333333333334,0.3333333333333333,0.1111111111111111,0.1111111111111111,0.3333333333333333,0.1111111111111111,0.05555555555555555,1
Ang Birthday ni Jennilyn,0.45652173913043476,2.152173913043478,2.0,1.6304347826086956,1.0434782608695652,0.41304347826086957,0.32608695652173914,0.1956521739130435,0.2391304347826087,0.06521739130434782,0.06521739130434782,1
Ang Bitoon,0.3584905660377358,2.0,1.528301886792453,1.2641509433962264,0.6226415094339622,0.24528301886792453,0.11320754716981132,0.07547169811320754,0.18867924528301888,0.0,0.0,1
Ang Bola ni Mila,0.2564102564102564,1.8974358974358974,1.6923076923076923,1.2564102564102564,0.8461538461538461,0.23076923076923078,0.15384615384615385,0.10256410256410256,0.15384615384615385,0.0,0.0,1
Ang Buhok,0.0,1.608695652173913,1.3043478260869565,1.0,0.6086956521739131,0.0,0.0,0.0,0.0,0.0,0.0,1
Ang Bulak nga Santan,0.3333333333333333,1.6666666666666667,1.4285714285714286,1.1904761904761905,0.7142857142857143,0.19047619047619047,0.19047619047619047,0.14285714285714285,0.3333333333333333,0.0,0.0,1
Ang Celfon ni Niña,0.1956521739130435,1.891304347826087,1.673913043478261,1.0217391304347827,0.6304347826086957,0.17391304347826086,0.08695652173913043,0.043478260869565216,0.10869565217391304,0.0,0.0,1
Ang Dagat,0.38095238095238093,2.0,1.5714285714285714,1.4285714285714286,0.8095238095238095,0.38095238095238093,0.09523809523809523,0.09523809523809523,0.23809523809523808,0.047619047619047616,0.0,1
Ang Dala ni Almaug Mama,0.17647058823529413,1.8235294117647058,1.4705882352941178,1.1176470588235294,0.6470588235294118,0.17647058823529413,0.058823529411764705,0.058823529411764705,0.11764705882352941,0.0,0.0,1
Ang Dalunggan,0.5373134328358209,2.2388059701492535,2.044776119402985,1.6865671641791045,1.1044776119402986,0.43283582089552236,0.34328358208955223,0.29850746268656714,0.4626865671641791,0.04477611940298507,0.0,1
Ang French Fries,0.46511627906976744,2.046511627906977,1.6744186046511629,1.4186046511627908,0.813953488372093,0.32558139534883723,0.2558139534883721,0.11627906976744186,0.27906976744186046,0.046511627906976744,0.023255813953488372,1
Ang Gasa ni Mama,0.32,1.68,1.36,1.16,0.76,0.24,0.16,0.24,0.28,0.0,0.0,1
Ang Gasa,0.35294117647058826,1.6470588235294117,1.3529411764705883,1.0588235294117647,0.7058823529411765,0.29411764705882354,0.058823529411764705,0.17647058823529413,0.23529411764705882,0.0,0.0,1
Ang Gatas sa Lata,0.17391304347826086,1.6956521739130435,1.5217391304347827,1.2173913043478262,0.782608695652174,0.17391304347826086,0.043478260869565216,0.043478260869565216,0.043478260869565216,0.0,0.0,1
Ang Hardin Ni Balaraw,0.44933920704845814,2.0837004405286343,1.8149779735682818,1.502202643171806,0.8502202643171806,0.32599118942731276,0.2422907488986784,0.18502202643171806,0.3436123348017621,0.022026431718061675,0.0,1
Ang Hardin Ni Hannah,0.3865546218487395,1.8739495798319328,1.6134453781512605,1.3697478991596639,0.7983193277310925,0.2773109243697479,0.20168067226890757,0.15126050420168066,0.2605042016806723,0.0,0.0,1
Ang Hardin Ni Susan,0.44680851063829785,1.946808510638298,1.648936170212766,1.3297872340425532,0.7553191489361702,0.2765957446808511,0.2127659574468085,0.1702127659574468,0.3617021276595745,0.02127659574468085,0.0,1
Ang Hiniktan ni Islaw,0.3333333333333333,2.1166666666666667,1.6833333333333333,1.5166666666666666,0.7833333333333333,0.23333333333333334,0.11666666666666667,0.13333333333333333,0.26666666666666666,0.0,0.0,1
Ang Iring ni Ling,0.5217391304347826,1.4782608695652173,1.173913043478261,1.173913043478261,0.7391304347826086,0.5217391304347826,0.43478260869565216,0.043478260869565216,0.08695652173913043,0.0,0.0,1
Ang Iring ni Luming,0.5833333333333334,1.9375,1.5,1.6041666666666667,0.8333333333333334,0.5833333333333334,0.4375,0.041666666666666664,0.10416666666666667,0.020833333333333332,0.0,1
Ang Iro ni Pedro,0.375,2.013888888888889,1.6111111111111112,1.4722222222222223,0.7083333333333334,0.3194444444444444,0.18055555555555555,0.09722222222222222,0.20833333333333334,0.027777777777777776,0.0,1
Ang Itoy ni Ikoy,0.24489795918367346,1.836734693877551,1.2448979591836735,1.346938775510204,0.6122448979591837,0.20408163265306123,0.061224489795918366,0.04081632653061224,0.08163265306122448,0.0,0.0,1
Ang Kabaw nga si Kulas,0.2608695652173913,1.7391304347826086,1.5217391304347827,1.3478260869565217,0.7391304347826086,0.2608695652173913,0.13043478260869565,0.08695652173913043,0.08695652173913043,0.0,0.0,1
Ang Kabaw ni lolo,0.2631578947368421,1.736842105263158,1.4736842105263157,1.1578947368421053,0.7368421052631579,0.2631578947368421,0.15789473684210525,0.10526315789473684,0.15789473684210525,0.0,0.0,1
Ang Kaka ni Katkat,0.3333333333333333,1.6666666666666667,1.6666666666666667,1.0,1.0,0.3333333333333333,0.3333333333333333,0.3333333333333333,0.3333333333333333,0.0,0.0,1
Ang Kaka ni Tata,0.25,1.5,1.25,0.75,0.5,0.25,0.0,0.0,0.0,0.0,0.0,1
Ang Kaka,0.05,1.55,1.4,0.5,0.45,0.05,0.0,0.0,0.0,0.0,0.0,1
Ang Kalikupan,0.3333333333333333,2.282051282051282,1.9230769230769231,1.6923076923076923,0.8974358974358975,0.3333333333333333,0.28205128205128205,0.07692307692307693,0.1794871794871795,0.0,0.0,1
Ang Kalo ni Karlo,0.2608695652173913,1.7826086956521738,1.7391304347826086,1.0,0.782608695652174,0.21739130434782608,0.17391304347826086,0.08695652173913043,0.21739130434782608,0.0,0.0,1
Ang Kama ni Mama ug Makmak,0.36363636363636365,1.5454545454545454,1.3636363636363635,0.9090909090909091,0.7272727272727273,0.36363636363636365,0.18181818181818182,0.18181818181818182,0.18181818181818182,0.0,0.0,1
Ang kama,0.2222222222222222,1.5555555555555556,1.3333333333333333,0.7777777777777778,0.5555555555555556,0.2222222222222222,0.0,0.0,0.0,0.0,0.0,1
Ang Kamot ni Momay,0.09523809523809523,1.6666666666666667,1.3333333333333333,1.1428571428571428,0.47619047619047616,0.09523809523809523,0.0,0.0,0.0,0.0,0.0,1
Ang Kanding ni Karding,0.6363636363636364,2.090909090909091,1.7272727272727273,1.7272727272727273,1.1818181818181819,0.6363636363636364,0.36363636363636365,0.36363636363636365,0.4090909090909091,0.18181818181818182,0.0,1
Ang Kanding Ni Pedro,0.45652173913043476,2.072463768115942,1.7826086956521738,1.4492753623188406,0.8913043478260869,0.37681159420289856,0.2608695652173913,0.15942028985507245,0.3188405797101449,0.050724637681159424,0.0,1
Ang Kanta ni Anta,0.4807692307692308,2.25,2.0,1.6346153846153846,0.9807692307692307,0.4230769230769231,0.38461538461538464,0.19230769230769232,0.34615384615384615,0.019230769230769232,0.0,1
Ang kilay ni Kentoy,0.3617021276595745,1.872340425531915,1.6382978723404256,1.1702127659574468,0.7872340425531915,0.3191489361702128,0.23404255319148937,0.1702127659574468,0.23404255319148937,0.0,0.0,1
Ang Kusog nga Linog,0.4666666666666667,2.08,1.7733333333333334,1.52,0.8933333333333333,0.4,0.22666666666666666,0.14666666666666667,0.32,0.02666666666666667,0.0,1
Ang Kwarto Ko,0.475,1.875,1.575,1.325,0.825,0.4,0.25,0.25,0.35,0.05,0.0,1
Ang Langaw,0.4634146341463415,1.853658536585366,1.6829268292682926,1.5853658536585367,0.975609756097561,0.43902439024390244,0.2682926829268293,0.1951219512195122,0.24390243902439024,0.0,0.0,1
Ang Lapis ni Sedes,0.09523809523809523,2.142857142857143,1.9523809523809523,1.8095238095238095,0.9047619047619048,0.09523809523809523,0.09523809523809523,0.0,0.0,0.0,0.0,1
Ang Lima ka Baki,0.03333333333333333,1.5666666666666667,1.5,0.6333333333333333,0.5666666666666667,0.03333333333333333,0.0,0.0,0.0,0.0,0.0,1
Ang Lima ka Managsuon,0.5107913669064749,2.093525179856115,1.7410071942446044,1.5323741007194245,0.8776978417266187,0.4892086330935252,0.302158273381295,0.2158273381294964,0.302158273381295,0.05755395683453238,0.007194244604316547,1
Ang Magtutudlo,0.2857142857142857,2.238095238095238,1.9523809523809523,1.5238095238095237,0.9523809523809523,0.2857142857142857,0.2857142857142857,0.14285714285714285,0.23809523809523808,0.0,0.0,1
Ang Mama ni Tata,0.16666666666666666,1.6666666666666667,1.5,0.8333333333333334,0.6666666666666666,0.16666666666666666,0.0,0.0,0.0,0.0,0.0,1
Ang Mananagat,0.4,1.45,1.1,1.08,0.55,0.26,0.14,0.07,0.19,0.0,0.0,1
Ang Mangga ni Manang Mina,0.43137254901960786,2.0392156862745097,1.7450980392156863,1.4901960784313726,0.9215686274509803,0.37254901960784315,0.29411764705882354,0.17647058823529413,0.3333333333333333,0.0196078431372549,0.0,1
Ang Mangga,0.4722222222222222,1.9166666666666667,1.5555555555555556,1.4444444444444444,0.8333333333333334,0.3888888888888889,0.19444444444444445,0.1388888888888889,0.2777777777777778,0.027777777777777776,0.0,1
Ang Manok,0.125,1.625,1.375,0.9375,0.5625,0.0625,0.0,0.0,0.0625,0.0,0.0,1
Ang Mata ni Matmat,0.5,1.6,1.5,1.1,1.0,0.5,0.4,0.3,0.3,0.0,0.0,1
Ang mata,0.2222222222222222,1.5555555555555556,1.2962962962962963,0.8148148148148148,0.5555555555555556,0.2222222222222222,0.037037037037037035,0.037037037037037035,0.037037037037037035,0.0,0.0,1
Ang mga Bata,0.5714285714285714,1.9714285714285715,1.6571428571428573,1.2571428571428571,0.7428571428571429,0.4857142857142857,0.3142857142857143,0.2,0.4857142857142857,0.11428571428571428,0.05714285714285714,1
Ang mga Isda,0.4782608695652174,2.260869565217391,1.7826086956521738,1.6956521739130435,0.782608695652174,0.43478260869565216,0.21739130434782608,0.08695652173913043,0.34782608695652173,0.08695652173913043,0.0,1
Ang mga Prutas,0.3953488372093023,1.7674418604651163,1.441860465116279,1.302325581395349,0.7209302325581395,0.20930232558139536,0.11627906976744186,0.18604651162790697,0.27906976744186046,0.0,0.0,1
Ang Monyeka,0.29545454545454547,2.3863636363636362,2.022727272727273,1.75,1.0227272727272727,0.2727272727272727,0.22727272727272727,0.11363636363636363,0.1590909090909091,0.0,0.0,1
Ang Ok-ok,0.391304347826087,1.6956521739130435,1.2608695652173914,1.0869565217391304,0.5652173913043478,0.2608695652173913,0.08695652173913043,0.08695652173913043,0.2608695652173913,0.0,0.0,1
Ang Panimalay,0.37735849056603776,2.452830188679245,2.2641509433962264,1.9811320754716981,1.2452830188679245,0.37735849056603776,0.32075471698113206,0.20754716981132076,0.2830188679245283,0.0,0.0,1
Ang Pati ni Pipo,0.30120481927710846,1.8313253012048192,1.5662650602409638,1.1686746987951808,0.6987951807228916,0.27710843373493976,0.13253012048192772,0.10843373493975904,0.1927710843373494,0.012048192771084338,0.0,1
Ang Payag ni Tatay,0.4,1.8222222222222222,1.6222222222222222,1.511111111111111,0.9111111111111111,0.3111111111111111,0.2222222222222222,0.17777777777777778,0.28888888888888886,0.044444444444444446,0.0,1
Ang Plaza,0.46296296296296297,2.240740740740741,1.8333333333333333,1.7222222222222223,0.9629629629629629,0.37037037037037035,0.24074074074074073,0.2037037037037037,0.2777777777777778,0.05555555555555555,0.0,1
Ang Prutas,0.24390243902439024,2.1463414634146343,1.951219512195122,1.5609756097560976,0.9512195121951219,0.14634146341463414,0.12195121951219512,0.0975609756097561,0.17073170731707318,0.0,0.0,1
Ang Regalo,0.3409090909090909,2.1363636363636362,1.9090909090909092,1.3409090909090908,0.8409090909090909,0.3181818181818182,0.22727272727272727,0.06818181818181818,0.22727272727272727,0.0,0.0,1
Ang Relo ni Jelo,0.3359375,1.4765625,1.296875,0.90625,0.578125,0.21875,0.1484375,0.0859375,0.1875,0.015625,0.0,1
Ang Sakyanan,0.5106382978723404,2.297872340425532,2.0851063829787235,2.0,1.1063829787234043,0.40425531914893614,0.3191489361702128,0.2978723404255319,0.44680851063829785,0.02127659574468085,0.0,1
Ang Sapatos,0.2571428571428571,2.057142857142857,1.7142857142857142,1.5142857142857142,0.8428571428571429,0.22857142857142856,0.14285714285714285,0.07142857142857142,0.12857142857142856,0.0,0.0,1
Ang Saya ni Ana,0.24193548387096775,1.9838709677419355,1.6451612903225807,1.3548387096774193,0.7580645161290323,0.20967741935483872,0.11290322580645161,0.06451612903225806,0.11290322580645161,0.0,0.0,1
Ang Saya,0.125,1.75,1.4583333333333333,0.875,0.5416666666666666,0.125,0.0,0.041666666666666664,0.041666666666666664,0.0,0.0,1
Ang Sorpresa,0.4444444444444444,2.1296296296296298,1.8518518518518519,1.6296296296296295,1.0,0.4074074074074074,0.2962962962962963,0.14814814814814814,0.2222222222222222,0.018518518518518517,0.018518518518518517,1
Ang Tabanog ni Isko,0.375,2.175,1.925,1.675,0.975,0.375,0.225,0.15,0.225,0.0,0.0,1
Ang Tabanog,0.1794871794871795,2.051282051282051,1.8461538461538463,1.4615384615384615,0.8461538461538461,0.1282051282051282,0.1282051282051282,0.05128205128205128,0.10256410256410256,0.0,0.0,1
Ang Tam-is nga Mansanas,0.461038961038961,1.8831168831168832,1.6233766233766234,1.2857142857142858,0.7922077922077922,0.38311688311688313,0.2532467532467532,0.19480519480519481,0.34415584415584416,0.05194805194805195,0.012987012987012988,1
Ang Tanaman ni Helen,0.39215686274509803,2.0588235294117645,1.7647058823529411,1.5490196078431373,0.9215686274509803,0.29411764705882354,0.17647058823529413,0.21568627450980393,0.3137254901960784,0.0196078431372549,0.0,1
Ang Tasa,0.3157894736842105,1.5789473684210527,1.3157894736842106,0.7894736842105263,0.5263157894736842,0.21052631578947367,0.0,0.0,0.10526315789473684,0.0,0.0,1
Ang Tsinelas,0.23255813953488372,2.0697674418604652,1.7906976744186047,1.6046511627906976,0.8837209302325582,0.23255813953488372,0.20930232558139536,0.09302325581395349,0.11627906976744186,0.0,0.0,1
Ang Tubig sa Gripo,0.3409090909090909,2.0,1.6590909090909092,1.4772727272727273,0.75,0.2727272727272727,0.11363636363636363,0.1590909090909091,0.1590909090909091,0.0,0.0,1
Ang Tunghaan,0.45,2.375,2.175,1.7,1.075,0.425,0.4,0.175,0.35,0.0,0.0,1
Ang Unlan,0.5625,1.75,1.375,1.5625,0.9375,0.5625,0.25,0.375,0.375,0.0,0.0,1
Ang Upat ka Managsuon,0.3888888888888889,2.388888888888889,2.0,1.9166666666666667,0.8888888888888888,0.3611111111111111,0.2222222222222222,0.08333333333333333,0.16666666666666666,0.0,0.0,1
Ang Utanon,0.4358974358974359,2.3076923076923075,1.9743589743589745,1.8717948717948718,1.0512820512820513,0.41025641025641024,0.23076923076923078,0.15384615384615385,0.28205128205128205,0.07692307692307693,0.0,1
Ang Xylophone,0.5,2.015625,1.84375,1.34375,0.953125,0.40625,0.296875,0.21875,0.375,0.109375,0.0,1
Ang Yoyo,0.0,1.6666666666666667,1.5,0.6666666666666666,0.5833333333333334,0.0,0.0,0.0,0.0,0.0,0.0,1
Atis ug Tambis,0.42105263157894735,1.5263157894736843,1.0526315789473684,1.4736842105263157,0.8421052631578947,0.42105263157894735,0.15789473684210525,0.15789473684210525,0.15789473684210525,0.0,0.0,1
Baha sa Tunghaan sa Inayagan,0.39215686274509803,2.176470588235294,1.8235294117647058,1.4901960784313726,0.8823529411764706,0.35294117647058826,0.27450980392156865,0.13725490196078433,0.29411764705882354,0.0196078431372549,0.0196078431372549,1
Balay ni Maya,0.2631578947368421,1.736842105263158,1.5263157894736843,1.263157894736842,0.8947368421052632,0.2631578947368421,0.15789473684210525,0.15789473684210525,0.15789473684210525,0.0,0.0,1
Barangay Ko Ampingan Ko,0.5060240963855421,1.9759036144578312,1.7590361445783131,1.4819277108433735,0.891566265060241,0.3493975903614458,0.27710843373493976,0.18072289156626506,0.3614457831325301,0.012048192771084338,0.0,1
Buhok ni Mila,0.2857142857142857,1.7142857142857142,1.2142857142857142,1.3928571428571428,0.5714285714285714,0.17857142857142858,0.17857142857142858,0.07142857142857142,0.17857142857142858,0.0,0.0,1
Dagan,0.0,1.8666666666666667,1.8666666666666667,1.5333333333333334,0.8666666666666667,0.0,0.0,0.0,0.0,0.0,0.0,1
Duha ka Higala,0.09259259259259259,1.8888888888888888,1.7222222222222223,1.0740740740740742,0.7222222222222222,0.07407407407407407,0.037037037037037035,0.037037037037037035,0.05555555555555555,0.0,0.0,1
Gaihap ug Iring,0.32857142857142857,1.7,1.3142857142857143,1.0714285714285714,0.6428571428571429,0.3142857142857143,0.3,0.014285714285714285,0.02857142857142857,0.0,0.0,1
Kaka ni Katkat,0.3333333333333333,1.5333333333333334,1.3333333333333333,0.8666666666666667,0.6666666666666666,0.3333333333333333,0.13333333333333333,0.13333333333333333,0.13333333333333333,0.0,0.0,1
Kaka,0.25,1.5,1.25,0.75,0.5,0.25,0.0,0.0,0.0,0.0,0.0,1
Kaloy Mag-uuma,0.19047619047619047,2.142857142857143,1.6666666666666667,1.380952380952381,0.6190476190476191,0.19047619047619047,0.09523809523809523,0.09523809523809523,0.19047619047619047,0.047619047619047616,0.0,1
Kari na ug mulupad!,0.43283582089552236,2.1343283582089554,1.835820895522388,1.8656716417910448,1.0,0.40298507462686567,0.13432835820895522,0.1044776119402985,0.13432835820895522,0.014925373134328358,0.0,1
Kasinatian sa Bukid,0.45544554455445546,1.9306930693069306,1.7524752475247525,1.504950495049505,0.900990099009901,0.44554455445544555,0.36633663366336633,0.1485148514851485,0.22772277227722773,0.0891089108910891,0.0,1
Katkat Ta,0.25,1.5,1.5,0.9166666666666666,0.9166666666666666,0.25,0.25,0.25,0.25,0.0,0.0,1
Kinabuhi sa Alibangbang,0.45,1.9,1.5,1.475,0.8,0.4,0.275,0.175,0.25,0.1,0.0,1
Koko ni Osta,0.25,1.6875,1.3125,0.8125,0.375,0.25,0.0,0.0,0.1875,0.0,0.0,1
Magtutudlo,0.3548387096774194,2.193548387096774,1.7741935483870968,1.5161290322580645,1.032258064516129,0.3225806451612903,0.16129032258064516,0.12903225806451613,0.25806451612903225,0.06451612903225806,0.0,1
Mama sa Kama,0.0,1.75,1.75,0.75,0.75,0.0,0.0,0.0,0.0,0.0,0.0,1
Mama,0.14285714285714285,1.5714285714285714,1.4285714285714286,0.7142857142857143,0.5714285714285714,0.14285714285714285,0.0,0.0,0.0,0.0,0.0,1
Mananom Kita,0.509090909090909,2.2181818181818183,2.0545454545454547,1.7272727272727273,1.1090909090909091,0.41818181818181815,0.34545454545454546,0.18181818181818182,0.36363636363636365,0.07272727272727272,0.01818181818181818,1
Manuroy Kita,0.5,1.9807692307692308,1.8269230769230769,1.5576923076923077,1.0769230769230769,0.40384615384615385,0.28846153846153844,0.3076923076923077,0.34615384615384615,0.057692307692307696,0.0,1
Mao ni si Yoyo Som,0.21818181818181817,1.8,1.509090909090909,1.0363636363636364,0.6181818181818182,0.21818181818181817,0.10909090909090909,0.07272727272727272,0.18181818181818182,0.03636363636363636,0.0,1
Mata ni Dina,0.3157894736842105,1.736842105263158,1.5263157894736843,1.105263157894737,0.7368421052631579,0.21052631578947367,0.21052631578947367,0.05263157894736842,0.15789473684210525,0.0,0.0,1
Matmat,0.3076923076923077,1.6153846153846154,1.4615384615384615,0.9230769230769231,0.7692307692307693,0.3076923076923077,0.15384615384615385,0.15384615384615385,0.15384615384615385,0.0,0.0,1
Mga Pangalan sa Bata,0.2857142857142857,1.8571428571428572,1.8571428571428572,1.4285714285714286,1.2857142857142858,0.2857142857142857,0.2857142857142857,0.2857142857142857,0.2857142857142857,0.0,0.0,1
Nindot nga Ugma,0.46296296296296297,2.0,1.7592592592592593,1.4814814814814814,0.9629629629629629,0.3888888888888889,0.2777777777777778,0.18518518518518517,0.35185185185185186,0.018518518518518517,0.018518518518518517,1
Numero nga Usa hangtod Napulo,0.18518518518518517,2.1666666666666665,1.8888888888888888,1.5185185185185186,0.8888888888888888,0.14814814814814814,0.14814814814814814,0.018518518518518517,0.07407407407407407,0.0,0.0,1
Paglimpyo sa Lawas,0.42857142857142855,2.0714285714285716,1.75,1.5892857142857142,0.9285714285714286,0.375,0.2857142857142857,0.21428571428571427,0.3392857142857143,0.03571428571428571,0.0,1
Pagluto,0.5454545454545454,2.1818181818181817,1.9090909090909092,1.6590909090909092,0.8863636363636364,0.4318181818181818,0.22727272727272727,0.09090909090909091,0.20454545454545456,0.0,0.0,1
Pamilyang Racaza,0.34831460674157305,2.404494382022472,2.101123595505618,1.6629213483146068,0.898876404494382,0.3258426966292135,0.24719101123595505,0.0898876404494382,0.21348314606741572,0.033707865168539325,0.0,1
Prutas sa Basket,0.6666666666666666,1.8571428571428572,1.6666666666666667,1.5238095238095237,0.9523809523809523,0.5714285714285714,0.42857142857142855,0.2857142857142857,0.47619047619047616,0.047619047619047616,0.047619047619047616,1
Prutas ug Gulay,0.358974358974359,1.8461538461538463,1.5384615384615385,1.2820512820512822,0.6666666666666666,0.20512820512820512,0.1794871794871795,0.1282051282051282,0.2564102564102564,0.02564102564102564,0.0,1
Relo ni Willy,0.22580645161290322,2.161290322580645,2.0,1.4516129032258065,1.0,0.22580645161290322,0.16129032258064516,0.03225806451612903,0.06451612903225806,0.0,0.0,1
Sa Dagat,0.42857142857142855,1.6666666666666667,1.380952380952381,1.2857142857142858,0.7619047619047619,0.38095238095238093,0.23809523809523808,0.14285714285714285,0.19047619047619047,0.0,0.0,1
Sa Zoo,0.5576923076923077,2.0,1.5961538461538463,1.4615384615384615,0.8461538461538461,0.5,0.3076923076923077,0.1346153846153846,0.3076923076923077,0.019230769230769232,0.0,1
Saya ni Mama,0.18181818181818182,1.5,1.2272727272727273,0.8636363636363636,0.5909090909090909,0.18181818181818182,0.0,0.0,0.0,0.0,0.0,1
Si Balaraw,0.4533333333333333,2.0844444444444443,1.8133333333333332,1.5022222222222221,0.8488888888888889,0.3288888888888889,0.24444444444444444,0.18666666666666668,0.3466666666666667,0.022222222222222223,0.0,1
Si Boboy ug Dodoy,0.35443037974683544,1.9873417721518987,1.7848101265822784,1.5949367088607596,0.9367088607594937,0.3291139240506329,0.22784810126582278,0.20253164556962025,0.25316455696202533,0.012658227848101266,0.0,1
Si Cardo,0.2830188679245283,1.849056603773585,1.6603773584905661,1.2830188679245282,0.7169811320754716,0.22641509433962265,0.16981132075471697,0.05660377358490566,0.20754716981132076,0.0,0.0,1
Si Diday,0.21739130434782608,1.608695652173913,1.3043478260869565,1.173913043478261,0.5652173913043478,0.21739130434782608,0.08695652173913043,0.043478260869565216,0.043478260869565216,0.0,0.0,1
Si Kabang ug ang Puting Iring,0.5,1.8571428571428572,1.5,1.3571428571428572,0.6746031746031746,0.40476190476190477,0.3253968253968254,0.06349206349206349,0.1984126984126984,0.007936507936507936,0.0,1
Si Kabang,0.3958333333333333,1.9166666666666667,1.5208333333333333,1.3958333333333333,0.6875,0.3333333333333333,0.25,0.041666666666666664,0.14583333333333334,0.0,0.0,1
Si kokoy ug Si Kakay,0.4444444444444444,2.0303030303030303,1.7373737373737375,1.4747474747474747,0.8686868686868687,0.3838383838383838,0.25252525252525254,0.1919191919191919,0.32323232323232326,0.050505050505050504,0.010101010101010102,1
Si kokoy,0.4444444444444444,2.0303030303030303,1.7373737373737375,1.4747474747474747,0.8686868686868687,0.3838383838383838,0.25252525252525254,0.1919191919191919,0.32323232323232326,0.050505050505050504,0.010101010101010102,1
Si Lando,0.46774193548387094,2.3225806451612905,1.903225806451613,1.596774193548387,0.8870967741935484,0.41935483870967744,0.3387096774193548,0.1935483870967742,0.3709677419354839,0.016129032258064516,0.0,1
Si Leny,0.36470588235294116,1.8470588235294119,1.5529411764705883,1.3764705882352941,0.8470588235294118,0.3176470588235294,0.23529411764705882,0.11764705882352941,0.24705882352941178,0.03529411764705882,0.011764705882352941,1
Si Lolo Lito,0.4444444444444444,1.8518518518518519,1.4074074074074074,1.4074074074074074,0.7777777777777778,0.4444444444444444,0.25925925925925924,0.1111111111111111,0.14814814814814814,0.037037037037037035,0.0,1
Si Mama og si Tamtam,0.2727272727272727,1.7272727272727273,1.6363636363636365,1.0,0.9090909090909091,0.2727272727272727,0.18181818181818182,0.18181818181818182,0.18181818181818182,0.0,0.0,1
Si Manang Tina,0.42857142857142855,1.8571428571428572,1.5714285714285714,1.2448979591836735,0.7551020408163265,0.3673469387755102,0.22448979591836735,0.08163265306122448,0.20408163265306123,0.02040816326530612,0.0,1
Si Maring,0.2857142857142857,2.1714285714285713,2.0,1.6571428571428573,1.0285714285714285,0.2857142857142857,0.2857142857142857,0.08571428571428572,0.14285714285714285,0.0,0.0,1
Si Mayde,0.3269230769230769,2.0384615384615383,1.7692307692307692,1.3846153846153846,0.8653846153846154,0.2692307692307692,0.19230769230769232,0.07692307692307693,0.21153846153846154,0.019230769230769232,0.0,1
Si Navy ug si Bora,0.2765957446808511,1.8085106382978724,1.5319148936170213,1.148936170212766,0.7446808510638298,0.2127659574468085,0.1702127659574468,0.0851063829787234,0.10638297872340426,0.02127659574468085,0.02127659574468085,1
Si Nida ug Pina,0.0,1.5294117647058822,1.411764705882353,0.7647058823529411,0.5882352941176471,0.0,0.0,0.0,0.0,0.0,0.0,1
Si Nino,0.4444444444444444,2.074074074074074,1.8518518518518519,1.5555555555555556,1.0,0.42592592592592593,0.3333333333333333,0.2777777777777778,0.3333333333333333,0.07407407407407407,0.037037037037037035,1
Si Ola ug Oli,0.047619047619047616,1.6666666666666667,1.2857142857142858,0.8095238095238095,0.38095238095238093,0.047619047619047616,0.0,0.0,0.0,0.0,0.0,1
Si Osta,0.38461538461538464,1.8461538461538463,1.5384615384615385,0.9230769230769231,0.5384615384615384,0.38461538461538464,0.07692307692307693,0.07692307692307693,0.38461538461538464,0.0,0.0,1
Si Susan,0.45652173913043476,1.9565217391304348,1.6521739130434783,1.3369565217391304,0.7608695652173914,0.2826086956521739,0.21739130434782608,0.17391304347826086,0.3695652173913043,0.021739130434782608,0.0,1
Si Tata,0.0,1.7727272727272727,1.5,0.8181818181818182,0.45454545454545453,0.0,0.0,0.0,0.0,0.0,0.0,1
Si Tatay Marlito,0.3181818181818182,2.196969696969697,1.9242424242424243,1.4242424242424243,0.9090909090909091,0.30303030303030304,0.19696969696969696,0.18181818181818182,0.30303030303030304,0.015151515151515152,0.0,1
Si Trining,0.48936170212765956,2.021276595744681,1.8085106382978724,1.3829787234042554,0.8297872340425532,0.3829787234042553,0.2978723404255319,0.2127659574468085,0.3829787234042553,0.02127659574468085,0.02127659574468085,1
Si Yuko,0.15,1.8,1.6,1.0,0.75,0.15,0.1,0.0,0.1,0.0,0.0,1
Suroy-Suroy sa Tamnanan,0.5054347826086957,1.9782608695652173,1.5434782608695652,1.2717391304347827,0.6956521739130435,0.3804347826086957,0.2717391304347826,0.10326086956521739,0.33152173913043476,0.05434782608695652,0.0,1
Tagu-Tagu,0.37735849056603776,1.9245283018867925,1.6981132075471699,1.320754716981132,0.8679245283018868,0.32075471698113206,0.20754716981132076,0.09433962264150944,0.20754716981132076,0.03773584905660377,0.0,1
Trak ni Nino,0.1724137931034483,1.9310344827586208,1.8620689655172413,1.3793103448275863,0.9655172413793104,0.10344827586206896,0.06896551724137931,0.13793103448275862,0.13793103448275862,0.0,0.0,1
Tumba Lata,0.375,2.125,1.71875,1.6875,0.96875,0.3125,0.125,0.21875,0.21875,0.0,0.0,1
Tunghaan,0.5121951219512195,2.024390243902439,1.7317073170731707,1.4146341463414633,0.8780487804878049,0.4146341463414634,0.2926829268292683,0.17073170731707318,0.36585365853658536,0.07317073170731707,0.024390243902439025,1
Unang mga Bulok,0.2608695652173913,1.7391304347826086,1.434782608695652,1.434782608695652,0.782608695652174,0.21739130434782608,0.13043478260869565,0.08695652173913043,0.13043478260869565,0.0,0.0,1
Unlan ug Habol,0.3684210526315789,1.5789473684210527,1.1578947368421053,1.4210526315789473,0.6842105263157895,0.3684210526315789,0.0,0.15789473684210525,0.15789473684210525,0.0,0.0,1
Unsa Nga Kahoy Kini,0.391304347826087,1.9420289855072463,1.6521739130434783,1.434782608695652,0.855072463768116,0.34782608695652173,0.2318840579710145,0.13043478260869565,0.2028985507246377,0.043478260869565216,0.0,1
Usa ka Malipayong Adlaw sa Umahan,0.5217391304347826,1.9891304347826086,1.6195652173913044,1.5434782608695652,0.9021739130434783,0.391304347826087,0.2608695652173913,0.21739130434782608,0.32608695652173914,0.043478260869565216,0.0,1
Vase ni Queenie,0.2833333333333333,2.15,1.7166666666666666,1.3833333333333333,0.7833333333333333,0.23333333333333334,0.15,0.1,0.18333333333333332,0.0,0.0,1
Akong Mama ug Ako,0.4634146341463415,2.3902439024390243,2.0365853658536586,1.7560975609756098,1.0,0.3902439024390244,0.35365853658536583,0.1951219512195122,0.35365853658536583,0.024390243902439025,0.0,2
Ang Adlaw na Niulan og Isda,0.4908424908424908,1.9413919413919414,1.6373626373626373,1.36996336996337,0.7948717948717948,0.39194139194139194,0.2893772893772894,0.17216117216117216,0.3626373626373626,0.02564102564102564,0.003663003663003663,2
Ang Akong Damgo,0.4909090909090909,2.2363636363636363,1.981818181818182,1.7636363636363637,1.0727272727272728,0.43636363636363634,0.36363636363636365,0.2,0.32727272727272727,0.07272727272727272,0.0,2
Ang Akong Eskwelahan,0.6231884057971014,2.1884057971014492,1.7246376811594204,1.5072463768115942,0.782608695652174,0.5217391304347826,0.2318840579710145,0.2028985507246377,0.463768115942029,0.043478260869565216,0.0,2
Ang Akong Manok,0.38095238095238093,2.0952380952380953,1.7301587301587302,1.5238095238095237,0.9206349206349206,0.3333333333333333,0.23809523809523808,0.19047619047619047,0.2857142857142857,0.0,0.0,2
Ang Akong Mga Anak,0.4594594594594595,2.0675675675675675,1.5945945945945945,1.4594594594594594,0.7567567567567568,0.3918918918918919,0.21621621621621623,0.12162162162162163,0.28378378378378377,0.06756756756756757,0.0,2
Ang Akong Pamilya,0.3655913978494624,2.2580645161290325,2.032258064516129,1.575268817204301,1.021505376344086,0.3387096774193548,0.27419354838709675,0.14516129032258066,0.27419354838709675,0.04838709677419355,0.005376344086021506,2
Ang Akong Suod Nga Higala,0.48148148148148145,1.9814814814814814,1.6851851851851851,1.3333333333333333,0.7777777777777778,0.3333333333333333,0.24074074074074073,0.16666666666666666,0.3333333333333333,0.05555555555555555,0.0,2
Ang Akong Tatay ug Nanay,0.18840579710144928,1.8985507246376812,1.6956521739130435,1.4057971014492754,0.8115942028985508,0.17391304347826086,0.13043478260869565,0.057971014492753624,0.08695652173913043,0.0,0.0,2
Ang Among Iring,0.56,1.9066666666666667,1.4,1.3333333333333333,0.68,0.4266666666666667,0.30666666666666664,0.10666666666666667,0.25333333333333335,0.02666666666666667,0.0,2
Ang Among Lungsod sa Cordova,0.5824175824175825,2.2857142857142856,1.9926739926739927,1.6373626373626373,1.021978021978022,0.4945054945054945,0.3772893772893773,0.26373626373626374,0.4652014652014652,0.040293040293040296,0.007326007326007326,2
Ang Baha sa Siyudad,0.32954545454545453,1.9659090909090908,1.7272727272727273,1.4090909090909092,0.8522727272727273,0.2727272727272727,0.14772727272727273,0.17045454545454544,0.22727272727272727,0.022727272727272728,0.0,2
Ang Baha,0.4576271186440678,2.0847457627118646,1.7372881355932204,1.6694915254237288,0.9067796610169492,0.4322033898305085,0.2457627118644068,0.1440677966101695,0.2711864406779661,0.03389830508474576,0.0,2
Ang Barangay Kalipay,0.38461538461538464,2.0683760683760686,1.811965811965812,1.452991452991453,0.8974358974358975,0.3162393162393162,0.2222222222222222,0.1794871794871795,0.26495726495726496,0.07692307692307693,0.0,2
Ang Bata,0.4666666666666667,1.9333333333333333,1.8,1.511111111111111,0.9777777777777777,0.26666666666666666,0.24444444444444444,0.2222222222222222,0.37777777777777777,0.022222222222222223,0.0,2
Ang Batang Bayani,0.32679738562091504,2.1633986928104574,1.9542483660130718,1.65359477124183,0.9869281045751634,0.27450980392156865,0.1895424836601307,0.1503267973856209,0.20915032679738563,0.0196078431372549,0.0,2
Ang Batang Kugihan,0.5691489361702128,2.3138297872340425,1.9840425531914894,1.702127659574468,1.0,0.5159574468085106,0.34574468085106386,0.2393617021276596,0.3723404255319149,0.047872340425531915,0.015957446808510637,2
Ang Batang Maldito,0.25892857142857145,2.142857142857143,1.7232142857142858,1.4642857142857142,0.7232142857142857,0.23214285714285715,0.19642857142857142,0.08928571428571429,0.1875,0.026785714285714284,0.0,2
Ang Butang na Nalimtan,0.4791666666666667,2.2708333333333335,1.9166666666666667,1.7083333333333333,1.0,0.4791666666666667,0.25,0.22916666666666666,0.3541666666666667,0.041666666666666664,0.020833333333333332,2
Ang Computer,0.34513274336283184,2.2389380530973453,1.8584070796460177,1.6725663716814159,0.8849557522123894,0.23893805309734514,0.19469026548672566,0.08849557522123894,0.20353982300884957,0.0,0.0,2
Ang Dag-om sa Kalangitan,0.4429530201342282,1.7718120805369129,1.476510067114094,1.3020134228187918,0.7449664429530202,0.3422818791946309,0.21476510067114093,0.18120805369127516,0.26174496644295303,0.06040268456375839,0.006711409395973154,2
Ang Dako ug Balhibuong Khyaa,0.4785276073619632,1.852760736196319,1.5030674846625767,1.098159509202454,0.6380368098159509,0.3558282208588957,0.2331288343558282,0.15950920245398773,0.3128834355828221,0.03067484662576687,0.018404907975460124,2
Ang Inahan,0.26666666666666666,2.1777777777777776,1.9333333333333333,1.5777777777777777,0.8444444444444444,0.13333333333333333,0.1111111111111111,0.022222222222222223,0.17777777777777778,0.0,0.0,2
Ang Iro ni Miro,0.23076923076923078,2.076923076923077,1.75,1.3461538461538463,0.75,0.19230769230769232,0.17307692307692307,0.07692307692307693,0.17307692307692307,0.0,0.0,2
Ang Kabaw sa Bukid,0.22535211267605634,1.971830985915493,1.7183098591549295,1.4788732394366197,0.8591549295774648,0.19718309859154928,0.1267605633802817,0.09859154929577464,0.16901408450704225,0.0,0.0,2
Ang Kinabuhi ni Edwards,0.48739495798319327,2.100840336134454,1.781512605042017,1.5546218487394958,0.8739495798319328,0.42857142857142855,0.25210084033613445,0.16806722689075632,0.2857142857142857,0.1092436974789916,0.0,2
Ang Klasmet kong Buta,0.4406779661016949,1.8983050847457628,1.6271186440677967,1.2203389830508475,0.7796610169491526,0.3389830508474576,0.2711864406779661,0.1016949152542373,0.3050847457627119,0.01694915254237288,0.0,2
Ang Langub sa Igutan,0.36082474226804123,2.195876288659794,2.0,1.5876288659793814,1.0103092783505154,0.29896907216494845,0.23711340206185566,0.20618556701030927,0.28865979381443296,0.020618556701030927,0.0,2
Ang Lapis,0.35555555555555557,2.0,1.6111111111111112,1.488888888888889,0.7555555555555555,0.26666666666666666,0.14444444444444443,0.12222222222222222,0.2222222222222222,0.011111111111111112,0.0,2
Ang Makililimos,0.3106796116504854,2.4271844660194173,2.0388349514563107,1.883495145631068,1.0388349514563107,0.30097087378640774,0.20388349514563106,0.07766990291262135,0.1262135922330097,0.009708737864077669,0.0,2
Ang Managhigalang Alibangbang,0.6,2.18125,1.8875,1.56875,0.9125,0.49375,0.38125,0.25,0.3875,0.06875,0.0,2
Ang Mga Hayop sa Bukid,0.33663366336633666,2.1782178217821784,1.7722772277227723,1.5445544554455446,0.8811881188118812,0.32673267326732675,0.19801980198019803,0.1782178217821782,0.24752475247524752,0.0297029702970297,0.0,2
Ang mga kahoy,0.3813559322033898,1.9576271186440677,1.7033898305084745,1.5677966101694916,0.8898305084745762,0.2966101694915254,0.19491525423728814,0.1016949152542373,0.1864406779661017,0.00847457627118644,0.0,2
Ang mga Magulang ug Manghud nga,0.5877192982456141,1.7280701754385965,1.4824561403508771,1.2017543859649122,0.7894736842105263,0.45614035087719296,0.3333333333333333,0.16666666666666666,0.3508771929824561,0.03508771929824561,0.0,2
Ang Ngipon ni Nilo,0.4143835616438356,2.1198630136986303,1.8527397260273972,1.5445205479452055,0.9383561643835616,0.3321917808219178,0.23972602739726026,0.1952054794520548,0.3116438356164384,0.0136986301369863,0.003424657534246575,2
Ang Pag-apil ni Sutiha sa Lalumba sang Karang,0.46179401993355484,2.0398671096345513,1.7375415282392026,1.318936877076412,0.7342192691029901,0.30564784053156147,0.2059800664451827,0.17275747508305647,0.3654485049833887,0.023255813953488372,0.0033222591362126247,2
Ang Pagkiay ni Ikay,0.49056603773584906,2.1037735849056602,1.7169811320754718,1.5754716981132075,0.9150943396226415,0.41509433962264153,0.2641509433962264,0.1792452830188679,0.3018867924528302,0.05660377358490566,0.009433962264150943,2
Ang Pagluwas sa Kinaiyahan,0.5563139931740614,2.2525597269624575,1.9522184300341296,1.7201365187713311,1.0,0.46757679180887374,0.3242320819112628,0.22525597269624573,0.3993174061433447,0.040955631399317405,0.0,2
Ang Pagsisipilyo Dili Sadya,0.4760522496371553,2.0130624092888243,1.7111756168359942,1.4644412191582004,0.8780841799709724,0.43541364296081275,0.2946298984034833,0.18867924528301888,0.29172714078374457,0.05805515239477504,0.001451378809869376,2
Ang Pamilya Villa,0.5531914893617021,2.0425531914893615,1.8085106382978724,1.3404255319148937,0.7872340425531915,0.46808510638297873,0.2765957446808511,0.14893617021276595,0.40425531914893614,0.06382978723404255,0.0,2
Ang Panahon,0.3950617283950617,2.074074074074074,1.6296296296296295,1.6049382716049383,0.8888888888888888,0.37037037037037035,0.16049382716049382,0.13580246913580246,0.1728395061728395,0.012345679012345678,0.0,2
Ang Panganod nga Basura,0.4636363636363636,2.109090909090909,1.8022727272727272,1.5318181818181817,0.8431818181818181,0.3477272727272727,0.225,0.16590909090909092,0.31022727272727274,0.029545454545454545,0.004545454545454545,2
Ang Prinsipe ug ang Tigre,0.4977973568281938,1.9559471365638768,1.7092511013215859,1.3480176211453745,0.8061674008810573,0.3656387665198238,0.2665198237885463,0.14317180616740088,0.33480176211453744,0.06167400881057269,0.015418502202643172,2
Ang punuan sa kumpang,0.5985915492957746,1.9788732394366197,1.732394366197183,1.4859154929577465,0.9366197183098591,0.528169014084507,0.30985915492957744,0.2323943661971831,0.323943661971831,0.11971830985915492,0.0,2
Ang Regalo ni Lito ug Selo,0.4032258064516129,2.088709677419355,1.7983870967741935,1.5564516129032258,1.0,0.3709677419354839,0.31451612903225806,0.14516129032258066,0.20967741935483872,0.016129032258064516,0.0,2
Ang regalong relo,0.3815789473684211,1.9078947368421053,1.7236842105263157,1.4342105263157894,0.8881578947368421,0.34210526315789475,0.23684210526315788,0.11842105263157894,0.18421052631578946,0.03289473684210526,0.0,2
Ang Sista ni Tatay,0.5,2.0535714285714284,1.8928571428571428,1.4821428571428572,0.9285714285714286,0.42857142857142855,0.30357142857142855,0.16071428571428573,0.375,0.08928571428571429,0.0,2
Ang Sudlay ni Pipay,0.3333333333333333,1.9393939393939394,1.7575757575757576,1.5151515151515151,0.9393939393939394,0.30303030303030304,0.24242424242424243,0.12121212121212122,0.15151515151515152,0.0,0.0,2
Ang Sulod sa Libro,0.34674922600619196,1.9287925696594428,1.5758513931888545,1.2910216718266254,0.7089783281733746,0.25696594427244585,0.17647058823529413,0.0804953560371517,0.20123839009287925,0.01238390092879257,0.009287925696594427,2
Ang Sulondon nga Bata,0.4,2.3225806451612905,2.0709677419354837,1.7096774193548387,1.032258064516129,0.36774193548387096,0.27741935483870966,0.16774193548387098,0.2903225806451613,0.025806451612903226,0.0,2
Ang Sulti ni Nanay,0.553763440860215,2.1451612903225805,1.935483870967742,1.6559139784946237,1.0053763440860215,0.478494623655914,0.40860215053763443,0.21505376344086022,0.34408602150537637,0.026881720430107527,0.0,2
Ang Suod nga Managhigala,0.3765432098765432,2.302469135802469,2.04320987654321,1.691358024691358,0.9938271604938271,0.32098765432098764,0.25308641975308643,0.19135802469135801,0.2654320987654321,0.012345679012345678,0.0,2
Ang Tinubdan,0.36486486486486486,2.1486486486486487,1.9189189189189189,1.554054054054054,0.9459459459459459,0.28378378378378377,0.22972972972972974,0.17567567567567569,0.3108108108108108,0.02702702702702703,0.0,2
Ang Trabahanteng Olmigas,0.5735294117647058,2.1911764705882355,1.7647058823529411,1.588235294117647,0.8970588235294118,0.47058823529411764,0.3088235294117647,0.25,0.39705882352941174,0.04411764705882353,0.0,2
Ang Tuna ug ang Pula nga Lumot,0.39436619718309857,1.8450704225352113,1.5937161430119176,1.2470205850487541,0.7540628385698809,0.2914409534127844,0.218851570964247,0.1256771397616468,0.27735644637053086,0.021668472372697724,0.0010834236186348862,2
Ang Una Na Operasyon ni Dr Sokha,0.4458413926499033,1.9497098646034816,1.6740812379110253,1.3500967117988394,0.811411992263056,0.3607350096711799,0.26595744680851063,0.13733075435203096,0.2978723404255319,0.0183752417794971,0.0019342359767891683,2
Ang Unlan ni Nanay,0.44680851063829785,1.7659574468085106,1.425531914893617,1.4893617021276595,0.7659574468085106,0.3829787234042553,0.1276595744680851,0.23404255319148937,0.2978723404255319,0.0,0.0,2
Ang Upat ka Hayop,0.23853211009174313,2.1376146788990824,1.8623853211009174,1.5504587155963303,0.8440366972477065,0.1834862385321101,0.11009174311926606,0.10091743119266056,0.1559633027522936,0.009174311926605505,0.0,2
Ang Valentines Card,0.4077669902912621,1.8058252427184467,1.4951456310679612,1.3883495145631068,0.7378640776699029,0.32524271844660196,0.21844660194174756,0.1262135922330097,0.21844660194174756,0.0,0.0,2
Ang Wati,0.40772532188841204,1.9656652360515021,1.742489270386266,1.351931330472103,0.8626609442060086,0.3261802575107296,0.21030042918454936,0.11158798283261803,0.22317596566523606,0.030042918454935622,0.008583690987124463,2
Ayaw Patinguga ang Kampana,0.4197952218430034,2.0102389078498293,1.78839590443686,1.4129692832764504,0.825938566552901,0.3447098976109215,0.2525597269624573,0.15017064846416384,0.25597269624573377,0.020477815699658702,0.0,2
Baryo Rosas,0.5477855477855478,1.951048951048951,1.6573426573426573,1.4172494172494172,0.7948717948717948,0.4219114219114219,0.289044289044289,0.1258741258741259,0.3333333333333333,0.006993006993006993,0.0,2
Basketbol,0.5185185185185185,2.037037037037037,1.8518518518518519,1.462962962962963,1.0925925925925926,0.46296296296296297,0.2777777777777778,0.24074074074074073,0.37037037037037035,0.14814814814814814,0.0,2
Cilly Cellphone,0.29347826086956524,1.7934782608695652,1.5706521739130435,1.1358695652173914,0.7445652173913043,0.27717391304347827,0.22282608695652173,0.11956521739130435,0.1358695652173913,0.005434782608695652,0.0,2
Computer,0.45535714285714285,2.0714285714285716,1.8035714285714286,1.5178571428571428,0.9196428571428571,0.39285714285714285,0.3125,0.1875,0.32142857142857145,0.026785714285714284,0.0,2
Eskwelahan,0.5492957746478874,2.464788732394366,2.1971830985915495,1.971830985915493,1.2112676056338028,0.4507042253521127,0.3380281690140845,0.2676056338028169,0.4788732394366197,0.028169014084507043,0.0,2
Gutom Kaayo Ko,0.3128834355828221,2.1717791411042944,1.6748466257668713,1.5337423312883436,0.7914110429447853,0.294478527607362,0.18404907975460122,0.10429447852760736,0.1656441717791411,0.0,0.0,2
Himsog nga Lawas,0.72,2.38,2.18,1.78,1.24,0.58,0.4,0.36,0.62,0.12,0.02,2
Hoy Makaw,0.4083333333333333,1.925,1.6666666666666667,1.6166666666666667,0.9416666666666667,0.2833333333333333,0.20833333333333334,0.11666666666666667,0.2833333333333333,0.016666666666666666,0.0,2
Importante ang Gatas,0.448,1.928,1.712,1.368,0.816,0.256,0.136,0.144,0.352,0.048,0.008,2
Kaya Sad na ni Duma,0.2215909090909091,1.8522727272727273,1.6534090909090908,1.1420454545454546,0.7159090909090909,0.18181818181818182,0.09659090909090909,0.06818181818181818,0.125,0.017045454545454544,0.0,2
Kinsa ang Mahimo Nakong Maestro sa Abri-klase,0.5323741007194245,1.9496402877697843,1.683453237410072,1.4028776978417266,0.8776978417266187,0.4244604316546763,0.2949640287769784,0.19424460431654678,0.3597122302158273,0.050359712230215826,0.014388489208633094,2
Lights Camera Action,0.5228571428571429,2.12,1.7638095238095237,1.4980952380952381,0.8666666666666667,0.4247619047619048,0.2695238095238095,0.22,0.37238095238095237,0.030476190476190476,0.0,2
Maanindot nga Kamot,0.5325443786982249,2.171597633136095,1.863905325443787,1.514792899408284,0.8757396449704142,0.4319526627218935,0.27218934911242604,0.1834319526627219,0.3727810650887574,0.047337278106508875,0.011834319526627219,2
Manong Puso,0.38380281690140844,2.0528169014084505,1.7394366197183098,1.4647887323943662,0.8274647887323944,0.31690140845070425,0.23591549295774647,0.15140845070422534,0.22887323943661972,0.017605633802816902,0.0035211267605633804,2
Mga Bituon,0.5274725274725275,2.1758241758241756,1.9120879120879122,1.6483516483516483,0.989010989010989,0.43956043956043955,0.32967032967032966,0.18681318681318682,0.3626373626373626,0.054945054945054944,0.01098901098901099,2
Nangutana ang Magtutudlo,0.5760869565217391,2.010869565217391,1.4673913043478262,1.5543478260869565,0.7717391304347826,0.5543478260869565,0.358695652173913,0.14130434782608695,0.2608695652173913,0.021739130434782608,0.0,2
Oras Na,0.3563218390804598,2.0919540229885056,1.7701149425287357,1.4022988505747127,0.8390804597701149,0.3448275862068966,0.26436781609195403,0.1724137931034483,0.25287356321839083,0.04597701149425287,0.011494252873563218,2
Pagdali-dali sa mga Drayber,0.6111111111111112,2.037037037037037,1.845679012345679,1.5617283950617284,0.9691358024691358,0.4567901234567901,0.345679012345679,0.24691358024691357,0.35802469135802467,0.030864197530864196,0.0,2
Pagligid,0.21505376344086022,2.0,1.924731182795699,1.4946236559139785,1.064516129032258,0.21505376344086022,0.17204301075268819,0.053763440860215055,0.10752688172043011,0.0,0.0,2
Pagsuroy-suroy sa Zoo,0.37254901960784315,1.9803921568627452,1.6372549019607843,1.4705882352941178,0.7843137254901961,0.30392156862745096,0.24509803921568626,0.19607843137254902,0.27450980392156865,0.00980392156862745,0.0,2
Sa Among Bukid,0.5172413793103449,2.103448275862069,1.8045977011494252,1.632183908045977,0.9770114942528736,0.42528735632183906,0.3218390804597701,0.19540229885057472,0.3103448275862069,0.04597701149425287,0.0,2
Sa Merkado,0.20454545454545456,1.9659090909090908,1.7045454545454546,1.3295454545454546,0.8068181818181818,0.19318181818181818,0.125,0.09090909090909091,0.17045454545454544,0.0,0.0,2
Sakong Mga Kamot,0.3,1.8875,1.675,1.1375,0.7125,0.225,0.1625,0.1,0.2625,0.025,0.0,2
Si Baboy,0.4063926940639269,2.1689497716894977,1.8995433789954337,1.6255707762557077,0.954337899543379,0.3698630136986301,0.2511415525114155,0.1278538812785388,0.2465753424657534,0.0319634703196347,0.0,2
Si Bantay ug Iyang Amigo,0.40476190476190477,1.880952380952381,1.619047619047619,1.0952380952380953,0.6428571428571429,0.19047619047619047,0.16666666666666666,0.14285714285714285,0.3333333333333333,0.047619047619047616,0.047619047619047616,2
Si Benny ug si Betty,0.3654485049833887,2.0631229235880397,1.7674418604651163,1.4651162790697674,0.8970099667774086,0.3222591362126246,0.2558139534883721,0.11627906976744186,0.1760797342192691,0.006644518272425249,0.0,2
Si Chisay,0.40540540540540543,2.108108108108108,1.7837837837837838,1.4864864864864864,0.7567567567567568,0.2702702702702703,0.13513513513513514,0.21621621621621623,0.2702702702702703,0.0,0.0,2
Si Dexter,0.40425531914893614,1.9148936170212767,1.7375886524822695,1.425531914893617,0.8936170212765957,0.375886524822695,0.28368794326241137,0.1773049645390071,0.24113475177304963,0.014184397163120567,0.0,2
Si Jojo,0.44680851063829785,2.0141843971631204,1.8156028368794326,1.3829787234042554,0.8865248226950354,0.3120567375886525,0.2127659574468085,0.2198581560283688,0.3049645390070922,0.014184397163120567,0.0,2
Si Kaba-kabaGuryon ug Maya,0.38095238095238093,2.168831168831169,1.9264069264069263,1.5108225108225108,0.9783549783549783,0.341991341991342,0.23376623376623376,0.20346320346320346,0.30303030303030304,0.017316017316017316,0.0,2
Si Ken ug Si Sandy,0.396078431372549,2.0941176470588236,1.8549019607843138,1.4549019607843137,0.9137254901960784,0.3333333333333333,0.25098039215686274,0.1568627450980392,0.27058823529411763,0.03529411764705882,0.00784313725490196,2
Si Lalu ang Kuwago,0.4948453608247423,1.9484536082474226,1.6288659793814433,1.4948453608247423,0.8144329896907216,0.3402061855670103,0.23711340206185566,0.12371134020618557,0.2268041237113402,0.041237113402061855,0.0,2
Si Lito,0.3780487804878049,2.024390243902439,1.670731707317073,1.451219512195122,0.7560975609756098,0.3048780487804878,0.1951219512195122,0.10975609756097561,0.21951219512195122,0.012195121951219513,0.012195121951219513,2
Si Nikko og ang nating baka,0.37735849056603776,2.0251572327044025,1.7924528301886793,1.3962264150943395,0.8742138364779874,0.34591194968553457,0.23270440251572327,0.1069182389937107,0.22012578616352202,0.012578616352201259,0.0,2
Si Pila ug Pilo Koneho,0.25663716814159293,2.079646017699115,1.9380530973451326,1.4690265486725664,0.9646017699115044,0.21238938053097345,0.19469026548672566,0.13274336283185842,0.18584070796460178,0.0,0.0,2
Si Susing Kanding,0.5492957746478874,2.028169014084507,1.7535211267605635,1.5070422535211268,0.9154929577464789,0.5140845070422535,0.3732394366197183,0.20422535211267606,0.2676056338028169,0.07746478873239436,0.0,2
Si Zeny ug Bogi,0.16901408450704225,1.6901408450704225,1.5070422535211268,0.9859154929577465,0.6901408450704225,0.16901408450704225,0.16901408450704225,0.056338028169014086,0.056338028169014086,0.0,0.0,2
Unsay naa sa Aninipot,0.4881516587677725,1.962085308056872,1.7014218009478672,1.3838862559241707,0.8199052132701422,0.33649289099526064,0.22274881516587677,0.17535545023696683,0.3127962085308057,0.018957345971563982,0.004739336492890996,2
Usa ka Batang Babaye na Nagtubo,0.3974358974358974,2.08974358974359,1.7692307692307692,1.4102564102564104,0.6923076923076923,0.32051282051282054,0.2564102564102564,0.10256410256410256,0.24358974358974358,0.0,0.0,2
Ang Atup nga Hardin,0.4128787878787879,1.9318181818181819,1.643939393939394,1.4015151515151516,0.8125,0.3068181818181818,0.22537878787878787,0.1268939393939394,0.26515151515151514,0.011363636363636364,0.0,3
Ang Bag ong Silingan ni Sambag,0.43018018018018017,1.9594594594594594,1.7072072072072073,1.3873873873873874,0.8445945945945946,0.35585585585585583,0.2635135135135135,0.17792792792792791,0.2882882882882883,0.013513513513513514,0.0,3
Ang Bala ni Nonoy,0.3706896551724138,1.956896551724138,1.6810344827586208,1.4310344827586208,0.7931034482758621,0.3017241379310345,0.20689655172413793,0.09482758620689655,0.23275862068965517,0.008620689655172414,0.0,3
Ang Bandila sa Pilipinas,0.5127118644067796,2.080508474576271,1.7542372881355932,1.4618644067796611,0.8686440677966102,0.4025423728813559,0.25,0.22033898305084745,0.3728813559322034,0.05508474576271186,0.00423728813559322,3
Ang Buangon nga Manok,0.436498150431566,2.029593094944513,1.7669543773119605,1.4414303329223181,0.8446362515413071,0.3366214549938348,0.2379778051787916,0.16769420468557336,0.31689272503082616,0.036991368680641186,0.01972872996300863,3
Ang Bulan ug ang Kalo,0.4320388349514563,1.941747572815534,1.6407766990291262,1.3883495145631068,0.8300970873786407,0.35436893203883496,0.25728155339805825,0.13592233009708737,0.24271844660194175,0.019417475728155338,0.0,3
Ang Daku nga Panghunuhuna ni Darshana,0.5120481927710844,1.9799196787148594,1.714859437751004,1.3694779116465863,0.8554216867469879,0.4036144578313253,0.3002008032128514,0.20783132530120482,0.37248995983935745,0.04116465863453815,0.0,3
Ang Damgu,0.3770491803278688,1.9180327868852458,1.5655737704918034,1.4426229508196722,0.7704918032786885,0.29508196721311475,0.1885245901639344,0.09836065573770492,0.21311475409836064,0.01639344262295082,0.00819672131147541,3
Ang Dollhouse,0.5173674588665448,2.012797074954296,1.6928702010968921,1.3747714808043876,0.8519195612431444,0.4296160877513711,0.30895795246800734,0.20292504570383912,0.3711151736745887,0.029250457038391225,0.009140767824497258,3
Ang Elepante sa Akong Balay,0.3431818181818182,2.0,1.6863636363636363,1.481818181818182,0.775,0.28863636363636364,0.20454545454545456,0.1,0.21363636363636362,0.00909090909090909,0.0,3
Ang Espesyal nga Dram,0.4686192468619247,1.9079497907949792,1.5439330543933054,1.4518828451882846,0.8744769874476988,0.38493723849372385,0.24267782426778242,0.200836820083682,0.2928870292887029,0.029288702928870293,0.0,3
Ang Galutaw nga Tanaman,0.46511627906976744,2.037567084078712,1.6815742397137745,1.4740608228980323,0.8407871198568873,0.3935599284436494,0.25402504472271914,0.1449016100178891,0.3023255813953488,0.026833631484794274,0.0017889087656529517,3
Ang Gamay nga Uwak,0.43352601156069365,1.930635838150289,1.5317919075144508,1.4219653179190752,0.7514450867052023,0.31213872832369943,0.21965317919075145,0.11560693641618497,0.24855491329479767,0.005780346820809248,0.0,3
Ang Go Bag ni Buboy,0.4708994708994709,1.8941798941798942,1.6455026455026456,1.4497354497354498,0.8518518518518519,0.36507936507936506,0.30158730158730157,0.14814814814814814,0.19047619047619047,0.026455026455026454,0.005291005291005291,3
Ang Gusto ni Unni,0.48005908419497784,1.951255539143279,1.6632200886262924,1.3234859675036927,0.7488921713441654,0.3810930576070901,0.2378138847858198,0.172821270310192,0.35302806499261447,0.047267355982274745,0.008862629246676515,3
Ang Higante nga Bentelador,0.3883720930232558,1.8604651162790697,1.6023255813953488,1.4,0.858139534883721,0.34418604651162793,0.24186046511627907,0.16046511627906976,0.2441860465116279,0.011627906976744186,0.002325581395348837,3
Ang Humanitarian,0.5507246376811594,2.004830917874396,1.7222222222222223,1.3816425120772946,0.8043478260869565,0.3671497584541063,0.24154589371980675,0.1642512077294686,0.391304347826087,0.028985507246376812,0.0024154589371980675,3
Ang Ilaga ug Baki nang itag Mangga,0.39285714285714285,1.9846938775510203,1.6377551020408163,1.3061224489795917,0.75,0.3163265306122449,0.19387755102040816,0.11734693877551021,0.25,0.015306122448979591,0.00510204081632653,3
Ang Iro ni Dennis,0.4506172839506173,1.9567901234567902,1.7901234567901234,1.4012345679012346,0.9320987654320988,0.43209876543209874,0.35802469135802467,0.1728395061728395,0.30864197530864196,0.018518518518518517,0.0,3
Ang Isog nga Langgam,0.43478260869565216,1.965675057208238,1.677345537757437,1.366132723112128,0.8032036613272311,0.34553775743707094,0.2334096109839817,0.15560640732265446,0.2791762013729977,0.020594965675057208,0.0,3
Ang Kahayag sa Buwan,0.35555555555555557,2.1,1.9222222222222223,1.6777777777777778,1.0,0.3333333333333333,0.2222222222222222,0.16666666666666666,0.23333333333333334,0.044444444444444446,0.011111111111111112,3
Ang Konsyerto Para sa Tinginit,0.6565977742448331,2.0317965023847377,1.7329093799682036,1.5357710651828298,0.9475357710651828,0.5421303656597775,0.3688394276629571,0.27503974562798095,0.46740858505564387,0.09062003179650238,0.0,3
Ang Maayong Magtutudlo,0.4575342465753425,1.9808219178082191,1.7068493150684931,1.3808219178082193,0.8136986301369863,0.4054794520547945,0.273972602739726,0.13972602739726028,0.29315068493150687,0.038356164383561646,0.005479452054794521,3
Ang Magig-agaw,0.42063492063492064,2.0,1.7063492063492063,1.507936507936508,0.8571428571428571,0.3492063492063492,0.2777777777777778,0.15873015873015872,0.25396825396825395,0.023809523809523808,0.007936507936507936,3
Ang Mahikang Kabayo,0.5302351623740201,2.008118701007839,1.7082866741321387,1.4048152295632699,0.8197088465845465,0.3838185890257559,0.2609182530795073,0.18896976483762598,0.3784994400895857,0.04731243001119821,0.0033594624860022394,3
Ang Mangtas ug ang mga Nawa na Kukis,0.4292682926829268,1.9658536585365853,1.6609756097560975,1.3390243902439025,0.7731707317073171,0.32682926829268294,0.22195121951219512,0.16829268292682928,0.32195121951219513,0.01707317073170732,0.0,3
Ang Mga Hayop sa Bukid,0.33663366336633666,2.1782178217821784,1.7722772277227723,1.5445544554455446,0.8811881188118812,0.32673267326732675,0.19801980198019803,0.1782178217821782,0.24752475247524752,0.0297029702970297,0.0,3
Ang Pamilya,0.4868421052631579,1.980263157894737,1.638157894736842,1.388157894736842,0.7039473684210527,0.3684210526315789,0.23684210526315788,0.11842105263157894,0.29605263157894735,0.019736842105263157,0.0,3
Ang Panaw nila Tiwi ug Boni,0.5566037735849056,2.1823899371069184,1.8867924528301887,1.6352201257861636,1.0031446540880504,0.46540880503144655,0.3584905660377358,0.27672955974842767,0.3742138364779874,0.03459119496855346,0.006289308176100629,3
Ang Pula na Sapatos,0.3829787234042553,1.9893617021276595,1.7234042553191489,1.553191489361702,0.9042553191489362,0.35106382978723405,0.22340425531914893,0.0851063829787234,0.1276595744680851,0.05319148936170213,0.0,3
Ang Puno-an sa Kinabuhi,0.366120218579235,1.8852459016393444,1.6010928961748634,1.2677595628415301,0.7213114754098361,0.2459016393442623,0.15846994535519127,0.12021857923497267,0.26229508196721313,0.02185792349726776,0.0,3
Ang Selosong Panganod,0.3796680497925311,2.0311203319502074,1.7240663900414939,1.5228215767634854,0.8900414937759336,0.3153526970954357,0.1887966804979253,0.17634854771784234,0.26141078838174275,0.01867219917012448,0.004149377593360996,3
Ang Tigre sa Trapiko,0.4841628959276018,1.9570135746606334,1.6809954751131222,1.3484162895927603,0.7352941176470589,0.3190045248868778,0.21945701357466063,0.1515837104072398,0.34841628959276016,0.029411764705882353,0.0,3
Ang Tiguwang nga Babaye ug ang Agila,0.43081312410841655,1.9115549215406562,1.5763195435092725,1.2624821683309557,0.7047075606276747,0.28815977175463625,0.1768901569186876,0.10841654778887304,0.2781740370898716,0.008559201141226819,0.0014265335235378032,3
Ang Tortillas ni Ana,0.45149253731343286,2.003731343283582,1.6305970149253732,1.376865671641791,0.7574626865671642,0.3843283582089552,0.2574626865671642,0.1417910447761194,0.2835820895522388,0.04477611940298507,0.0,3
Ang Uhaw nga Langgam,0.2967479674796748,1.991869918699187,1.6544715447154472,1.4796747967479675,0.8252032520325203,0.24796747967479674,0.12195121951219512,0.0975609756097561,0.17073170731707318,0.008130081300813009,0.0,3
Ang Unang Higala ni Iko,0.37209302325581395,1.972093023255814,1.6348837209302325,1.3581395348837209,0.7767441860465116,0.3209302325581395,0.23953488372093024,0.1372093023255814,0.24186046511627907,0.023255813953488372,0.0,3
Ang Utokang Baki,0.38382352941176473,2.038235294117647,1.738235294117647,1.4191176470588236,0.8382352941176471,0.32794117647058824,0.2338235294117647,0.12352941176470589,0.21764705882352942,0.022058823529411766,0.0,3
Ang Utukan nga Bata nga Lalaki ug ang Makalilisang Peligroso nga Hayop,0.4518413597733711,1.998583569405099,1.6713881019830028,1.3371104815864023,0.7691218130311614,0.330028328611898,0.18555240793201133,0.14022662889518414,0.311614730878187,0.0226628895184136,0.0,3
Ang Wala Gidahom nga Abyan,0.46098562628336753,1.9856262833675564,1.713552361396304,1.3480492813141685,0.8080082135523614,0.33880903490759756,0.24435318275154005,0.14681724845995894,0.33059548254620125,0.028747433264887063,0.004106776180698152,3
Ang-Plastik nga Bag ni Tok,0.5123456790123457,1.8611111111111112,1.5524691358024691,1.382716049382716,0.8209876543209876,0.37962962962962965,0.25,0.13580246913580246,0.3148148148148148,0.046296296296296294,0.0,3
Bakuna,0.44776119402985076,2.1791044776119404,1.7388059701492538,1.671641791044776,0.9477611940298507,0.3880597014925373,0.26119402985074625,0.14925373134328357,0.23880597014925373,0.029850746268656716,0.0,3
Bea ug Ming-su,0.34782608695652173,2.010869565217391,1.7173913043478262,1.2934782608695652,0.7391304347826086,0.29347826086956524,0.25,0.09782608695652174,0.2717391304347826,0.0,0.0,3
Emma,0.546875,2.0729166666666665,1.7395833333333333,1.3932291666666667,0.7864583333333334,0.4296875,0.2708333333333333,0.19791666666666666,0.4427083333333333,0.044270833333333336,0.0,3
Green Star,0.43863636363636366,2.0386363636363636,1.75,1.4704545454545455,0.8636363636363636,0.3568181818181818,0.2545454545454545,0.19090909090909092,0.27045454545454545,0.015909090909090907,0.0022727272727272726,3
Gusto ni Juliana nga Makabaton ug Binuhi,0.45323741007194246,2.1007194244604315,1.6618705035971224,1.5107913669064748,0.8057553956834532,0.3669064748201439,0.2589928057553957,0.1366906474820144,0.26618705035971224,0.050359712230215826,0.007194244604316547,3
Higala sa Nataran,0.4032258064516129,2.086021505376344,1.8279569892473118,1.5913978494623655,0.9032258064516129,0.34946236559139787,0.25806451612903225,0.15053763440860216,0.26344086021505375,0.026881720430107527,0.0,3
Higanteng Megapon,0.5642105263157895,2.014736842105263,1.68,1.52,0.8989473684210526,0.4631578947368421,0.3031578947368421,0.2231578947368421,0.37684210526315787,0.04631578947368421,0.0,3
Kapayas,0.3815789473684211,1.986842105263158,1.6907894736842106,1.4210526315789473,0.7960526315789473,0.28289473684210525,0.17105263157894737,0.09868421052631579,0.2236842105263158,0.019736842105263157,0.0,3
Khutrukke,0.45936395759717313,2.0335689045936394,1.704946996466431,1.431095406360424,0.8286219081272085,0.3621908127208481,0.25265017667844525,0.18374558303886926,0.3321554770318021,0.06007067137809187,0.0017667844522968198,3
Kung Moabot ang Baha,0.38578680203045684,1.8756345177664975,1.6598984771573604,1.3020304568527918,0.8299492385786802,0.33756345177664976,0.26649746192893403,0.08375634517766498,0.24619289340101522,0.015228426395939087,0.0,3
Lupad Agila Lupad,0.43086816720257237,2.0257234726688105,1.7331189710610932,1.3344051446945338,0.7877813504823151,0.24758842443729903,0.1864951768488746,0.1382636655948553,0.3536977491961415,0.01607717041800643,0.0,3
Magtutudlo,0.5073170731707317,2.1170731707317074,1.7804878048780488,1.4682926829268292,0.824390243902439,0.3804878048780488,0.22439024390243903,0.21951219512195122,0.33658536585365856,0.03902439024390244,0.0,3
Mapahiyumon na si Phoe Tar Lay,0.39789473684210525,1.8778947368421053,1.5747368421052632,1.2210526315789474,0.728421052631579,0.24421052631578946,0.1705263157894737,0.11368421052631579,0.2673684210526316,0.029473684210526315,0.0,3
May Torotot sa Kalubihan,0.3594864479315264,1.9472182596291012,1.6818830242510698,1.398002853067047,0.8302425106990015,0.29529243937232524,0.21968616262482168,0.1398002853067047,0.23537803138373753,0.011412268188302425,0.0014265335235378032,3
Mga Abyan sa Lasang,0.37402597402597404,1.948051948051948,1.6545454545454545,1.348051948051948,0.7740259740259741,0.2753246753246753,0.18961038961038962,0.11948051948051948,0.24935064935064935,0.005194805194805195,0.0,3
Misteryoso na Suba,0.47586206896551725,2.016551724137931,1.776551724137931,1.376551724137931,0.8262068965517242,0.3503448275862069,0.22620689655172413,0.15586206896551724,0.32413793103448274,0.028965517241379312,0.001379310344827586,3
Nagkita na gayod,0.42724097788125726,1.928987194412107,1.6449359720605354,1.3527357392316648,0.7881257275902211,0.36437718277066355,0.27357392316647267,0.12339930151338765,0.22351571594877764,0.010477299185098952,0.0,3
Nagtanom si Sophy ug Baktin,0.4384858044164038,1.864353312302839,1.5962145110410095,1.384858044164038,0.8454258675078864,0.3627760252365931,0.2807570977917981,0.17981072555205047,0.277602523659306,0.028391167192429023,0.0,3
Naka-iskor ug Goal si Elsa,0.5555555555555556,2.051282051282051,1.7222222222222223,1.3547008547008548,0.7991452991452992,0.44871794871794873,0.28205128205128205,0.1794871794871795,0.43162393162393164,0.038461538461538464,0.004273504273504274,3
Nakita sa Leon Iyang Kaugalingon,0.36962750716332377,1.8767908309455588,1.5787965616045845,1.2951289398280803,0.7148997134670487,0.24785100286532952,0.166189111747851,0.12893982808022922,0.24355300859598855,0.0071633237822349575,0.0028653295128939827,3
Nganong Nihilak si Ate Risa,0.47107438016528924,2.0330578512396693,1.7396694214876034,1.3471074380165289,0.8099173553719008,0.384297520661157,0.22727272727272727,0.16942148760330578,0.3305785123966942,0.05371900826446281,0.0,3
Paubos,0.362,1.932,1.664,1.272,0.786,0.284,0.198,0.132,0.242,0.018,0.0,3
Rambutans para ni Yaki,0.42560553633217996,1.9411764705882353,1.6747404844290656,1.301038062283737,0.7820069204152249,0.3217993079584775,0.21280276816608998,0.16262975778546712,0.29411764705882354,0.020761245674740483,0.0017301038062283738,3
Sa Akong Paglakaw lakaw,0.7,2.2,1.8636363636363635,1.690909090909091,1.009090909090909,0.5363636363636364,0.39090909090909093,0.2545454545454545,0.509090909090909,0.06363636363636363,0.0,3
Sa Baryo Kamayanan ug ang Sugilanon sa mga Gasayaw nga mga Kamot,0.47038327526132406,2.240418118466899,1.9721254355400697,1.8083623693379791,1.0418118466898956,0.41114982578397213,0.30662020905923343,0.1916376306620209,0.29965156794425085,0.0313588850174216,0.006968641114982578,3
Sa Sapa,0.1566265060240964,1.9397590361445782,1.6144578313253013,1.2409638554216869,0.6987951807228916,0.13253012048192772,0.0963855421686747,0.03614457831325301,0.07228915662650602,0.0,0.0,3
Salamat Ginoo,0.40425531914893614,1.9432624113475176,1.6099290780141844,1.3475177304964538,0.7730496453900709,0.2624113475177305,0.19858156028368795,0.1276595744680851,0.3120567375886525,0.0,0.0,3
Sapatos na Bulawan,0.37209302325581395,1.9573643410852712,1.6550387596899225,1.4108527131782946,0.7906976744186046,0.2868217054263566,0.20930232558139536,0.1124031007751938,0.21705426356589147,0.011627906976744186,0.0,3
Si Fatima ang i-spinner ug ang Tolda,0.4405086285195277,2.041780199818347,1.7620345140781108,1.3496821071752951,0.771117166212534,0.298819255222525,0.21798365122615804,0.15258855585831063,0.3387829246139873,0.018165304268846504,0.0018165304268846503,3
Si Iru ug Iring Nagkahigla,0.3953488372093023,1.930232558139535,1.6511627906976745,1.3604651162790697,0.7790697674418605,0.3023255813953488,0.26744186046511625,0.1511627906976744,0.29069767441860467,0.011627906976744186,0.0,3
Si melay at ang gulayan,0.5169082125603864,2.0628019323671496,1.7971014492753623,1.5458937198067633,0.9033816425120773,0.4106280193236715,0.30917874396135264,0.12077294685990338,0.2318840579710145,0.04830917874396135,0.0,3
Si Melay ug ang Tanaman sa Utanon,0.42574257425742573,2.0742574257425743,1.7227722772277227,1.603960396039604,0.8564356435643564,0.36633663366336633,0.24752475247524752,0.11386138613861387,0.22277227722772278,0.01485148514851485,0.009900990099009901,3
Si Oming ug Aning Amigas,0.3228346456692913,2.094488188976378,1.7559055118110236,1.4960629921259843,0.8740157480314961,0.2992125984251969,0.2283464566929134,0.10236220472440945,0.1889763779527559,0.015748031496062992,0.0,3
Si Pogi si Pogs ug ang Tora-tora,0.35201793721973096,1.9327354260089686,1.7264573991031391,1.3408071748878925,0.8340807174887892,0.289237668161435,0.21300448430493274,0.1031390134529148,0.19282511210762332,0.017937219730941704,0.0,3
Si Tamtam,0.4446902654867257,2.0287610619469025,1.7345132743362832,1.5066371681415929,0.915929203539823,0.40707964601769914,0.3141592920353982,0.21238938053097345,0.29867256637168144,0.02654867256637168,0.0022123893805309734,3
Si Toutou Gustong Moadto sa Ciudad,0.3805970149253731,2.0223880597014925,1.7164179104477613,1.3097014925373134,0.7649253731343284,0.2873134328358209,0.208955223880597,0.1455223880597015,0.26119402985074625,0.03731343283582089,0.0037313432835820895,3
Strawla Reyna sa mga Basura,0.5,1.953125,1.6903409090909092,1.3423295454545454,0.7954545454545454,0.3181818181818182,0.23011363636363635,0.15625,0.3877840909090909,0.06392045454545454,0.0014204545454545455,3
Tiaw Lang,0.41472868217054265,1.8979328165374676,1.6705426356589148,1.2609819121447028,0.7906976744186046,0.3397932816537468,0.2622739018087855,0.13953488372093023,0.2248062015503876,0.00516795865633075,0.0,3
Unsa kaha ko Pagdako,0.44274809160305345,1.9885496183206106,1.6488549618320612,1.3854961832061068,0.7786259541984732,0.366412213740458,0.24427480916030533,0.14885496183206107,0.26717557251908397,0.019083969465648856,0.0,3
Unsa kaha,0.44274809160305345,1.9885496183206106,1.6488549618320612,1.3854961832061068,0.7786259541984732,0.366412213740458,0.24427480916030533,0.14885496183206107,0.26717557251908397,0.019083969465648856,0.0,3
Wala Nahadlok si Ira,0.4319526627218935,1.9368836291913214,1.6074950690335306,1.3629191321499015,0.7692307692307693,0.32741617357001973,0.23076923076923078,0.16962524654832348,0.3076923076923077,0.03155818540433925,0.011834319526627219,3
